# Two-body Weber reference run
# m1=1.0  m2=1.0  q1=1.0  q2=-1.0  c=4.0
# q0=[-1.0, 0.0, 1.0, 0.0]
# p0=[0.0, -0.25, 0.0, 0.25]
# tspan=(0.0, 27.14080941082802)  (5 Kepler periods, T=5.428162)
# dt=1e-3  stride=10
# particle positions sampled every 10 steps
t	x1	y1	x2	y2
0.0000000000e+00	-1.0000000000e+00	0.0000000000e+00	1.0000000000e+00	0.0000000000e+00
1.0000000000e-02	-9.9998691402e-01	-2.4999891186e-03	9.9998691402e-01	2.4999891186e-03
2.0000000000e-02	-9.9994765564e-01	-4.9999128049e-03	9.9994765564e-01	4.9999128049e-03
3.0000000000e-02	-9.9988222347e-01	-7.4997056163e-03	9.9988222347e-01	7.4997056163e-03
4.0000000000e-02	-9.9979061521e-01	-9.9993020898e-03	9.9979061521e-01	9.9993020898e-03
5.0000000000e-02	-9.9967282766e-01	-1.2498636731e-02	9.9967282766e-01	1.2498636731e-02
6.0000000000e-02	-9.9952885668e-01	-1.4997644005e-02	9.9952885668e-01	1.4997644005e-02
7.0000000000e-02	-9.9935869721e-01	-1.7496258323e-02	9.9935869721e-01	1.7496258323e-02
8.0000000000e-02	-9.9916234328e-01	-1.9994414038e-02	9.9916234328e-01	1.9994414038e-02
9.0000000000e-02	-9.9893978799e-01	-2.2492045428e-02	9.9893978799e-01	2.2492045428e-02
1.0000000000e-01	-9.9869102351e-01	-2.4989086688e-02	9.9869102351e-01	2.4989086688e-02
1.1000000000e-01	-9.9841604111e-01	-2.7485471920e-02	9.9841604111e-01	2.7485471920e-02
1.2000000000e-01	-9.9811483111e-01	-2.9981135123e-02	9.9811483111e-01	2.9981135123e-02
1.3000000000e-01	-9.9778738289e-01	-3.2476010181e-02	9.9778738289e-01	3.2476010181e-02
1.4000000000e-01	-9.9743368494e-01	-3.4970030854e-02	9.9743368494e-01	3.4970030854e-02
1.5000000000e-01	-9.9705372479e-01	-3.7463130763e-02	9.9705372479e-01	3.7463130763e-02
1.6000000000e-01	-9.9664748903e-01	-3.9955243388e-02	9.9664748903e-01	3.9955243388e-02
1.7000000000e-01	-9.9621496333e-01	-4.2446302047e-02	9.9621496333e-01	4.2446302047e-02
1.8000000000e-01	-9.9575613240e-01	-4.4936239892e-02	9.9575613240e-01	4.4936239892e-02
1.9000000000e-01	-9.9527098003e-01	-4.7424989898e-02	9.9527098003e-01	4.7424989898e-02
2.0000000000e-01	-9.9475948904e-01	-4.9912484847e-02	9.9475948904e-01	4.9912484847e-02
2.1000000000e-01	-9.9422164132e-01	-5.2398657322e-02	9.9422164132e-01	5.2398657322e-02
2.2000000000e-01	-9.9365741779e-01	-5.4883439694e-02	9.9365741779e-01	5.4883439694e-02
2.3000000000e-01	-9.9306679843e-01	-5.7366764109e-02	9.9306679843e-01	5.7366764109e-02
2.4000000000e-01	-9.9244976225e-01	-5.9848562480e-02	9.9244976225e-01	5.9848562480e-02
2.5000000000e-01	-9.9180628728e-01	-6.2328766474e-02	9.9180628728e-01	6.2328766474e-02
2.6000000000e-01	-9.9113635063e-01	-6.4807307500e-02	9.9113635063e-01	6.4807307500e-02
2.7000000000e-01	-9.9043992837e-01	-6.7284116698e-02	9.9043992837e-01	6.7284116698e-02
2.8000000000e-01	-9.8971699565e-01	-6.9759124926e-02	9.8971699565e-01	6.9759124926e-02
2.9000000000e-01	-9.8896752660e-01	-7.2232262751e-02	9.8896752660e-01	7.2232262751e-02
3.0000000000e-01	-9.8819149438e-01	-7.4703460433e-02	9.8819149438e-01	7.4703460433e-02
3.1000000000e-01	-9.8738887115e-01	-7.7172647916e-02	9.8738887115e-01	7.7172647916e-02
3.2000000000e-01	-9.8655962809e-01	-7.9639754816e-02	9.8655962809e-01	7.9639754816e-02
3.3000000000e-01	-9.8570373534e-01	-8.2104710405e-02	9.8570373534e-01	8.2104710405e-02
3.4000000000e-01	-9.8482116205e-01	-8.4567443601e-02	9.8482116205e-01	8.4567443601e-02
3.5000000000e-01	-9.8391187638e-01	-8.7027882957e-02	9.8391187638e-01	8.7027882957e-02
3.6000000000e-01	-9.8297584542e-01	-8.9485956643e-02	9.8297584542e-01	8.9485956643e-02
3.7000000000e-01	-9.8201303526e-01	-9.1941592438e-02	9.8201303526e-01	9.1941592438e-02
3.8000000000e-01	-9.8102341095e-01	-9.4394717715e-02	9.8102341095e-01	9.4394717715e-02
3.9000000000e-01	-9.8000693649e-01	-9.6845259426e-02	9.8000693649e-01	9.6845259426e-02
4.0000000000e-01	-9.7896357485e-01	-9.9293144089e-02	9.7896357485e-01	9.9293144089e-02
4.1000000000e-01	-9.7789328792e-01	-1.0173829778e-01	9.7789328792e-01	1.0173829778e-01
4.2000000000e-01	-9.7679603654e-01	-1.0418064610e-01	9.7679603654e-01	1.0418064610e-01
4.3000000000e-01	-9.7567178047e-01	-1.0662011420e-01	9.7567178047e-01	1.0662011420e-01
4.4000000000e-01	-9.7452047840e-01	-1.0905662671e-01	9.7452047840e-01	1.0905662671e-01
4.5000000000e-01	-9.7334208791e-01	-1.1149010778e-01	9.7334208791e-01	1.1149010778e-01
4.6000000000e-01	-9.7213656551e-01	-1.1392048102e-01	9.7213656551e-01	1.1392048102e-01
4.7000000000e-01	-9.7090386658e-01	-1.1634766954e-01	9.7090386658e-01	1.1634766954e-01
4.8000000000e-01	-9.6964394540e-01	-1.1877159585e-01	9.6964394540e-01	1.1877159585e-01
4.9000000000e-01	-9.6835675512e-01	-1.2119218194e-01	9.6835675512e-01	1.2119218194e-01
5.0000000000e-01	-9.6704224775e-01	-1.2360934919e-01	9.6704224775e-01	1.2360934919e-01
5.1000000000e-01	-9.6570037417e-01	-1.2602301840e-01	9.6570037417e-01	1.2602301840e-01
5.2000000000e-01	-9.6433108409e-01	-1.2843310974e-01	9.6433108409e-01	1.2843310974e-01
5.3000000000e-01	-9.6293432605e-01	-1.3083954275e-01	9.6293432605e-01	1.3083954275e-01
5.4000000000e-01	-9.6151004744e-01	-1.3324223635e-01	9.6151004744e-01	1.3324223635e-01
5.5000000000e-01	-9.6005819445e-01	-1.3564110875e-01	9.6005819445e-01	1.3564110875e-01
5.6000000000e-01	-9.5857871205e-01	-1.3803607750e-01	9.5857871205e-01	1.3803607750e-01
5.7000000000e-01	-9.5707154403e-01	-1.4042705946e-01	9.5707154403e-01	1.4042705946e-01
5.8000000000e-01	-9.5553663294e-01	-1.4281397075e-01	9.5553663294e-01	1.4281397075e-01
5.9000000000e-01	-9.5397392011e-01	-1.4519672676e-01	9.5397392011e-01	1.4519672676e-01
6.0000000000e-01	-9.5238334561e-01	-1.4757524212e-01	9.5238334561e-01	1.4757524212e-01
6.1000000000e-01	-9.5076484825e-01	-1.4994943069e-01	9.5076484825e-01	1.4994943069e-01
6.2000000000e-01	-9.4911836558e-01	-1.5231920551e-01	9.4911836558e-01	1.5231920551e-01
6.3000000000e-01	-9.4744383384e-01	-1.5468447882e-01	9.4744383384e-01	1.5468447882e-01
6.4000000000e-01	-9.4574118799e-01	-1.5704516203e-01	9.4574118799e-01	1.5704516203e-01
6.5000000000e-01	-9.4401036166e-01	-1.5940116567e-01	9.4401036166e-01	1.5940116567e-01
6.6000000000e-01	-9.4225128717e-01	-1.6175239941e-01	9.4225128717e-01	1.6175239941e-01
6.7000000000e-01	-9.4046389546e-01	-1.6409877198e-01	9.4046389546e-01	1.6409877198e-01
6.8000000000e-01	-9.3864811614e-01	-1.6644019123e-01	9.3864811614e-01	1.6644019123e-01
6.9000000000e-01	-9.3680387743e-01	-1.6877656402e-01	9.3680387743e-01	1.6877656402e-01
7.0000000000e-01	-9.3493110616e-01	-1.7110779627e-01	9.3493110616e-01	1.7110779627e-01
7.1000000000e-01	-9.3302972774e-01	-1.7343379287e-01	9.3302972774e-01	1.7343379287e-01
7.2000000000e-01	-9.3109966617e-01	-1.7575445771e-01	9.3109966617e-01	1.7575445771e-01
7.3000000000e-01	-9.2914084399e-01	-1.7806969364e-01	9.2914084399e-01	1.7806969364e-01
7.4000000000e-01	-9.2715318229e-01	-1.8037940240e-01	9.2715318229e-01	1.8037940240e-01
7.5000000000e-01	-9.2513660066e-01	-1.8268348467e-01	9.2513660066e-01	1.8268348467e-01
7.6000000000e-01	-9.2309101722e-01	-1.8498183999e-01	9.2309101722e-01	1.8498183999e-01
7.7000000000e-01	-9.2101634853e-01	-1.8727436672e-01	9.2101634853e-01	1.8727436672e-01
7.8000000000e-01	-9.1891250965e-01	-1.8956096207e-01	9.1891250965e-01	1.8956096207e-01
7.9000000000e-01	-9.1677941405e-01	-1.9184152203e-01	9.1677941405e-01	1.9184152203e-01
8.0000000000e-01	-9.1461697364e-01	-1.9411594133e-01	9.1461697364e-01	1.9411594133e-01
8.1000000000e-01	-9.1242509871e-01	-1.9638411345e-01	9.1242509871e-01	1.9638411345e-01
8.2000000000e-01	-9.1020369794e-01	-1.9864593054e-01	9.1020369794e-01	1.9864593054e-01
8.3000000000e-01	-9.0795267836e-01	-2.0090128344e-01	9.0795267836e-01	2.0090128344e-01
8.4000000000e-01	-9.0567194532e-01	-2.0315006161e-01	9.0567194532e-01	2.0315006161e-01
8.5000000000e-01	-9.0336140250e-01	-2.0539215309e-01	9.0336140250e-01	2.0539215309e-01
8.6000000000e-01	-9.0102095182e-01	-2.0762744451e-01	9.0102095182e-01	2.0762744451e-01
8.7000000000e-01	-8.9865049351e-01	-2.0985582100e-01	8.9865049351e-01	2.0985582100e-01
8.8000000000e-01	-8.9624992599e-01	-2.1207716620e-01	8.9624992599e-01	2.1207716620e-01
8.9000000000e-01	-8.9381914591e-01	-2.1429136219e-01	8.9381914591e-01	2.1429136219e-01
9.0000000000e-01	-8.9135804809e-01	-2.1649828946e-01	8.9135804809e-01	2.1649828946e-01
9.1000000000e-01	-8.8886652549e-01	-2.1869782688e-01	8.8886652549e-01	2.1869782688e-01
9.2000000000e-01	-8.8634446922e-01	-2.2088985165e-01	8.8634446922e-01	2.2088985165e-01
9.3000000000e-01	-8.8379176847e-01	-2.2307423927e-01	8.8379176847e-01	2.2307423927e-01
9.4000000000e-01	-8.8120831049e-01	-2.2525086348e-01	8.8120831049e-01	2.2525086348e-01
9.5000000000e-01	-8.7859398057e-01	-2.2741959621e-01	8.7859398057e-01	2.2741959621e-01
9.6000000000e-01	-8.7594866200e-01	-2.2958030758e-01	8.7594866200e-01	2.2958030758e-01
9.7000000000e-01	-8.7327223606e-01	-2.3173286580e-01	8.7327223606e-01	2.3173286580e-01
9.8000000000e-01	-8.7056458194e-01	-2.3387713714e-01	8.7056458194e-01	2.3387713714e-01
9.9000000000e-01	-8.6782557676e-01	-2.3601298590e-01	8.6782557676e-01	2.3601298590e-01
1.0000000000e+00	-8.6505509550e-01	-2.3814027433e-01	8.6505509550e-01	2.3814027433e-01
1.0100000000e+00	-8.6225301098e-01	-2.4025886260e-01	8.6225301098e-01	2.4025886260e-01
1.0200000000e+00	-8.5941919381e-01	-2.4236860872e-01	8.5941919381e-01	2.4236860872e-01
1.0300000000e+00	-8.5655351237e-01	-2.4446936853e-01	8.5655351237e-01	2.4446936853e-01
1.0400000000e+00	-8.5365583278e-01	-2.4656099559e-01	8.5365583278e-01	2.4656099559e-01
1.0500000000e+00	-8.5072601882e-01	-2.4864334116e-01	8.5072601882e-01	2.4864334116e-01
1.0600000000e+00	-8.4776393193e-01	-2.5071625411e-01	8.4776393193e-01	2.5071625411e-01
1.0700000000e+00	-8.4476943115e-01	-2.5277958089e-01	8.4476943115e-01	2.5277958089e-01
1.0800000000e+00	-8.4174237309e-01	-2.5483316542e-01	8.4174237309e-01	2.5483316542e-01
1.0900000000e+00	-8.3868261186e-01	-2.5687684909e-01	8.3868261186e-01	2.5687684909e-01
1.1000000000e+00	-8.3558999906e-01	-2.5891047061e-01	8.3558999906e-01	2.5891047061e-01
1.1100000000e+00	-8.3246438373e-01	-2.6093386602e-01	8.3246438373e-01	2.6093386602e-01
1.1200000000e+00	-8.2930561226e-01	-2.6294686856e-01	8.2930561226e-01	2.6294686856e-01
1.1300000000e+00	-8.2611352841e-01	-2.6494930861e-01	8.2611352841e-01	2.6494930861e-01
1.1400000000e+00	-8.2288797320e-01	-2.6694101362e-01	8.2288797320e-01	2.6694101362e-01
1.1500000000e+00	-8.1962878489e-01	-2.6892180803e-01	8.1962878489e-01	2.6892180803e-01
1.1600000000e+00	-8.1633579892e-01	-2.7089151318e-01	8.1633579892e-01	2.7089151318e-01
1.1700000000e+00	-8.1300884787e-01	-2.7284994721e-01	8.1300884787e-01	2.7284994721e-01
1.1800000000e+00	-8.0964776139e-01	-2.7479692503e-01	8.0964776139e-01	2.7479692503e-01
1.1900000000e+00	-8.0625236613e-01	-2.7673225814e-01	8.0625236613e-01	2.7673225814e-01
1.2000000000e+00	-8.0282248572e-01	-2.7865575460e-01	8.0282248572e-01	2.7865575460e-01
1.2100000000e+00	-7.9935794068e-01	-2.8056721893e-01	7.9935794068e-01	2.8056721893e-01
1.2200000000e+00	-7.9585854838e-01	-2.8246645198e-01	7.9585854838e-01	2.8246645198e-01
1.2300000000e+00	-7.9232412295e-01	-2.8435325083e-01	7.9232412295e-01	2.8435325083e-01
1.2400000000e+00	-7.8875447524e-01	-2.8622740870e-01	7.8875447524e-01	2.8622740870e-01
1.2500000000e+00	-7.8514941275e-01	-2.8808871482e-01	7.8514941275e-01	2.8808871482e-01
1.2600000000e+00	-7.8150873954e-01	-2.8993695435e-01	7.8150873954e-01	2.8993695435e-01
1.2700000000e+00	-7.7783225619e-01	-2.9177190818e-01	7.7783225619e-01	2.9177190818e-01
1.2800000000e+00	-7.7411975970e-01	-2.9359335291e-01	7.7411975970e-01	2.9359335291e-01
1.2900000000e+00	-7.7037104346e-01	-2.9540106063e-01	7.7037104346e-01	2.9540106063e-01
1.3000000000e+00	-7.6658589712e-01	-2.9719479885e-01	7.6658589712e-01	2.9719479885e-01
1.3100000000e+00	-7.6276410652e-01	-2.9897433031e-01	7.6276410652e-01	2.9897433031e-01
1.3200000000e+00	-7.5890545367e-01	-3.0073941289e-01	7.5890545367e-01	3.0073941289e-01
1.3300000000e+00	-7.5500971657e-01	-3.0248979941e-01	7.5500971657e-01	3.0248979941e-01
1.3400000000e+00	-7.5107666921e-01	-3.0422523751e-01	7.5107666921e-01	3.0422523751e-01
1.3500000000e+00	-7.4710608145e-01	-3.0594546946e-01	7.4710608145e-01	3.0594546946e-01
1.3600000000e+00	-7.4309771889e-01	-3.0765023203e-01	7.4309771889e-01	3.0765023203e-01
1.3700000000e+00	-7.3905134286e-01	-3.0933925629e-01	7.3905134286e-01	3.0933925629e-01
1.3800000000e+00	-7.3496671025e-01	-3.1101226742e-01	7.3496671025e-01	3.1101226742e-01
1.3900000000e+00	-7.3084357344e-01	-3.1266898457e-01	7.3084357344e-01	3.1266898457e-01
1.4000000000e+00	-7.2668168020e-01	-3.1430912060e-01	7.2668168020e-01	3.1430912060e-01
1.4100000000e+00	-7.2248077360e-01	-3.1593238193e-01	7.2248077360e-01	3.1593238193e-01
1.4200000000e+00	-7.1824059185e-01	-3.1753846831e-01	7.1824059185e-01	3.1753846831e-01
1.4300000000e+00	-7.1396086826e-01	-3.1912707259e-01	7.1396086826e-01	3.1912707259e-01
1.4400000000e+00	-7.0964133106e-01	-3.2069788052e-01	7.0964133106e-01	3.2069788052e-01
1.4500000000e+00	-7.0528170334e-01	-3.2225057049e-01	7.0528170334e-01	3.2225057049e-01
1.4600000000e+00	-7.0088170286e-01	-3.2378481328e-01	7.0088170286e-01	3.2378481328e-01
1.4700000000e+00	-6.9644104200e-01	-3.2530027181e-01	6.9644104200e-01	3.2530027181e-01
1.4800000000e+00	-6.9195942758e-01	-3.2679660090e-01	6.9195942758e-01	3.2679660090e-01
1.4900000000e+00	-6.8743656074e-01	-3.2827344691e-01	6.8743656074e-01	3.2827344691e-01
1.5000000000e+00	-6.8287213681e-01	-3.2973044754e-01	6.8287213681e-01	3.2973044754e-01
1.5100000000e+00	-6.7826584517e-01	-3.3116723147e-01	6.7826584517e-01	3.3116723147e-01
1.5200000000e+00	-6.7361736909e-01	-3.3258341804e-01	6.7361736909e-01	3.3258341804e-01
1.5300000000e+00	-6.6892638557e-01	-3.3397861697e-01	6.6892638557e-01	3.3397861697e-01
1.5400000000e+00	-6.6419256525e-01	-3.3535242793e-01	6.6419256525e-01	3.3535242793e-01
1.5500000000e+00	-6.5941557215e-01	-3.3670444023e-01	6.5941557215e-01	3.3670444023e-01
1.5600000000e+00	-6.5459506359e-01	-3.3803423246e-01	6.5459506359e-01	3.3803423246e-01
1.5700000000e+00	-6.4973068999e-01	-3.3934137204e-01	6.4973068999e-01	3.3934137204e-01
1.5800000000e+00	-6.4482209467e-01	-3.4062541481e-01	6.4482209467e-01	3.4062541481e-01
1.5900000000e+00	-6.3986891372e-01	-3.4188590464e-01	6.3986891372e-01	3.4188590464e-01
1.6000000000e+00	-6.3487077578e-01	-3.4312237293e-01	6.3487077578e-01	3.4312237293e-01
1.6100000000e+00	-6.2982730184e-01	-3.4433433816e-01	6.2982730184e-01	3.4433433816e-01
1.6200000000e+00	-6.2473810506e-01	-3.4552130535e-01	6.2473810506e-01	3.4552130535e-01
1.6300000000e+00	-6.1960279058e-01	-3.4668276559e-01	6.1960279058e-01	3.4668276559e-01
1.6400000000e+00	-6.1442095527e-01	-3.4781819544e-01	6.1442095527e-01	3.4781819544e-01
1.6500000000e+00	-6.0919218756e-01	-3.4892705637e-01	6.0919218756e-01	3.4892705637e-01
1.6600000000e+00	-6.0391606715e-01	-3.5000879417e-01	6.0391606715e-01	3.5000879417e-01
1.6700000000e+00	-5.9859216486e-01	-3.5106283827e-01	5.9859216486e-01	3.5106283827e-01
1.6800000000e+00	-5.9322004233e-01	-3.5208860111e-01	5.9322004233e-01	3.5208860111e-01
1.6900000000e+00	-5.8779925179e-01	-3.5308547740e-01	5.8779925179e-01	3.5308547740e-01
1.7000000000e+00	-5.8232933584e-01	-3.5405284342e-01	5.8232933584e-01	3.5405284342e-01
1.7100000000e+00	-5.7680982713e-01	-3.5499005616e-01	5.7680982713e-01	3.5499005616e-01
1.7200000000e+00	-5.7124024813e-01	-3.5589645261e-01	5.7124024813e-01	3.5589645261e-01
1.7300000000e+00	-5.6562011087e-01	-3.5677134877e-01	5.6562011087e-01	3.5677134877e-01
1.7400000000e+00	-5.5994891661e-01	-3.5761403883e-01	5.5994891661e-01	3.5761403883e-01
1.7500000000e+00	-5.5422615558e-01	-3.5842379414e-01	5.5422615558e-01	3.5842379414e-01
1.7600000000e+00	-5.4845130665e-01	-3.5919986222e-01	5.4845130665e-01	3.5919986222e-01
1.7700000000e+00	-5.4262383706e-01	-3.5994146569e-01	5.4262383706e-01	3.5994146569e-01
1.7800000000e+00	-5.3674320207e-01	-3.6064780109e-01	5.3674320207e-01	3.6064780109e-01
1.7900000000e+00	-5.3080884466e-01	-3.6131803771e-01	5.3080884466e-01	3.6131803771e-01
1.8000000000e+00	-5.2482019515e-01	-3.6195131632e-01	5.2482019515e-01	3.6195131632e-01
1.8100000000e+00	-5.1877667090e-01	-3.6254674777e-01	5.1877667090e-01	3.6254674777e-01
1.8200000000e+00	-5.1267767595e-01	-3.6310341163e-01	5.1267767595e-01	3.6310341163e-01
1.8300000000e+00	-5.0652260064e-01	-3.6362035459e-01	5.0652260064e-01	3.6362035459e-01
1.8400000000e+00	-5.0031082127e-01	-3.6409658892e-01	5.0031082127e-01	3.6409658892e-01
1.8500000000e+00	-4.9404169970e-01	-3.6453109074e-01	4.9404169970e-01	3.6453109074e-01
1.8600000000e+00	-4.8771458299e-01	-3.6492279816e-01	4.8771458299e-01	3.6492279816e-01
1.8700000000e+00	-4.8132880299e-01	-3.6527060942e-01	4.8132880299e-01	3.6527060942e-01
1.8800000000e+00	-4.7488367596e-01	-3.6557338077e-01	4.7488367596e-01	3.6557338077e-01
1.8900000000e+00	-4.6837850219e-01	-3.6582992431e-01	4.6837850219e-01	3.6582992431e-01
1.9000000000e+00	-4.6181256556e-01	-3.6603900566e-01	4.6181256556e-01	3.6603900566e-01
1.9100000000e+00	-4.5518513317e-01	-3.6619934146e-01	4.5518513317e-01	3.6619934146e-01
1.9200000000e+00	-4.4849545493e-01	-3.6630959673e-01	4.4849545493e-01	3.6630959673e-01
1.9300000000e+00	-4.4174276315e-01	-3.6636838199e-01	4.4174276315e-01	3.6636838199e-01
1.9400000000e+00	-4.3492627217e-01	-3.6637425029e-01	4.3492627217e-01	3.6637425029e-01
1.9500000000e+00	-4.2804517794e-01	-3.6632569392e-01	4.2804517794e-01	3.6632569392e-01
1.9600000000e+00	-4.2109865768e-01	-3.6622114096e-01	4.2109865768e-01	3.6622114096e-01
1.9700000000e+00	-4.1408586950e-01	-3.6605895152e-01	4.1408586950e-01	3.6605895152e-01
1.9800000000e+00	-4.0700595207e-01	-3.6583741379e-01	4.0700595207e-01	3.6583741379e-01
1.9900000000e+00	-3.9985802430e-01	-3.6555473972e-01	3.9985802430e-01	3.6555473972e-01
2.0000000000e+00	-3.9264118507e-01	-3.6520906041e-01	3.9264118507e-01	3.6520906041e-01
2.0100000000e+00	-3.8535451300e-01	-3.6479842118e-01	3.8535451300e-01	3.6479842118e-01
2.0200000000e+00	-3.7799706626e-01	-3.6432077619e-01	3.7799706626e-01	3.6432077619e-01
2.0300000000e+00	-3.7056788244e-01	-3.6377398272e-01	3.7056788244e-01	3.6377398272e-01
2.0400000000e+00	-3.6306597853e-01	-3.6315579492e-01	3.6306597853e-01	3.6315579492e-01
2.0500000000e+00	-3.5549035094e-01	-3.6246385717e-01	3.5549035094e-01	3.6246385717e-01
2.0600000000e+00	-3.4783997567e-01	-3.6169569676e-01	3.4783997567e-01	3.6169569676e-01
2.0700000000e+00	-3.4011380860e-01	-3.6084871609e-01	3.4011380860e-01	3.6084871609e-01
2.0800000000e+00	-3.3231078593e-01	-3.5992018417e-01	3.3231078593e-01	3.5992018417e-01
2.0900000000e+00	-3.2442982483e-01	-3.5890722739e-01	3.2442982483e-01	3.5890722739e-01
2.1000000000e+00	-3.1646982426e-01	-3.5780681953e-01	3.1646982426e-01	3.5780681953e-01
2.1100000000e+00	-3.0842966614e-01	-3.5661577090e-01	3.0842966614e-01	3.5661577090e-01
2.1200000000e+00	-3.0030821674e-01	-3.5533071650e-01	3.0030821674e-01	3.5533071650e-01
2.1300000000e+00	-2.9210432851e-01	-3.5394810314e-01	2.9210432851e-01	3.5394810314e-01
2.1400000000e+00	-2.8381684233e-01	-3.5246417541e-01	2.8381684233e-01	3.5246417541e-01
2.1500000000e+00	-2.7544459024e-01	-3.5087496036e-01	2.7544459024e-01	3.5087496036e-01
2.1600000000e+00	-2.6698639889e-01	-3.4917625074e-01	2.6698639889e-01	3.4917625074e-01
2.1700000000e+00	-2.5844109361e-01	-3.4736358672e-01	2.5844109361e-01	3.4736358672e-01
2.1800000000e+00	-2.4980750344e-01	-3.4543223581e-01	2.4980750344e-01	3.4543223581e-01
2.1900000000e+00	-2.4108446716e-01	-3.4337717092e-01	2.4108446716e-01	3.4337717092e-01
2.2000000000e+00	-2.3227084053e-01	-3.4119304624e-01	2.3227084053e-01	3.4119304624e-01
2.2100000000e+00	-2.2336550508e-01	-3.3887417082e-01	2.2336550508e-01	3.3887417082e-01
2.2200000000e+00	-2.1436737856e-01	-3.3641447950e-01	2.1436737856e-01	3.3641447950e-01
2.2300000000e+00	-2.0527542754e-01	-3.3380750098e-01	2.0527542754e-01	3.3380750098e-01
2.2400000000e+00	-1.9608868249e-01	-3.3104632268e-01	1.9608868249e-01	3.3104632268e-01
2.2500000000e+00	-1.8680625584e-01	-3.2812355217e-01	1.8680625584e-01	3.2812355217e-01
2.2600000000e+00	-1.7742736369e-01	-3.2503127461e-01	1.7742736369e-01	3.2503127461e-01
2.2700000000e+00	-1.6795135173e-01	-3.2176100611e-01	1.6795135173e-01	3.2176100611e-01
2.2800000000e+00	-1.5837772646e-01	-3.1830364232e-01	1.5837772646e-01	3.1830364232e-01
2.2900000000e+00	-1.4870619253e-01	-3.1464940220e-01	1.4870619253e-01	3.1464940220e-01
2.3000000000e+00	-1.3893669778e-01	-3.1078776628e-01	1.3893669778e-01	3.1078776628e-01
2.3100000000e+00	-1.2906948721e-01	-3.0670740933e-01	1.2906948721e-01	3.0670740933e-01
2.3200000000e+00	-1.1910516812e-01	-3.0239612712e-01	1.1910516812e-01	3.0239612712e-01
2.3300000000e+00	-1.0904478845e-01	-2.9784075721e-01	1.0904478845e-01	2.9784075721e-01
2.3400000000e+00	-9.8889931387e-02	-2.9302709401e-01	9.8889931387e-02	2.9302709401e-01
2.3500000000e+00	-8.8642829460e-02	-2.8793979856e-01	8.8642829460e-02	2.8793979856e-01
2.3600000000e+00	-7.8306502283e-02	-2.8256230445e-01	7.8306502283e-02	2.8256230445e-01
2.3700000000e+00	-6.7884922905e-02	-2.7687672166e-01	6.7884922905e-02	2.7687672166e-01
2.3800000000e+00	-5.7383218510e-02	-2.7086374187e-01	5.7383218510e-02	2.7086374187e-01
2.3900000000e+00	-4.6807912277e-02	-2.6450255036e-01	4.6807912277e-02	2.6450255036e-01
2.4000000000e+00	-3.6167214093e-02	-2.5777075218e-01	3.6167214093e-02	2.5777075218e-01
2.4100000000e+00	-2.5471368565e-02	-2.5064432432e-01	2.5471368565e-02	2.5064432432e-01
2.4200000000e+00	-1.4733069032e-02	-2.4309761019e-01	1.4733069032e-02	2.4309761019e-01
2.4300000000e+00	-3.9679454758e-03	-2.3510337999e-01	3.9679454758e-03	2.3510337999e-01
2.4400000000e+00	6.8048683589e-03	-2.2663298949e-01	-6.8048683589e-03	2.2663298949e-01
2.4500000000e+00	1.7562089124e-02	-2.1765668102e-01	-1.7562089124e-02	2.1765668102e-01
2.4600000000e+00	2.8275570650e-02	-2.0814408423e-01	-2.8275570650e-02	2.0814408423e-01
2.4700000000e+00	3.8911553169e-02	-1.9806498826e-01	-3.8911553169e-02	1.9806498826e-01
2.4800000000e+00	4.9429933860e-02	-1.8739046796e-01	-4.9429933860e-02	1.8739046796e-01
2.4900000000e+00	5.9783659415e-02	-1.7609444796e-01	-5.9783659415e-02	1.7609444796e-01
2.5000000000e+00	6.9918394837e-02	-1.6415576581e-01	-6.9918394837e-02	1.6415576581e-01
2.5100000000e+00	7.9772678332e-02	-1.5156073198e-01	-7.9772678332e-02	1.5156073198e-01
2.5200000000e+00	8.9278804874e-02	-1.3830605945e-01	-8.9278804874e-02	1.3830605945e-01
2.5300000000e+00	9.8364644728e-02	-1.2440184307e-01	-9.8364644728e-02	1.2440184307e-01
2.5400000000e+00	1.0695644030e-01	-1.0987404618e-01	-1.0695644030e-01	1.0987404618e-01
2.5500000000e+00	1.1498230969e-01	-9.4765809604e-02	-1.1498230969e-01	9.4765809604e-02
2.5600000000e+00	1.2237580880e-01	-7.9137013560e-02	-1.2237580880e-01	7.9137013560e-02
2.5700000000e+00	1.2907872874e-01	-6.3062009008e-02	-1.2907872874e-01	6.3062009008e-02
2.5800000000e+00	1.3504263477e-01	-4.6626125505e-02	-1.3504263477e-01	4.6626125505e-02
2.5900000000e+00	1.4022945373e-01	-2.9921952125e-02	-1.4022945373e-01	2.9921952125e-02
2.6000000000e+00	1.4461206694e-01	-1.3046053495e-02	-1.4461206694e-01	1.3046053495e-02
2.6100000000e+00	1.4817563835e-01	3.9040111629e-03	-1.4817563835e-01	-3.9040111629e-03
2.6200000000e+00	1.5091939539e-01	2.0832922953e-02	-1.5091939539e-01	-2.0832922953e-02
2.6300000000e+00	1.5285775885e-01	3.7651277195e-02	-1.5285775885e-01	-3.7651277195e-02
2.6400000000e+00	1.5401984246e-01	5.4279189942e-02	-1.5401984246e-01	-5.4279189942e-02
2.6500000000e+00	1.5444716800e-01	7.0649038177e-02	-1.5444716800e-01	-7.0649038177e-02
2.6600000000e+00	1.5419020683e-01	8.6706808977e-02	-1.5419020683e-01	-8.6706808977e-02
2.6700000000e+00	1.5330461739e-01	1.0241203277e-01	-1.5330461739e-01	-1.0241203277e-01
2.6800000000e+00	1.5184787089e-01	1.1773664306e-01	-1.5184787089e-01	-1.1773664306e-01
2.6900000000e+00	1.4987662246e-01	1.3266322538e-01	-1.4987662246e-01	-1.3266322538e-01
2.7000000000e+00	1.4744489805e-01	1.4718305929e-01	-1.4744489805e-01	-1.4718305929e-01
2.7100000000e+00	1.4460299912e-01	1.6129422841e-01	-1.4460299912e-01	-1.6129422841e-01
2.7200000000e+00	1.4139696248e-01	1.7499994790e-01	-1.4139696248e-01	-1.7499994790e-01
2.7300000000e+00	1.3786841064e-01	1.8830716669e-01	-1.3786841064e-01	-1.8830716669e-01
2.7400000000e+00	1.3405465500e-01	2.0122544526e-01	-1.3405465500e-01	-2.0122544526e-01
2.7500000000e+00	1.2998894834e-01	2.1376608128e-01	-1.2998894834e-01	-2.1376608128e-01
2.7600000000e+00	1.2570081408e-01	2.2594144422e-01	-1.2570081408e-01	-2.2594144422e-01
2.7700000000e+00	1.2121640490e-01	2.3776447898e-01	-1.2121640490e-01	-2.3776447898e-01
2.7800000000e+00	1.1655886077e-01	2.4924834259e-01	-1.1655886077e-01	-2.4924834259e-01
2.7900000000e+00	1.1174864948e-01	2.6040614351e-01	-1.1174864948e-01	-2.6040614351e-01
2.8000000000e+00	1.0680388064e-01	2.7125075874e-01	-1.0680388064e-01	-2.7125075874e-01
2.8100000000e+00	1.0174058946e-01	2.8179470942e-01	-1.0174058946e-01	-2.8179470942e-01
2.8200000000e+00	9.6572989669e-02	2.9205007972e-01	-9.6572989669e-02	-2.9205007972e-01
2.8300000000e+00	9.1313697054e-02	3.0202846766e-01	-9.1313697054e-02	-3.0202846766e-01
2.8400000000e+00	8.5973925605e-02	3.1174095900e-01	-8.5973925605e-02	-3.1174095900e-01
2.8500000000e+00	8.0563659063e-02	3.2119811782e-01	-8.0563659063e-02	-3.2119811782e-01
2.8600000000e+00	7.5091800525e-02	3.3040998882e-01	-7.5091800525e-02	-3.3040998882e-01
2.8700000000e+00	6.9566302735e-02	3.3938610772e-01	-6.9566302735e-02	-3.3938610772e-01
2.8800000000e+00	6.3994281496e-02	3.4813551721e-01	-6.3994281496e-02	-3.4813551721e-01
2.8900000000e+00	5.8382114405e-02	3.5666678635e-01	-5.8382114405e-02	-3.5666678635e-01
2.9000000000e+00	5.2735526850e-02	3.6498803206e-01	-5.2735526850e-02	-3.6498803206e-01
2.9100000000e+00	4.7059666986e-02	3.7310694165e-01	-4.7059666986e-02	-3.7310694165e-01
2.9200000000e+00	4.1359171180e-02	3.8103079577e-01	-4.1359171180e-02	-3.8103079577e-01
2.9300000000e+00	3.5638221221e-02	3.8876649103e-01	-3.5638221221e-02	-3.8876649103e-01
2.9400000000e+00	2.9900594399e-02	3.9632056213e-01	-2.9900594399e-02	-3.9632056213e-01
2.9500000000e+00	2.4149707416e-02	4.0369920329e-01	-2.4149707416e-02	-4.0369920329e-01
2.9600000000e+00	1.8388654970e-02	4.1090828856e-01	-1.8388654970e-02	-4.1090828856e-01
2.9700000000e+00	1.2620243689e-02	4.1795339133e-01	-1.2620243689e-02	-4.1795339133e-01
2.9800000000e+00	6.8470220615e-03	4.2483980257e-01	-6.8470220615e-03	-4.2483980257e-01
2.9900000000e+00	1.0713068574e-03	4.3157254820e-01	-1.0713068574e-03	-4.3157254820e-01
3.0000000000e+00	-4.7047934928e-03	4.3815640525e-01	4.7047934928e-03	-4.3815640525e-01
3.0100000000e+00	-1.0479358177e-02	4.4459591709e-01	1.0479358177e-02	-4.4459591709e-01
3.0200000000e+00	-1.6250635604e-02	4.5089540766e-01	1.6250635604e-02	-4.5089540766e-01
3.0300000000e+00	-2.2017027042e-02	4.5705899475e-01	2.2017027042e-02	-4.5705899475e-01
3.0400000000e+00	-2.7777072038e-02	4.6309060242e-01	2.7777072038e-02	-4.6309060242e-01
3.0500000000e+00	-3.3529435408e-02	4.6899397259e-01	3.3529435408e-02	-4.6899397259e-01
3.0600000000e+00	-3.9272895603e-02	4.7477267582e-01	3.9272895603e-02	-4.7477267582e-01
3.0700000000e+00	-4.5006334296e-02	4.8043012138e-01	4.5006334296e-02	-4.8043012138e-01
3.0800000000e+00	-5.0728727039e-02	4.8596956667e-01	5.0728727039e-02	-4.8596956667e-01
3.0900000000e+00	-5.6439134876e-02	4.9139412596e-01	5.6439134876e-02	-4.9139412596e-01
3.1000000000e+00	-6.2136696791e-02	4.9670677856e-01	6.2136696791e-02	-4.9670677856e-01
3.1100000000e+00	-6.7820622912e-02	5.0191037646e-01	6.7820622912e-02	-5.0191037646e-01
3.1200000000e+00	-7.3490188374e-02	5.0700765141e-01	7.3490188374e-02	-5.0700765141e-01
3.1300000000e+00	-7.9144727776e-02	5.1200122163e-01	7.9144727776e-02	-5.1200122163e-01
3.1400000000e+00	-8.4783630168e-02	5.1689359796e-01	8.4783630168e-02	-5.1689359796e-01
3.1500000000e+00	-9.0406334507e-02	5.2168718968e-01	9.0406334507e-02	-5.2168718968e-01
3.1600000000e+00	-9.6012325534e-02	5.2638430995e-01	9.6012325534e-02	-5.2638430995e-01
3.1700000000e+00	-1.0160113004e-01	5.3098718088e-01	1.0160113004e-01	-5.3098718088e-01
3.1800000000e+00	-1.0717231345e-01	5.3549793829e-01	1.0717231345e-01	-5.3549793829e-01
3.1900000000e+00	-1.1272547673e-01	5.3991863614e-01	1.1272547673e-01	-5.3991863614e-01
3.2000000000e+00	-1.1826025357e-01	5.4425125074e-01	1.1826025357e-01	-5.4425125074e-01
3.2100000000e+00	-1.2377630781e-01	5.4849768467e-01	1.2377630781e-01	-5.4849768467e-01
3.2200000000e+00	-1.2927333107e-01	5.5265977040e-01	1.2927333107e-01	-5.5265977040e-01
3.2300000000e+00	-1.3475104059e-01	5.5673927381e-01	1.3475104059e-01	-5.5673927381e-01
3.2400000000e+00	-1.4020917731e-01	5.6073789740e-01	1.4020917731e-01	-5.6073789740e-01
3.2500000000e+00	-1.4564750400e-01	5.6465728334e-01	1.4564750400e-01	-5.6465728334e-01
3.2600000000e+00	-1.5106580365e-01	5.6849901635e-01	1.5106580365e-01	-5.6849901635e-01
3.2700000000e+00	-1.5646387793e-01	5.7226462640e-01	1.5646387793e-01	-5.7226462640e-01
3.2800000000e+00	-1.6184154581e-01	5.7595559127e-01	1.6184154581e-01	-5.7595559127e-01
3.2900000000e+00	-1.6719864223e-01	5.7957333890e-01	1.6719864223e-01	-5.7957333890e-01
3.3000000000e+00	-1.7253501700e-01	5.8311924972e-01	1.7253501700e-01	-5.8311924972e-01
3.3100000000e+00	-1.7785053362e-01	5.8659465876e-01	1.7785053362e-01	-5.8659465876e-01
3.3200000000e+00	-1.8314506834e-01	5.9000085764e-01	1.8314506834e-01	-5.9000085764e-01
3.3300000000e+00	-1.8841850920e-01	5.9333909653e-01	1.8841850920e-01	-5.9333909653e-01
3.3400000000e+00	-1.9367075518e-01	5.9661058590e-01	1.9367075518e-01	-5.9661058590e-01
3.3500000000e+00	-1.9890171542e-01	5.9981649825e-01	1.9890171542e-01	-5.9981649825e-01
3.3600000000e+00	-2.0411130849e-01	6.0295796975e-01	2.0411130849e-01	-6.0295796975e-01
3.3700000000e+00	-2.0929946169e-01	6.0603610173e-01	2.0929946169e-01	-6.0603610173e-01
3.3800000000e+00	-2.1446611045e-01	6.0905196213e-01	2.1446611045e-01	-6.0905196213e-01
3.3900000000e+00	-2.1961119772e-01	6.1200658690e-01	2.1961119772e-01	-6.1200658690e-01
3.4000000000e+00	-2.2473467347e-01	6.1490098129e-01	2.2473467347e-01	-6.1490098129e-01
3.4100000000e+00	-2.2983649414e-01	6.1773612107e-01	2.2983649414e-01	-6.1773612107e-01
3.4200000000e+00	-2.3491662223e-01	6.2051295376e-01	2.3491662223e-01	-6.2051295376e-01
3.4300000000e+00	-2.3997502582e-01	6.2323239966e-01	2.3997502582e-01	-6.2323239966e-01
3.4400000000e+00	-2.4501167822e-01	6.2589535299e-01	2.4501167822e-01	-6.2589535299e-01
3.4500000000e+00	-2.5002655753e-01	6.2850268286e-01	2.5002655753e-01	-6.2850268286e-01
3.4600000000e+00	-2.5501964635e-01	6.3105523425e-01	2.5501964635e-01	-6.3105523425e-01
3.4700000000e+00	-2.5999093146e-01	6.3355382889e-01	2.5999093146e-01	-6.3355382889e-01
3.4800000000e+00	-2.6494040346e-01	6.3599926617e-01	2.6494040346e-01	-6.3599926617e-01
3.4900000000e+00	-2.6986805655e-01	6.3839232396e-01	2.6986805655e-01	-6.3839232396e-01
3.5000000000e+00	-2.7477388823e-01	6.4073375938e-01	2.7477388823e-01	-6.4073375938e-01
3.5100000000e+00	-2.7965789909e-01	6.4302430957e-01	2.7965789909e-01	-6.4302430957e-01
3.5200000000e+00	-2.8452009255e-01	6.4526469242e-01	2.8452009255e-01	-6.4526469242e-01
3.5300000000e+00	-2.8936047466e-01	6.4745560726e-01	2.8936047466e-01	-6.4745560726e-01
3.5400000000e+00	-2.9417905392e-01	6.4959773547e-01	2.9417905392e-01	-6.4959773547e-01
3.5500000000e+00	-2.9897584105e-01	6.5169174116e-01	2.9897584105e-01	-6.5169174116e-01
3.5600000000e+00	-3.0375084886e-01	6.5373827177e-01	3.0375084886e-01	-6.5373827177e-01
3.5700000000e+00	-3.0850409208e-01	6.5573795860e-01	3.0850409208e-01	-6.5573795860e-01
3.5800000000e+00	-3.1323558718e-01	6.5769141738e-01	3.1323558718e-01	-6.5769141738e-01
3.5900000000e+00	-3.1794535226e-01	6.5959924882e-01	3.1794535226e-01	-6.5959924882e-01
3.6000000000e+00	-3.2263340691e-01	6.6146203908e-01	3.2263340691e-01	-6.6146203908e-01
3.6100000000e+00	-3.2729977206e-01	6.6328036027e-01	3.2729977206e-01	-6.6328036027e-01
3.6200000000e+00	-3.3194446991e-01	6.6505477088e-01	3.3194446991e-01	-6.6505477088e-01
3.6300000000e+00	-3.3656752377e-01	6.6678581629e-01	3.3656752377e-01	-6.6678581629e-01
3.6400000000e+00	-3.4116895801e-01	6.6847402910e-01	3.4116895801e-01	-6.6847402910e-01
3.6500000000e+00	-3.4574879791e-01	6.7011992963e-01	3.4574879791e-01	-6.7011992963e-01
3.6600000000e+00	-3.5030706962e-01	6.7172402625e-01	3.5030706962e-01	-6.7172402625e-01
3.6700000000e+00	-3.5484380003e-01	6.7328681577e-01	3.5484380003e-01	-6.7328681577e-01
3.6800000000e+00	-3.5935901674e-01	6.7480878380e-01	3.5935901674e-01	-6.7480878380e-01
3.6900000000e+00	-3.6385274793e-01	6.7629040511e-01	3.6385274793e-01	-6.7629040511e-01
3.7000000000e+00	-3.6832502234e-01	6.7773214394e-01	3.6832502234e-01	-6.7773214394e-01
3.7100000000e+00	-3.7277586918e-01	6.7913445433e-01	3.7277586918e-01	-6.7913445433e-01
3.7200000000e+00	-3.7720531807e-01	6.8049778043e-01	3.7720531807e-01	-6.8049778043e-01
3.7300000000e+00	-3.8161339898e-01	6.8182255678e-01	3.8161339898e-01	-6.8182255678e-01
3.7400000000e+00	-3.8600014220e-01	6.8310920863e-01	3.8600014220e-01	-6.8310920863e-01
3.7500000000e+00	-3.9036557825e-01	6.8435815215e-01	3.9036557825e-01	-6.8435815215e-01
3.7600000000e+00	-3.9470973786e-01	6.8556979477e-01	3.9470973786e-01	-6.8556979477e-01
3.7700000000e+00	-3.9903265192e-01	6.8674453537e-01	3.9903265192e-01	-6.8674453537e-01
3.7800000000e+00	-4.0333435143e-01	6.8788276455e-01	4.0333435143e-01	-6.8788276455e-01
3.7900000000e+00	-4.0761486747e-01	6.8898486488e-01	4.0761486747e-01	-6.8898486488e-01
3.8000000000e+00	-4.1187423117e-01	6.9005121110e-01	4.1187423117e-01	-6.9005121110e-01
3.8100000000e+00	-4.1611247363e-01	6.9108217036e-01	4.1611247363e-01	-6.9108217036e-01
3.8200000000e+00	-4.2032962596e-01	6.9207810239e-01	4.2032962596e-01	-6.9207810239e-01
3.8300000000e+00	-4.2452571919e-01	6.9303935978e-01	4.2452571919e-01	-6.9303935978e-01
3.8400000000e+00	-4.2870078426e-01	6.9396628808e-01	4.2870078426e-01	-6.9396628808e-01
3.8500000000e+00	-4.3285485199e-01	6.9485922609e-01	4.3285485199e-01	-6.9485922609e-01
3.8600000000e+00	-4.3698795308e-01	6.9571850595e-01	4.3698795308e-01	-6.9571850595e-01
3.8700000000e+00	-4.4110011803e-01	6.9654445338e-01	4.4110011803e-01	-6.9654445338e-01
3.8800000000e+00	-4.4519137719e-01	6.9733738783e-01	4.4519137719e-01	-6.9733738783e-01
3.8900000000e+00	-4.4926176067e-01	6.9809762264e-01	4.4926176067e-01	-6.9809762264e-01
3.9000000000e+00	-4.5331129836e-01	6.9882546520e-01	4.5331129836e-01	-6.9882546520e-01
3.9100000000e+00	-4.5734001990e-01	6.9952121712e-01	4.5734001990e-01	-6.9952121712e-01
3.9200000000e+00	-4.6134795466e-01	7.0018517434e-01	4.6134795466e-01	-7.0018517434e-01
3.9300000000e+00	-4.6533513175e-01	7.0081762735e-01	4.6533513175e-01	-7.0081762735e-01
3.9400000000e+00	-4.6930157994e-01	7.0141886122e-01	4.6930157994e-01	-7.0141886122e-01
3.9500000000e+00	-4.7324732771e-01	7.0198915584e-01	4.7324732771e-01	-7.0198915584e-01
3.9600000000e+00	-4.7717240322e-01	7.0252878598e-01	4.7717240322e-01	-7.0252878598e-01
3.9700000000e+00	-4.8107683428e-01	7.0303802147e-01	4.8107683428e-01	-7.0303802147e-01
3.9800000000e+00	-4.8496064835e-01	7.0351712725e-01	4.8496064835e-01	-7.0351712725e-01
3.9900000000e+00	-4.8882387251e-01	7.0396636358e-01	4.8882387251e-01	-7.0396636358e-01
4.0000000000e+00	-4.9266653350e-01	7.0438598608e-01	4.9266653350e-01	-7.0438598608e-01
4.0100000000e+00	-4.9648865764e-01	7.0477624587e-01	4.9648865764e-01	-7.0477624587e-01
4.0200000000e+00	-5.0029027087e-01	7.0513738968e-01	5.0029027087e-01	-7.0513738968e-01
4.0300000000e+00	-5.0407139874e-01	7.0546965996e-01	5.0407139874e-01	-7.0546965996e-01
4.0400000000e+00	-5.0783206636e-01	7.0577329495e-01	5.0783206636e-01	-7.0577329495e-01
4.0500000000e+00	-5.1157229845e-01	7.0604852883e-01	5.1157229845e-01	-7.0604852883e-01
4.0600000000e+00	-5.1529211928e-01	7.0629559176e-01	5.1529211928e-01	-7.0629559176e-01
4.0700000000e+00	-5.1899155271e-01	7.0651471001e-01	5.1899155271e-01	-7.0651471001e-01
4.0800000000e+00	-5.2267062214e-01	7.0670610603e-01	5.2267062214e-01	-7.0670610603e-01
4.0900000000e+00	-5.2632935052e-01	7.0686999855e-01	5.2632935052e-01	-7.0686999855e-01
4.1000000000e+00	-5.2996776037e-01	7.0700660267e-01	5.2996776037e-01	-7.0700660267e-01
4.1100000000e+00	-5.3358587375e-01	7.0711612991e-01	5.3358587375e-01	-7.0711612991e-01
4.1200000000e+00	-5.3718371223e-01	7.0719878833e-01	5.3718371223e-01	-7.0719878833e-01
4.1300000000e+00	-5.4076129695e-01	7.0725478257e-01	5.4076129695e-01	-7.0725478257e-01
4.1400000000e+00	-5.4431864855e-01	7.0728431397e-01	5.4431864855e-01	-7.0728431397e-01
4.1500000000e+00	-5.4785578722e-01	7.0728758058e-01	5.4785578722e-01	-7.0728758058e-01
4.1600000000e+00	-5.5137273264e-01	7.0726477730e-01	5.5137273264e-01	-7.0726477730e-01
4.1700000000e+00	-5.5486950405e-01	7.0721609591e-01	5.5486950405e-01	-7.0721609591e-01
4.1800000000e+00	-5.5834612015e-01	7.0714172513e-01	5.5834612015e-01	-7.0714172513e-01
4.1900000000e+00	-5.6180259920e-01	7.0704185070e-01	5.6180259920e-01	-7.0704185070e-01
4.2000000000e+00	-5.6523895894e-01	7.0691665546e-01	5.6523895894e-01	-7.0691665546e-01
4.2100000000e+00	-5.6865521663e-01	7.0676631939e-01	5.6865521663e-01	-7.0676631939e-01
4.2200000000e+00	-5.7205138901e-01	7.0659101965e-01	5.7205138901e-01	-7.0659101965e-01
4.2300000000e+00	-5.7542749234e-01	7.0639093070e-01	5.7542749234e-01	-7.0639093070e-01
4.2400000000e+00	-5.7878354237e-01	7.0616622428e-01	5.7878354237e-01	-7.0616622428e-01
4.2500000000e+00	-5.8211955435e-01	7.0591706953e-01	5.8211955435e-01	-7.0591706953e-01
4.2600000000e+00	-5.8543554302e-01	7.0564363302e-01	5.8543554302e-01	-7.0564363302e-01
4.2700000000e+00	-5.8873152260e-01	7.0534607879e-01	5.8873152260e-01	-7.0534607879e-01
4.2800000000e+00	-5.9200750683e-01	7.0502456841e-01	5.9200750683e-01	-7.0502456841e-01
4.2900000000e+00	-5.9526350889e-01	7.0467926104e-01	5.9526350889e-01	-7.0467926104e-01
4.3000000000e+00	-5.9849954150e-01	7.0431031347e-01	5.9849954150e-01	-7.0431031347e-01
4.3100000000e+00	-6.0171561682e-01	7.0391788016e-01	6.0171561682e-01	-7.0391788016e-01
4.3200000000e+00	-6.0491174652e-01	7.0350211329e-01	6.0491174652e-01	-7.0350211329e-01
4.3300000000e+00	-6.0808794174e-01	7.0306316284e-01	6.0808794174e-01	-7.0306316284e-01
4.3400000000e+00	-6.1124421310e-01	7.0260117655e-01	6.1124421310e-01	-7.0260117655e-01
4.3500000000e+00	-6.1438057070e-01	7.0211630005e-01	6.1438057070e-01	-7.0211630005e-01
4.3600000000e+00	-6.1749702412e-01	7.0160867687e-01	6.1749702412e-01	-7.0160867687e-01
4.3700000000e+00	-6.2059358241e-01	7.0107844845e-01	6.2059358241e-01	-7.0107844845e-01
4.3800000000e+00	-6.2367025411e-01	7.0052575422e-01	6.2367025411e-01	-7.0052575422e-01
4.3900000000e+00	-6.2672704721e-01	6.9995073162e-01	6.2672704721e-01	-6.9995073162e-01
4.4000000000e+00	-6.2976396920e-01	6.9935351616e-01	6.2976396920e-01	-6.9935351616e-01
4.4100000000e+00	-6.3278102703e-01	6.9873424142e-01	6.3278102703e-01	-6.9873424142e-01
4.4200000000e+00	-6.3577822710e-01	6.9809303910e-01	6.3577822710e-01	-6.9809303910e-01
4.4300000000e+00	-6.3875557532e-01	6.9743003907e-01	6.3875557532e-01	-6.9743003907e-01
4.4400000000e+00	-6.4171307704e-01	6.9674536939e-01	6.4171307704e-01	-6.9674536939e-01
4.4500000000e+00	-6.4465073708e-01	6.9603915635e-01	6.4465073708e-01	-6.9603915635e-01
4.4600000000e+00	-6.4756855974e-01	6.9531152450e-01	6.4756855974e-01	-6.9531152450e-01
4.4700000000e+00	-6.5046654879e-01	6.9456259667e-01	6.5046654879e-01	-6.9456259667e-01
4.4800000000e+00	-6.5334470743e-01	6.9379249402e-01	6.5334470743e-01	-6.9379249402e-01
4.4900000000e+00	-6.5620303836e-01	6.9300133606e-01	6.5620303836e-01	-6.9300133606e-01
4.5000000000e+00	-6.5904154373e-01	6.9218924068e-01	6.5904154373e-01	-6.9218924068e-01
4.5100000000e+00	-6.6186022514e-01	6.9135632419e-01	6.6186022514e-01	-6.9135632419e-01
4.5200000000e+00	-6.6465908368e-01	6.9050270133e-01	6.6465908368e-01	-6.9050270133e-01
4.5300000000e+00	-6.6743811988e-01	6.8962848530e-01	6.6743811988e-01	-6.8962848530e-01
4.5400000000e+00	-6.7019733372e-01	6.8873378780e-01	6.7019733372e-01	-6.8873378780e-01
4.5500000000e+00	-6.7293672465e-01	6.8781871905e-01	6.7293672465e-01	-6.8781871905e-01
4.5600000000e+00	-6.7565629158e-01	6.8688338782e-01	6.7565629158e-01	-6.8688338782e-01
4.5700000000e+00	-6.7835603286e-01	6.8592790145e-01	6.7835603286e-01	-6.8592790145e-01
4.5800000000e+00	-6.8103594632e-01	6.8495236585e-01	6.8103594632e-01	-6.8495236585e-01
4.5900000000e+00	-6.8369602922e-01	6.8395688559e-01	6.8369602922e-01	-6.8395688559e-01
4.6000000000e+00	-6.8633627827e-01	6.8294156385e-01	6.8633627827e-01	-6.8294156385e-01
4.6100000000e+00	-6.8895668965e-01	6.8190650249e-01	6.8895668965e-01	-6.8190650249e-01
4.6200000000e+00	-6.9155725896e-01	6.8085180206e-01	6.9155725896e-01	-6.8085180206e-01
4.6300000000e+00	-6.9413798129e-01	6.7977756181e-01	6.9413798129e-01	-6.7977756181e-01
4.6400000000e+00	-6.9669885113e-01	6.7868387973e-01	6.9669885113e-01	-6.7868387973e-01
4.6500000000e+00	-6.9923986245e-01	6.7757085256e-01	6.9923986245e-01	-6.7757085256e-01
4.6600000000e+00	-7.0176100864e-01	6.7643857582e-01	7.0176100864e-01	-6.7643857582e-01
4.6700000000e+00	-7.0426228255e-01	6.7528714382e-01	7.0426228255e-01	-6.7528714382e-01
4.6800000000e+00	-7.0674367646e-01	6.7411664967e-01	7.0674367646e-01	-6.7411664967e-01
4.6900000000e+00	-7.0920518208e-01	6.7292718534e-01	7.0920518208e-01	-6.7292718534e-01
4.7000000000e+00	-7.1164679058e-01	6.7171884164e-01	7.1164679058e-01	-6.7171884164e-01
4.7100000000e+00	-7.1406849255e-01	6.7049170824e-01	7.1406849255e-01	-6.7049170824e-01
4.7200000000e+00	-7.1647027801e-01	6.6924587371e-01	7.1647027801e-01	-6.6924587371e-01
4.7300000000e+00	-7.1885213642e-01	6.6798142553e-01	7.1885213642e-01	-6.6798142553e-01
4.7400000000e+00	-7.2121405666e-01	6.6669845009e-01	7.2121405666e-01	-6.6669845009e-01
4.7500000000e+00	-7.2355602706e-01	6.6539703275e-01	7.2355602706e-01	-6.6539703275e-01
4.7600000000e+00	-7.2587803535e-01	6.6407725780e-01	7.2587803535e-01	-6.6407725780e-01
4.7700000000e+00	-7.2818006869e-01	6.6273920852e-01	7.2818006869e-01	-6.6273920852e-01
4.7800000000e+00	-7.3046211367e-01	6.6138296718e-01	7.3046211367e-01	-6.6138296718e-01
4.7900000000e+00	-7.3272415630e-01	6.6000861505e-01	7.3272415630e-01	-6.6000861505e-01
4.8000000000e+00	-7.3496618200e-01	6.5861623243e-01	7.3496618200e-01	-6.5861623243e-01
4.8100000000e+00	-7.3718817559e-01	6.5720589865e-01	7.3718817559e-01	-6.5720589865e-01
4.8200000000e+00	-7.3939012133e-01	6.5577769211e-01	7.3939012133e-01	-6.5577769211e-01
4.8300000000e+00	-7.4157200288e-01	6.5433169026e-01	7.4157200288e-01	-6.5433169026e-01
4.8400000000e+00	-7.4373380330e-01	6.5286796964e-01	7.4373380330e-01	-6.5286796964e-01
4.8500000000e+00	-7.4587550506e-01	6.5138660589e-01	7.4587550506e-01	-6.5138660589e-01
4.8600000000e+00	-7.4799709003e-01	6.4988767375e-01	7.4799709003e-01	-6.4988767375e-01
4.8700000000e+00	-7.5009853948e-01	6.4837124710e-01	7.5009853948e-01	-6.4837124710e-01
4.8800000000e+00	-7.5217983407e-01	6.4683739893e-01	7.5217983407e-01	-6.4683739893e-01
4.8900000000e+00	-7.5424095386e-01	6.4528620141e-01	7.5424095386e-01	-6.4528620141e-01
4.9000000000e+00	-7.5628187830e-01	6.4371772586e-01	7.5628187830e-01	-6.4371772586e-01
4.9100000000e+00	-7.5830258622e-01	6.4213204277e-01	7.5830258622e-01	-6.4213204277e-01
4.9200000000e+00	-7.6030305585e-01	6.4052922183e-01	7.6030305585e-01	-6.4052922183e-01
4.9300000000e+00	-7.6228326478e-01	6.3890933192e-01	7.6228326478e-01	-6.3890933192e-01
4.9400000000e+00	-7.6424318998e-01	6.3727244115e-01	7.6424318998e-01	-6.3727244115e-01
4.9500000000e+00	-7.6618280782e-01	6.3561861684e-01	7.6618280782e-01	-6.3561861684e-01
4.9600000000e+00	-7.6810209399e-01	6.3394792554e-01	7.6810209399e-01	-6.3394792554e-01
4.9700000000e+00	-7.7000102360e-01	6.3226043306e-01	7.7000102360e-01	-6.3226043306e-01
4.9800000000e+00	-7.7187957108e-01	6.3055620448e-01	7.7187957108e-01	-6.3055620448e-01
4.9900000000e+00	-7.7373771025e-01	6.2883530412e-01	7.7373771025e-01	-6.2883530412e-01
5.0000000000e+00	-7.7557541426e-01	6.2709779560e-01	7.7557541426e-01	-6.2709779560e-01
5.0100000000e+00	-7.7739265563e-01	6.2534374183e-01	7.7739265563e-01	-6.2534374183e-01
5.0200000000e+00	-7.7918940621e-01	6.2357320501e-01	7.7918940621e-01	-6.2357320501e-01
5.0300000000e+00	-7.8096563720e-01	6.2178624668e-01	7.8096563720e-01	-6.2178624668e-01
5.0400000000e+00	-7.8272131914e-01	6.1998292767e-01	7.8272131914e-01	-6.1998292767e-01
5.0500000000e+00	-7.8445642191e-01	6.1816330816e-01	7.8445642191e-01	-6.1816330816e-01
5.0600000000e+00	-7.8617091469e-01	6.1632744768e-01	7.8617091469e-01	-6.1632744768e-01
5.0700000000e+00	-7.8786476602e-01	6.1447540508e-01	7.8786476602e-01	-6.1447540508e-01
5.0800000000e+00	-7.8953794374e-01	6.1260723862e-01	7.8953794374e-01	-6.1260723862e-01
5.0900000000e+00	-7.9119041501e-01	6.1072300588e-01	7.9119041501e-01	-6.1072300588e-01
5.1000000000e+00	-7.9282214628e-01	6.0882276385e-01	7.9282214628e-01	-6.0882276385e-01
5.1100000000e+00	-7.9443310334e-01	6.0690656892e-01	7.9443310334e-01	-6.0690656892e-01
5.1200000000e+00	-7.9602325124e-01	6.0497447685e-01	7.9602325124e-01	-6.0497447685e-01
5.1300000000e+00	-7.9759255436e-01	6.0302654282e-01	7.9759255436e-01	-6.0302654282e-01
5.1400000000e+00	-7.9914097635e-01	6.0106282143e-01	7.9914097635e-01	-6.0106282143e-01
5.1500000000e+00	-8.0066848013e-01	5.9908336670e-01	8.0066848013e-01	-5.9908336670e-01
5.1600000000e+00	-8.0217502793e-01	5.9708823209e-01	8.0217502793e-01	-5.9708823209e-01
5.1700000000e+00	-8.0366058120e-01	5.9507747050e-01	8.0366058120e-01	-5.9507747050e-01
5.1800000000e+00	-8.0512510071e-01	5.9305113427e-01	8.0512510071e-01	-5.9305113427e-01
5.1900000000e+00	-8.0656854646e-01	5.9100927521e-01	8.0656854646e-01	-5.9100927521e-01
5.2000000000e+00	-8.0799087769e-01	5.8895194459e-01	8.0799087769e-01	-5.8895194459e-01
5.2100000000e+00	-8.0939205291e-01	5.8687919317e-01	8.0939205291e-01	-5.8687919317e-01
5.2200000000e+00	-8.1077202986e-01	5.8479107117e-01	8.1077202986e-01	-5.8479107117e-01
5.2300000000e+00	-8.1213076550e-01	5.8268762832e-01	8.1213076550e-01	-5.8268762832e-01
5.2400000000e+00	-8.1346821605e-01	5.8056891383e-01	8.1346821605e-01	-5.8056891383e-01
5.2500000000e+00	-8.1478433690e-01	5.7843497644e-01	8.1478433690e-01	-5.7843497644e-01
5.2600000000e+00	-8.1607908269e-01	5.7628586439e-01	8.1607908269e-01	-5.7628586439e-01
5.2700000000e+00	-8.1735240724e-01	5.7412162543e-01	8.1735240724e-01	-5.7412162543e-01
5.2800000000e+00	-8.1860426358e-01	5.7194230686e-01	8.1860426358e-01	-5.7194230686e-01
5.2900000000e+00	-8.1983460391e-01	5.6974795550e-01	8.1983460391e-01	-5.6974795550e-01
5.3000000000e+00	-8.2104337965e-01	5.6753861773e-01	8.2104337965e-01	-5.6753861773e-01
5.3100000000e+00	-8.2223054134e-01	5.6531433946e-01	8.2223054134e-01	-5.6531433946e-01
5.3200000000e+00	-8.2339603871e-01	5.6307516618e-01	8.2339603871e-01	-5.6307516618e-01
5.3300000000e+00	-8.2453982066e-01	5.6082114293e-01	8.2453982066e-01	-5.6082114293e-01
5.3400000000e+00	-8.2566183522e-01	5.5855231432e-01	8.2566183522e-01	-5.5855231432e-01
5.3500000000e+00	-8.2676202955e-01	5.5626872455e-01	8.2676202955e-01	-5.5626872455e-01
5.3600000000e+00	-8.2784034995e-01	5.5397041741e-01	8.2784034995e-01	-5.5397041741e-01
5.3700000000e+00	-8.2889674184e-01	5.5165743626e-01	8.2889674184e-01	-5.5165743626e-01
5.3800000000e+00	-8.2993114976e-01	5.4932982409e-01	8.2993114976e-01	-5.4932982409e-01
5.3900000000e+00	-8.3094351732e-01	5.4698762346e-01	8.3094351732e-01	-5.4698762346e-01
5.4000000000e+00	-8.3193378726e-01	5.4463087659e-01	8.3193378726e-01	-5.4463087659e-01
5.4100000000e+00	-8.3290190138e-01	5.4225962529e-01	8.3290190138e-01	-5.4225962529e-01
5.4200000000e+00	-8.3384780055e-01	5.3987391099e-01	8.3384780055e-01	-5.3987391099e-01
5.4300000000e+00	-8.3477142470e-01	5.3747377478e-01	8.3477142470e-01	-5.3747377478e-01
5.4400000000e+00	-8.3567271282e-01	5.3505925737e-01	8.3567271282e-01	-5.3505925737e-01
5.4500000000e+00	-8.3655160293e-01	5.3263039913e-01	8.3655160293e-01	-5.3263039913e-01
5.4600000000e+00	-8.3740803209e-01	5.3018724007e-01	8.3740803209e-01	-5.3018724007e-01
5.4700000000e+00	-8.3824193635e-01	5.2772981988e-01	8.3824193635e-01	-5.2772981988e-01
5.4800000000e+00	-8.3905325080e-01	5.2525817791e-01	8.3905325080e-01	-5.2525817791e-01
5.4900000000e+00	-8.3984190950e-01	5.2277235316e-01	8.3984190950e-01	-5.2277235316e-01
5.5000000000e+00	-8.4060784549e-01	5.2027238436e-01	8.4060784549e-01	-5.2027238436e-01
5.5100000000e+00	-8.4135099080e-01	5.1775830987e-01	8.4135099080e-01	-5.1775830987e-01
5.5200000000e+00	-8.4207127638e-01	5.1523016779e-01	8.4207127638e-01	-5.1523016779e-01
5.5300000000e+00	-8.4276863215e-01	5.1268799589e-01	8.4276863215e-01	-5.1268799589e-01
5.5400000000e+00	-8.4344298695e-01	5.1013183167e-01	8.4344298695e-01	-5.1013183167e-01
5.5500000000e+00	-8.4409426855e-01	5.0756171232e-01	8.4409426855e-01	-5.0756171232e-01
5.5600000000e+00	-8.4472240360e-01	5.0497767477e-01	8.4472240360e-01	-5.0497767477e-01
5.5700000000e+00	-8.4532731765e-01	5.0237975567e-01	8.4532731765e-01	-5.0237975567e-01
5.5800000000e+00	-8.4590893513e-01	4.9976799141e-01	8.4590893513e-01	-4.9976799141e-01
5.5900000000e+00	-8.4646717931e-01	4.9714241810e-01	8.4646717931e-01	-4.9714241810e-01
5.6000000000e+00	-8.4700197232e-01	4.9450307161e-01	8.4700197232e-01	-4.9450307161e-01
5.6100000000e+00	-8.4751323511e-01	4.9184998757e-01	8.4751323511e-01	-4.9184998757e-01
5.6200000000e+00	-8.4800088745e-01	4.8918320137e-01	8.4800088745e-01	-4.8918320137e-01
5.6300000000e+00	-8.4846484791e-01	4.8650274815e-01	8.4846484791e-01	-4.8650274815e-01
5.6400000000e+00	-8.4890503381e-01	4.8380866285e-01	8.4890503381e-01	-4.8380866285e-01
5.6500000000e+00	-8.4932136128e-01	4.8110098016e-01	8.4932136128e-01	-4.8110098016e-01
5.6600000000e+00	-8.4971374515e-01	4.7837973459e-01	8.4971374515e-01	-4.7837973459e-01
5.6700000000e+00	-8.5008209902e-01	4.7564496043e-01	8.5008209902e-01	-4.7564496043e-01
5.6800000000e+00	-8.5042633517e-01	4.7289669176e-01	8.5042633517e-01	-4.7289669176e-01
5.6900000000e+00	-8.5074636459e-01	4.7013496250e-01	8.5074636459e-01	-4.7013496250e-01
5.7000000000e+00	-8.5104209693e-01	4.6735980637e-01	8.5104209693e-01	-4.6735980637e-01
5.7100000000e+00	-8.5131344051e-01	4.6457125691e-01	8.5131344051e-01	-4.6457125691e-01
5.7200000000e+00	-8.5156030226e-01	4.6176934749e-01	8.5156030226e-01	-4.6176934749e-01
5.7300000000e+00	-8.5178258776e-01	4.5895411133e-01	8.5178258776e-01	-4.5895411133e-01
5.7400000000e+00	-8.5198020114e-01	4.5612558150e-01	8.5198020114e-01	-4.5612558150e-01
5.7500000000e+00	-8.5215304514e-01	4.5328379091e-01	8.5215304514e-01	-4.5328379091e-01
5.7600000000e+00	-8.5230102104e-01	4.5042877235e-01	8.5230102104e-01	-4.5042877235e-01
5.7700000000e+00	-8.5242402865e-01	4.4756055845e-01	8.5242402865e-01	-4.4756055845e-01
5.7800000000e+00	-8.5252196627e-01	4.4467918176e-01	8.5252196627e-01	-4.4467918176e-01
5.7900000000e+00	-8.5259473071e-01	4.4178467468e-01	8.5259473071e-01	-4.4178467468e-01
5.8000000000e+00	-8.5264221722e-01	4.3887706952e-01	8.5264221722e-01	-4.3887706952e-01
5.8100000000e+00	-8.5266431950e-01	4.3595639851e-01	8.5266431950e-01	-4.3595639851e-01
5.8200000000e+00	-8.5266092966e-01	4.3302269375e-01	8.5266092966e-01	-4.3302269375e-01
5.8300000000e+00	-8.5263193818e-01	4.3007598731e-01	8.5263193818e-01	-4.3007598731e-01
5.8400000000e+00	-8.5257723392e-01	4.2711631115e-01	8.5257723392e-01	-4.2711631115e-01
5.8500000000e+00	-8.5249670406e-01	4.2414369718e-01	8.5249670406e-01	-4.2414369718e-01
5.8600000000e+00	-8.5239023411e-01	4.2115817727e-01	8.5239023411e-01	-4.2115817727e-01
5.8700000000e+00	-8.5225770782e-01	4.1815978324e-01	8.5225770782e-01	-4.1815978324e-01
5.8800000000e+00	-8.5209900723e-01	4.1514854688e-01	8.5209900723e-01	-4.1514854688e-01
5.8900000000e+00	-8.5191401257e-01	4.1212449993e-01	8.5191401257e-01	-4.1212449993e-01
5.9000000000e+00	-8.5170260229e-01	4.0908767415e-01	8.5170260229e-01	-4.0908767415e-01
5.9100000000e+00	-8.5146465298e-01	4.0603810130e-01	8.5146465298e-01	-4.0603810130e-01
5.9200000000e+00	-8.5120003938e-01	4.0297581310e-01	8.5120003938e-01	-4.0297581310e-01
5.9300000000e+00	-8.5090863429e-01	3.9990084135e-01	8.5090863429e-01	-3.9990084135e-01
5.9400000000e+00	-8.5059030863e-01	3.9681321783e-01	8.5059030863e-01	-3.9681321783e-01
5.9500000000e+00	-8.5024493130e-01	3.9371297438e-01	8.5024493130e-01	-3.9371297438e-01
5.9600000000e+00	-8.4987236924e-01	3.9060014290e-01	8.4987236924e-01	-3.9060014290e-01
5.9700000000e+00	-8.4947248732e-01	3.8747475534e-01	8.4947248732e-01	-3.8747475534e-01
5.9800000000e+00	-8.4904514834e-01	3.8433684372e-01	8.4904514834e-01	-3.8433684372e-01
5.9900000000e+00	-8.4859021301e-01	3.8118644016e-01	8.4859021301e-01	-3.8118644016e-01
6.0000000000e+00	-8.4810753988e-01	3.7802357689e-01	8.4810753988e-01	-3.7802357689e-01
6.0100000000e+00	-8.4759698530e-01	3.7484828621e-01	8.4759698530e-01	-3.7484828621e-01
6.0200000000e+00	-8.4705840340e-01	3.7166060060e-01	8.4705840340e-01	-3.7166060060e-01
6.0300000000e+00	-8.4649164604e-01	3.6846055265e-01	8.4649164604e-01	-3.6846055265e-01
6.0400000000e+00	-8.4589656277e-01	3.6524817511e-01	8.4589656277e-01	-3.6524817511e-01
6.0500000000e+00	-8.4527300080e-01	3.6202350090e-01	8.4527300080e-01	-3.6202350090e-01
6.0600000000e+00	-8.4462080490e-01	3.5878656312e-01	8.4462080490e-01	-3.5878656312e-01
6.0700000000e+00	-8.4393981745e-01	3.5553739508e-01	8.4393981745e-01	-3.5553739508e-01
6.0800000000e+00	-8.4322987829e-01	3.5227603028e-01	8.4322987829e-01	-3.5227603028e-01
6.0900000000e+00	-8.4249082475e-01	3.4900250249e-01	8.4249082475e-01	-3.4900250249e-01
6.1000000000e+00	-8.4172249157e-01	3.4571684570e-01	8.4172249157e-01	-3.4571684570e-01
6.1100000000e+00	-8.4092471084e-01	3.4241909416e-01	8.4092471084e-01	-3.4241909416e-01
6.1200000000e+00	-8.4009731198e-01	3.3910928242e-01	8.4009731198e-01	-3.3910928242e-01
6.1300000000e+00	-8.3924012163e-01	3.3578744534e-01	8.3924012163e-01	-3.3578744534e-01
6.1400000000e+00	-8.3835296368e-01	3.3245361807e-01	8.3835296368e-01	-3.3245361807e-01
6.1500000000e+00	-8.3743565913e-01	3.2910783613e-01	8.3743565913e-01	-3.2910783613e-01
6.1600000000e+00	-8.3648802609e-01	3.2575013537e-01	8.3648802609e-01	-3.2575013537e-01
6.1700000000e+00	-8.3550987968e-01	3.2238055205e-01	8.3550987968e-01	-3.2238055205e-01
6.1800000000e+00	-8.3450103200e-01	3.1899912281e-01	8.3450103200e-01	-3.1899912281e-01
6.1900000000e+00	-8.3346129207e-01	3.1560588474e-01	8.3346129207e-01	-3.1560588474e-01
6.2000000000e+00	-8.3239046572e-01	3.1220087534e-01	8.3239046572e-01	-3.1220087534e-01
6.2100000000e+00	-8.3128835559e-01	3.0878413263e-01	8.3128835559e-01	-3.0878413263e-01
6.2200000000e+00	-8.3015476099e-01	3.0535569508e-01	8.3015476099e-01	-3.0535569508e-01
6.2300000000e+00	-8.2898947791e-01	3.0191560171e-01	8.2898947791e-01	-3.0191560171e-01
6.2400000000e+00	-8.2779229887e-01	2.9846389208e-01	8.2779229887e-01	-2.9846389208e-01
6.2500000000e+00	-8.2656301290e-01	2.9500060632e-01	8.2656301290e-01	-2.9500060632e-01
6.2600000000e+00	-8.2530140544e-01	2.9152578517e-01	8.2530140544e-01	-2.9152578517e-01
6.2700000000e+00	-8.2400725828e-01	2.8803947001e-01	8.2400725828e-01	-2.8803947001e-01
6.2800000000e+00	-8.2268034945e-01	2.8454170287e-01	8.2268034945e-01	-2.8454170287e-01
6.2900000000e+00	-8.2132045316e-01	2.8103252648e-01	8.2132045316e-01	-2.8103252648e-01
6.3000000000e+00	-8.1992733972e-01	2.7751198430e-01	8.1992733972e-01	-2.7751198430e-01
6.3100000000e+00	-8.1850077541e-01	2.7398012054e-01	8.1850077541e-01	-2.7398012054e-01
6.3200000000e+00	-8.1704052245e-01	2.7043698024e-01	8.1704052245e-01	-2.7043698024e-01
6.3300000000e+00	-8.1554633886e-01	2.6688260922e-01	8.1554633886e-01	-2.6688260922e-01
6.3400000000e+00	-8.1401797840e-01	2.6331705423e-01	8.1401797840e-01	-2.6331705423e-01
6.3500000000e+00	-8.1245519042e-01	2.5974036289e-01	8.1245519042e-01	-2.5974036289e-01
6.3600000000e+00	-8.1085771982e-01	2.5615258378e-01	8.1085771982e-01	-2.5615258378e-01
6.3700000000e+00	-8.0922530688e-01	2.5255376649e-01	8.0922530688e-01	-2.5255376649e-01
6.3800000000e+00	-8.0755768721e-01	2.4894396162e-01	8.0755768721e-01	-2.4894396162e-01
6.3900000000e+00	-8.0585459161e-01	2.4532322090e-01	8.0585459161e-01	-2.4532322090e-01
6.4000000000e+00	-8.0411574595e-01	2.4169159714e-01	8.0411574595e-01	-2.4169159714e-01
6.4100000000e+00	-8.0234087105e-01	2.3804914438e-01	8.0234087105e-01	-2.3804914438e-01
6.4200000000e+00	-8.0052968257e-01	2.3439591786e-01	8.0052968257e-01	-2.3439591786e-01
6.4300000000e+00	-7.9868189088e-01	2.3073197412e-01	7.9868189088e-01	-2.3073197412e-01
6.4400000000e+00	-7.9679720093e-01	2.2705737106e-01	7.9679720093e-01	-2.2705737106e-01
6.4500000000e+00	-7.9487531209e-01	2.2337216797e-01	7.9487531209e-01	-2.2337216797e-01
6.4600000000e+00	-7.9291591806e-01	2.1967642561e-01	7.9291591806e-01	-2.1967642561e-01
6.4700000000e+00	-7.9091870665e-01	2.1597020626e-01	7.9091870665e-01	-2.1597020626e-01
6.4800000000e+00	-7.8888335972e-01	2.1225357380e-01	7.8888335972e-01	-2.1225357380e-01
6.4900000000e+00	-7.8680955296e-01	2.0852659380e-01	7.8680955296e-01	-2.0852659380e-01
6.5000000000e+00	-7.8469695574e-01	2.0478933353e-01	7.8469695574e-01	-2.0478933353e-01
6.5100000000e+00	-7.8254523097e-01	2.0104186210e-01	7.8254523097e-01	-2.0104186210e-01
6.5200000000e+00	-7.8035403491e-01	1.9728425050e-01	7.8035403491e-01	-1.9728425050e-01
6.5300000000e+00	-7.7812301699e-01	1.9351657171e-01	7.7812301699e-01	-1.9351657171e-01
6.5400000000e+00	-7.7585181966e-01	1.8973890075e-01	7.7585181966e-01	-1.8973890075e-01
6.5500000000e+00	-7.7354007813e-01	1.8595131483e-01	7.7354007813e-01	-1.8595131483e-01
6.5600000000e+00	-7.7118742024e-01	1.8215389337e-01	7.7118742024e-01	-1.8215389337e-01
6.5700000000e+00	-7.6879346625e-01	1.7834671816e-01	7.6879346625e-01	-1.7834671816e-01
6.5800000000e+00	-7.6635782859e-01	1.7452987343e-01	7.6635782859e-01	-1.7452987343e-01
6.5900000000e+00	-7.6388011167e-01	1.7070344598e-01	7.6388011167e-01	-1.7070344598e-01
6.6000000000e+00	-7.6135991166e-01	1.6686752526e-01	7.6135991166e-01	-1.6686752526e-01
6.6100000000e+00	-7.5879681622e-01	1.6302220354e-01	7.5879681622e-01	-1.6302220354e-01
6.6200000000e+00	-7.5619040430e-01	1.5916757599e-01	7.5619040430e-01	-1.5916757599e-01
6.6300000000e+00	-7.5354024587e-01	1.5530374083e-01	7.5354024587e-01	-1.5530374083e-01
6.6400000000e+00	-7.5084590165e-01	1.5143079948e-01	7.5084590165e-01	-1.5143079948e-01
6.6500000000e+00	-7.4810692283e-01	1.4754885666e-01	7.4810692283e-01	-1.4754885666e-01
6.6600000000e+00	-7.4532285083e-01	1.4365802060e-01	7.4532285083e-01	-1.4365802060e-01
6.6700000000e+00	-7.4249321695e-01	1.3975840315e-01	7.4249321695e-01	-1.3975840315e-01
6.6800000000e+00	-7.3961754212e-01	1.3585011998e-01	7.3961754212e-01	-1.3585011998e-01
6.6900000000e+00	-7.3669533654e-01	1.3193329074e-01	7.3669533654e-01	-1.3193329074e-01
6.7000000000e+00	-7.3372609937e-01	1.2800803923e-01	7.3372609937e-01	-1.2800803923e-01
6.7100000000e+00	-7.3070931839e-01	1.2407449364e-01	7.3070931839e-01	-1.2407449364e-01
6.7200000000e+00	-7.2764446964e-01	1.2013278671e-01	7.2764446964e-01	-1.2013278671e-01
6.7300000000e+00	-7.2453101705e-01	1.1618305596e-01	7.2453101705e-01	-1.1618305596e-01
6.7400000000e+00	-7.2136841206e-01	1.1222544393e-01	7.2136841206e-01	-1.1222544393e-01
6.7500000000e+00	-7.1815609319e-01	1.0826009839e-01	7.1815609319e-01	-1.0826009839e-01
6.7600000000e+00	-7.1489348567e-01	1.0428717263e-01	7.1489348567e-01	-1.0428717263e-01
6.7700000000e+00	-7.1158000097e-01	1.0030682568e-01	7.1158000097e-01	-1.0030682568e-01
6.7800000000e+00	-7.0821503634e-01	9.6319222638e-02	7.0821503634e-01	-9.6319222638e-02
6.7900000000e+00	-7.0479797439e-01	9.2324534942e-02	7.0479797439e-01	-9.2324534942e-02
6.8000000000e+00	-7.0132818252e-01	8.8322940679e-02	7.0132818252e-01	-8.8322940679e-02
6.8100000000e+00	-6.9780501246e-01	8.4314624924e-02	6.9780501246e-01	-8.4314624924e-02
6.8200000000e+00	-6.9422779970e-01	8.0299780090e-02	6.9422779970e-01	-8.0299780090e-02
6.8300000000e+00	-6.9059586298e-01	7.6278606298e-02	6.9059586298e-01	-7.6278606298e-02
6.8400000000e+00	-6.8690850362e-01	7.2251311765e-02	6.8690850362e-01	-7.2251311765e-02
6.8500000000e+00	-6.8316500499e-01	6.8218113227e-02	6.8316500499e-01	-6.8218113227e-02
6.8600000000e+00	-6.7936463181e-01	6.4179236369e-02	6.7936463181e-01	-6.4179236369e-02
6.8700000000e+00	-6.7550662954e-01	6.0134916301e-02	6.7550662954e-01	-6.0134916301e-02
6.8800000000e+00	-6.7159022360e-01	5.6085398048e-02	6.7159022360e-01	-5.6085398048e-02
6.8900000000e+00	-6.6761461870e-01	5.2030937076e-02	6.6761461870e-01	-5.2030937076e-02
6.9000000000e+00	-6.6357899807e-01	4.7971799851e-02	6.6357899807e-01	-4.7971799851e-02
6.9100000000e+00	-6.5948252262e-01	4.3908264434e-02	6.5948252262e-01	-4.3908264434e-02
6.9200000000e+00	-6.5532433011e-01	3.9840621110e-02	6.5532433011e-01	-3.9840621110e-02
6.9300000000e+00	-6.5110353429e-01	3.5769173060e-02	6.5110353429e-01	-3.5769173060e-02
6.9400000000e+00	-6.4681922395e-01	3.1694237076e-02	6.4681922395e-01	-3.1694237076e-02
6.9500000000e+00	-6.4247046195e-01	2.7616144325e-02	6.4247046195e-01	-2.7616144325e-02
6.9600000000e+00	-6.3805628423e-01	2.3535241160e-02	6.3805628423e-01	-2.3535241160e-02
6.9700000000e+00	-6.3357569867e-01	1.9451889990e-02	6.3357569867e-01	-1.9451889990e-02
6.9800000000e+00	-6.2902768407e-01	1.5366470202e-02	6.2902768407e-01	-1.5366470202e-02
6.9900000000e+00	-6.2441118885e-01	1.1279379154e-02	6.2441118885e-01	-1.1279379154e-02
7.0000000000e+00	-6.1972512990e-01	7.1910332325e-03	6.1972512990e-01	-7.1910332325e-03
7.0100000000e+00	-6.1496839123e-01	3.1018689843e-03	6.1496839123e-01	-3.1018689843e-03
7.0200000000e+00	-6.1013982260e-01	-9.8765566853e-04	6.1013982260e-01	9.8765566853e-04
7.0300000000e+00	-6.0523823808e-01	-5.0770601299e-03	6.0523823808e-01	5.0770601299e-03
7.0400000000e+00	-6.0026241451e-01	-9.1658397341e-03	6.0026241451e-01	9.1658397341e-03
7.0500000000e+00	-5.9521108989e-01	-1.3253464249e-02	5.9521108989e-01	1.3253464249e-02
7.0600000000e+00	-5.9008296174e-01	-1.7339376264e-02	5.9008296174e-01	1.7339376264e-02
7.0700000000e+00	-5.8487668521e-01	-2.1422989466e-02	5.8487668521e-01	2.1422989466e-02
7.0800000000e+00	-5.7959087130e-01	-2.5503686768e-02	5.7959087130e-01	2.5503686768e-02
7.0900000000e+00	-5.7422408480e-01	-2.9580818310e-02	5.7422408480e-01	2.9580818310e-02
7.1000000000e+00	-5.6877484221e-01	-3.3653699289e-02	5.6877484221e-01	3.3653699289e-02
7.1100000000e+00	-5.6324160954e-01	-3.7721607628e-02	5.6324160954e-01	3.7721607628e-02
7.1200000000e+00	-5.5762279992e-01	-4.1783781448e-02	5.5762279992e-01	4.1783781448e-02
7.1300000000e+00	-5.5191677116e-01	-4.5839416341e-02	5.5191677116e-01	4.5839416341e-02
7.1400000000e+00	-5.4612182311e-01	-4.9887662416e-02	5.4612182311e-01	4.9887662416e-02
7.1500000000e+00	-5.4023619486e-01	-5.3927621093e-02	5.4023619486e-01	5.3927621093e-02
7.1600000000e+00	-5.3425806184e-01	-5.7958341631e-02	5.3425806184e-01	5.7958341631e-02
7.1700000000e+00	-5.2818553271e-01	-6.1978817358e-02	5.2818553271e-01	6.1978817358e-02
7.1800000000e+00	-5.2201664603e-01	-6.5987981561e-02	5.2201664603e-01	6.5987981561e-02
7.1900000000e+00	-5.1574936678e-01	-6.9984703029e-02	5.1574936678e-01	6.9984703029e-02
7.2000000000e+00	-5.0938158270e-01	-7.3967781179e-02	5.0938158270e-01	7.3967781179e-02
7.2100000000e+00	-5.0291110035e-01	-7.7935940749e-02	5.0291110035e-01	7.7935940749e-02
7.2200000000e+00	-4.9633564094e-01	-8.1887825998e-02	4.9633564094e-01	8.1887825998e-02
7.2300000000e+00	-4.8965283597e-01	-8.5821994358e-02	4.8965283597e-01	8.5821994358e-02
7.2400000000e+00	-4.8286022257e-01	-8.9736909485e-02	4.8286022257e-01	8.9736909485e-02
7.2500000000e+00	-4.7595523856e-01	-9.3630933636e-02	4.7595523856e-01	9.3630933636e-02
7.2600000000e+00	-4.6893521722e-01	-9.7502319301e-02	4.6893521722e-01	9.7502319301e-02
7.2700000000e+00	-4.6179738179e-01	-1.0134920000e-01	4.6179738179e-01	1.0134920000e-01
7.2800000000e+00	-4.5453883964e-01	-1.0516958013e-01	4.5453883964e-01	1.0516958013e-01
7.2900000000e+00	-4.4715657607e-01	-1.0896132382e-01	4.4715657607e-01	1.0896132382e-01
7.3000000000e+00	-4.3964744783e-01	-1.1272214254e-01	4.3964744783e-01	1.1272214254e-01
7.3100000000e+00	-4.3200817627e-01	-1.1644958150e-01	4.3200817627e-01	1.1644958150e-01
7.3200000000e+00	-4.2423534017e-01	-1.2014100446e-01	4.2423534017e-01	1.2014100446e-01
7.3300000000e+00	-4.1632536811e-01	-1.2379357700e-01	4.1632536811e-01	1.2379357700e-01
7.3400000000e+00	-4.0827453071e-01	-1.2740424784e-01	4.0827453071e-01	1.2740424784e-01
7.3500000000e+00	-4.0007893231e-01	-1.3096972809e-01	4.0007893231e-01	1.3096972809e-01
7.3600000000e+00	-3.9173450259e-01	-1.3448646811e-01	3.9173450259e-01	1.3448646811e-01
7.3700000000e+00	-3.8323698773e-01	-1.3795063171e-01	3.8323698773e-01	1.3795063171e-01
7.3800000000e+00	-3.7458194164e-01	-1.4135806719e-01	3.7458194164e-01	1.4135806719e-01
7.3900000000e+00	-3.6576471690e-01	-1.4470427508e-01	3.6576471690e-01	1.4470427508e-01
7.4000000000e+00	-3.5678045591e-01	-1.4798437177e-01	3.5678045591e-01	1.4798437177e-01
7.4100000000e+00	-3.4762408228e-01	-1.5119304876e-01	3.4762408228e-01	1.5119304876e-01
7.4200000000e+00	-3.3829029270e-01	-1.5432452681e-01	3.3829029270e-01	1.5432452681e-01
7.4300000000e+00	-3.2877354968e-01	-1.5737250424e-01	3.2877354968e-01	1.5737250424e-01
7.4400000000e+00	-3.1906807561e-01	-1.6033009863e-01	3.1906807561e-01	1.6033009863e-01
7.4500000000e+00	-3.0916784868e-01	-1.6318978105e-01	3.0916784868e-01	1.6318978105e-01
7.4600000000e+00	-2.9906660147e-01	-1.6594330161e-01	2.9906660147e-01	1.6594330161e-01
7.4700000000e+00	-2.8875782325e-01	-1.6858160538e-01	2.8875782325e-01	1.6858160538e-01
7.4800000000e+00	-2.7823476721e-01	-1.7109473728e-01	2.7823476721e-01	1.7109473728e-01
7.4900000000e+00	-2.6749046450e-01	-1.7347173448e-01	2.6749046450e-01	1.7347173448e-01
7.5000000000e+00	-2.5651774715e-01	-1.7570050492e-01	2.5651774715e-01	1.7570050492e-01
7.5100000000e+00	-2.4530928296e-01	-1.7776769032e-01	2.4530928296e-01	1.7776769032e-01
7.5200000000e+00	-2.3385762600e-01	-1.7965851215e-01	2.3385762600e-01	1.7965851215e-01
7.5300000000e+00	-2.2215528771e-01	-1.8135659920e-01	2.2215528771e-01	1.8135659920e-01
7.5400000000e+00	-2.1019483493e-01	-1.8284379595e-01	2.1019483493e-01	1.8284379595e-01
7.5500000000e+00	-1.9796902282e-01	-1.8409995145e-01	1.9796902282e-01	1.8409995145e-01
7.5600000000e+00	-1.8547097318e-01	-1.8510269010e-01	1.8547097318e-01	1.8510269010e-01
7.5700000000e+00	-1.7269441106e-01	-1.8582716789e-01	1.7269441106e-01	1.8582716789e-01
7.5800000000e+00	-1.5963397578e-01	-1.8624582110e-01	1.5963397578e-01	1.8624582110e-01
7.5900000000e+00	-1.4628562616e-01	-1.8632812031e-01	1.4628562616e-01	1.8632812031e-01
7.6000000000e+00	-1.3264716262e-01	-1.8604035032e-01	1.3264716262e-01	1.8604035032e-01
7.6100000000e+00	-1.1871889212e-01	-1.8534544861e-01	1.1871889212e-01	1.8534544861e-01
7.6200000000e+00	-1.0450446119e-01	-1.8420295121e-01	1.0450446119e-01	1.8420295121e-01
7.6300000000e+00	-9.0011878132e-02	-1.8256911609e-01	9.0011878132e-02	1.8256911609e-01
7.6400000000e+00	-7.5254731057e-02	-1.8039732007e-01	7.5254731057e-02	1.8039732007e-01
7.6500000000e+00	-6.0253579366e-02	-1.7763885145e-01	6.0253579366e-02	1.7763885145e-01
7.6600000000e+00	-4.5037445586e-02	-1.7424423859e-01	4.5037445586e-02	1.7424423859e-01
7.6700000000e+00	-2.9645256981e-02	-1.7016524553e-01	2.9645256981e-02	1.7016524553e-01
7.6800000000e+00	-1.4126987746e-02	-1.6535760103e-01	1.4126987746e-02	1.6535760103e-01
7.6900000000e+00	1.4558407093e-03	-1.5978437319e-01	-1.4558407093e-03	1.5978437319e-01
7.7000000000e+00	1.7030670832e-02	-1.5341964405e-01	-1.7030670832e-02	1.5341964405e-01
7.7100000000e+00	3.2515674421e-02	-1.4625182964e-01	-3.2515674421e-02	1.4625182964e-01
7.7200000000e+00	4.7822682902e-02	-1.3828580260e-01	-4.7822682902e-02	1.3828580260e-01
7.7300000000e+00	6.2860751177e-02	-1.2954315662e-01	-6.2860751177e-02	1.2954315662e-01
7.7400000000e+00	7.7539585484e-02	-1.2006062348e-01	-7.7539585484e-02	1.2006062348e-01
7.7500000000e+00	9.1772357177e-02	-1.0988749375e-01	-9.1772357177e-02	1.0988749375e-01
7.7600000000e+00	1.0547813345e-01	-9.9083198962e-02	-1.0547813345e-01	9.9083198962e-02
7.7700000000e+00	1.1858459805e-01	-8.7715595711e-02	-1.1858459805e-01	8.7715595711e-02
7.7800000000e+00	1.3103134133e-01	-7.5859493978e-02	-1.3103134133e-01	7.5859493978e-02
7.7900000000e+00	1.4277310634e-01	-6.3594580411e-02	-1.4277310634e-01	6.3594580411e-02
7.8000000000e+00	1.5378189523e-01	-5.1002390843e-02	-1.5378189523e-01	5.1002390843e-02
7.8100000000e+00	1.6404718724e-01	-3.8162759221e-02	-1.6404718724e-01	3.8162759221e-02
7.8200000000e+00	1.7357429185e-01	-2.5150527202e-02	-1.7357429185e-01	2.5150527202e-02
7.8300000000e+00	1.8238145105e-01	-1.2033129169e-02	-1.8238145105e-01	1.2033129169e-02
7.8400000000e+00	1.9049646459e-01	1.1307283612e-03	-1.9049646459e-01	-1.1307283612e-03
7.8500000000e+00	1.9795345375e-01	1.4291403663e-02	-1.9795345375e-01	-1.4291403663e-02
7.8600000000e+00	2.0479011427e-01	2.7407942181e-02	-2.0479011427e-01	-2.7407942181e-02
7.8700000000e+00	2.1104558155e-01	4.0447270992e-02	-2.1104558155e-01	-4.0447270992e-02
7.8800000000e+00	2.1675888615e-01	5.3383197413e-02	-2.1675888615e-01	-5.3383197413e-02
7.8900000000e+00	2.2196790924e-01	6.6195370569e-02	-2.2196790924e-01	-6.6195370569e-02
7.9000000000e+00	2.2670872788e-01	7.8868300177e-02	-2.2670872788e-01	-7.8868300177e-02
7.9100000000e+00	2.3101524749e-01	9.1390479617e-02	-2.3101524749e-01	-9.1390479617e-02
7.9200000000e+00	2.3491903588e-01	1.0375362994e-01	-2.3491903588e-01	-1.0375362994e-01
7.9300000000e+00	2.3844929318e-01	1.1595206370e-01	-2.3844929318e-01	-1.1595206370e-01
7.9400000000e+00	2.4163290890e-01	1.2798215859e-01	-2.4163290890e-01	-1.2798215859e-01
7.9500000000e+00	2.4449457196e-01	1.3984192681e-01	-2.4449457196e-01	-1.3984192681e-01
7.9600000000e+00	2.4705690969e-01	1.5153066585e-01	-2.4705690969e-01	-1.5153066585e-01
7.9700000000e+00	2.4934063997e-01	1.6304867676e-01	-2.4934063997e-01	-1.6304867676e-01
7.9800000000e+00	2.5136472629e-01	1.7439703797e-01	-2.5136472629e-01	-1.7439703797e-01
7.9900000000e+00	2.5314652895e-01	1.8557742415e-01	-2.5314652895e-01	-1.8557742415e-01
8.0000000000e+00	2.5470194889e-01	1.9659196158e-01	-2.5470194889e-01	-1.9659196158e-01
8.0100000000e+00	2.5604556180e-01	2.0744311289e-01	-2.5604556180e-01	-2.0744311289e-01
8.0200000000e+00	2.5719074184e-01	2.1813358526e-01	-2.5719074184e-01	-2.1813358526e-01
8.0300000000e+00	2.5814977455e-01	2.2866625772e-01	-2.5814977455e-01	-2.2866625772e-01
8.0400000000e+00	2.5893395953e-01	2.3904412338e-01	-2.5893395953e-01	-2.3904412338e-01
8.0500000000e+00	2.5955370318e-01	2.4927024398e-01	-2.5955370318e-01	-2.4927024398e-01
8.0600000000e+00	2.6001860234e-01	2.5934771400e-01	-2.6001860234e-01	-2.5934771400e-01
8.0700000000e+00	2.6033751962e-01	2.6927963261e-01	-2.6033751962e-01	-2.6927963261e-01
8.0800000000e+00	2.6051865100e-01	2.7906908189e-01	-2.6051865100e-01	-2.7906908189e-01
8.0900000000e+00	2.6056958666e-01	2.8871910995e-01	-2.6056958666e-01	-2.8871910995e-01
8.1000000000e+00	2.6049736558e-01	2.9823271811e-01	-2.6049736558e-01	-2.9823271811e-01
8.1100000000e+00	2.6030852456e-01	3.0761285122e-01	-2.6030852456e-01	-3.0761285122e-01
8.1200000000e+00	2.6000914241e-01	3.1686239061e-01	-2.6000914241e-01	-3.1686239061e-01
8.1300000000e+00	2.5960487954e-01	3.2598414899e-01	-2.5960487954e-01	-3.2598414899e-01
8.1400000000e+00	2.5910101374e-01	3.3498086705e-01	-2.5910101374e-01	-3.3498086705e-01
8.1500000000e+00	2.5850247236e-01	3.4385521130e-01	-2.5850247236e-01	-3.4385521130e-01
8.1600000000e+00	2.5781386138e-01	3.5260977300e-01	-2.5781386138e-01	-3.5260977300e-01
8.1700000000e+00	2.5703949164e-01	3.6124706779e-01	-2.5703949164e-01	-3.6124706779e-01
8.1800000000e+00	2.5618340258e-01	3.6976953608e-01	-2.5618340258e-01	-3.6976953608e-01
8.1900000000e+00	2.5524938377e-01	3.7817954382e-01	-2.5524938377e-01	-3.7817954382e-01
8.2000000000e+00	2.5424099435e-01	3.8647938372e-01	-2.5424099435e-01	-3.8647938372e-01
8.2100000000e+00	2.5316158079e-01	3.9467127672e-01	-2.5316158079e-01	-3.9467127672e-01
8.2200000000e+00	2.5201429295e-01	4.0275737369e-01	-2.5201429295e-01	-4.0275737369e-01
8.2300000000e+00	2.5080209874e-01	4.1073975724e-01	-2.5080209874e-01	-4.1073975724e-01
8.2400000000e+00	2.4952779745e-01	4.1862044372e-01	-2.4952779745e-01	-4.1862044372e-01
8.2500000000e+00	2.4819403200e-01	4.2640138520e-01	-2.4819403200e-01	-4.2640138520e-01
8.2600000000e+00	2.4680329999e-01	4.3408447152e-01	-2.4680329999e-01	-4.3408447152e-01
8.2700000000e+00	2.4535796398e-01	4.4167153237e-01	-2.4535796398e-01	-4.4167153237e-01
8.2800000000e+00	2.4386026075e-01	4.4916433930e-01	-2.4386026075e-01	-4.4916433930e-01
8.2900000000e+00	2.4231230993e-01	4.5656460784e-01	-2.4231230993e-01	-4.5656460784e-01
8.3000000000e+00	2.4071612181e-01	4.6387399938e-01	-2.4071612181e-01	-4.6387399938e-01
8.3100000000e+00	2.3907360463e-01	4.7109412323e-01	-2.3907360463e-01	-4.7109412323e-01
8.3200000000e+00	2.3738657118e-01	4.7822653848e-01	-2.3738657118e-01	-4.7822653848e-01
8.3300000000e+00	2.3565674499e-01	4.8527275584e-01	-2.3565674499e-01	-4.8527275584e-01
8.3400000000e+00	2.3388576594e-01	4.9223423948e-01	-2.3388576594e-01	-4.9223423948e-01
8.3500000000e+00	2.3207519553e-01	4.9911240875e-01	-2.3207519553e-01	-4.9911240875e-01
8.3600000000e+00	2.3022652171e-01	5.0590863982e-01	-2.3022652171e-01	-5.0590863982e-01
8.3700000000e+00	2.2834116333e-01	5.1262426738e-01	-2.2834116333e-01	-5.1262426738e-01
8.3800000000e+00	2.2642047430e-01	5.1926058611e-01	-2.2642047430e-01	-5.1926058611e-01
8.3900000000e+00	2.2446574747e-01	5.2581885225e-01	-2.2446574747e-01	-5.2581885225e-01
8.4000000000e+00	2.2247821814e-01	5.3230028499e-01	-2.2247821814e-01	-5.3230028499e-01
8.4100000000e+00	2.2045906743e-01	5.3870606789e-01	-2.2045906743e-01	-5.3870606789e-01
8.4200000000e+00	2.1840942534e-01	5.4503735018e-01	-2.1840942534e-01	-5.4503735018e-01
8.4300000000e+00	2.1633037363e-01	5.5129524805e-01	-2.1633037363e-01	-5.5129524805e-01
8.4400000000e+00	2.1422294852e-01	5.5748084585e-01	-2.1422294852e-01	-5.5748084585e-01
8.4500000000e+00	2.1208814315e-01	5.6359519728e-01	-2.1208814315e-01	-5.6359519728e-01
8.4600000000e+00	2.0992690995e-01	5.6963932653e-01	-2.0992690995e-01	-5.6963932653e-01
8.4700000000e+00	2.0774016279e-01	5.7561422928e-01	-2.0774016279e-01	-5.7561422928e-01
8.4800000000e+00	2.0552877904e-01	5.8152087382e-01	-2.0552877904e-01	-5.8152087382e-01
8.4900000000e+00	2.0329360147e-01	5.8736020198e-01	-2.0329360147e-01	-5.8736020198e-01
8.5000000000e+00	2.0103544002e-01	5.9313313009e-01	-2.0103544002e-01	-5.9313313009e-01
8.5100000000e+00	1.9875507351e-01	5.9884054988e-01	-1.9875507351e-01	-5.9884054988e-01
8.5200000000e+00	1.9645325119e-01	6.0448332935e-01	-1.9645325119e-01	-6.0448332935e-01
8.5300000000e+00	1.9413069420e-01	6.1006231361e-01	-1.9413069420e-01	-6.1006231361e-01
8.5400000000e+00	1.9178809699e-01	6.1557832566e-01	-1.9178809699e-01	-6.1557832566e-01
8.5500000000e+00	1.8942612860e-01	6.2103216715e-01	-1.8942612860e-01	-6.2103216715e-01
8.5600000000e+00	1.8704543388e-01	6.2642461914e-01	-1.8704543388e-01	-6.2642461914e-01
8.5700000000e+00	1.8464663466e-01	6.3175644277e-01	-1.8464663466e-01	-6.3175644277e-01
8.5800000000e+00	1.8223033083e-01	6.3702837995e-01	-1.8223033083e-01	-6.3702837995e-01
8.5900000000e+00	1.7979710138e-01	6.4224115397e-01	-1.7979710138e-01	-6.4224115397e-01
8.6000000000e+00	1.7734750533e-01	6.4739547018e-01	-1.7734750533e-01	-6.4739547018e-01
8.6100000000e+00	1.7488208268e-01	6.5249201652e-01	-1.7488208268e-01	-6.5249201652e-01
8.6200000000e+00	1.7240135524e-01	6.5753146413e-01	-1.7240135524e-01	-6.5753146413e-01
8.6300000000e+00	1.6990582747e-01	6.6251446788e-01	-1.6990582747e-01	-6.6251446788e-01
8.6400000000e+00	1.6739598725e-01	6.6744166689e-01	-1.6739598725e-01	-6.6744166689e-01
8.6500000000e+00	1.6487230657e-01	6.7231368502e-01	-1.6487230657e-01	-6.7231368502e-01
8.6600000000e+00	1.6233524229e-01	6.7713113142e-01	-1.6233524229e-01	-6.7713113142e-01
8.6700000000e+00	1.5978523671e-01	6.8189460088e-01	-1.5978523671e-01	-6.8189460088e-01
8.6800000000e+00	1.5722271825e-01	6.8660467440e-01	-1.5722271825e-01	-6.8660467440e-01
8.6900000000e+00	1.5464810203e-01	6.9126191952e-01	-1.5464810203e-01	-6.9126191952e-01
8.7000000000e+00	1.5206179039e-01	6.9586689078e-01	-1.5206179039e-01	-6.9586689078e-01
8.7100000000e+00	1.4946417347e-01	7.0042013011e-01	-1.4946417347e-01	-7.0042013011e-01
8.7200000000e+00	1.4685562967e-01	7.0492216722e-01	-1.4685562967e-01	-7.0492216722e-01
8.7300000000e+00	1.4423652615e-01	7.0937351992e-01	-1.4423652615e-01	-7.0937351992e-01
8.7400000000e+00	1.4160721927e-01	7.1377469454e-01	-1.4160721927e-01	-7.1377469454e-01
8.7500000000e+00	1.3896805505e-01	7.1812618621e-01	-1.3896805505e-01	-7.1812618621e-01
8.7600000000e+00	1.3631936953e-01	7.2242847924e-01	-1.3631936953e-01	-7.2242847924e-01
8.7700000000e+00	1.3366148921e-01	7.2668204738e-01	-1.3366148921e-01	-7.2668204738e-01
8.7800000000e+00	1.3099473141e-01	7.3088735417e-01	-1.3099473141e-01	-7.3088735417e-01
8.7900000000e+00	1.2831940461e-01	7.3504485320e-01	-1.2831940461e-01	-7.3504485320e-01
8.8000000000e+00	1.2563580880e-01	7.3915498841e-01	-1.2563580880e-01	-7.3915498841e-01
8.8100000000e+00	1.2294423578e-01	7.4321819435e-01	-1.2294423578e-01	-7.4321819435e-01
8.8200000000e+00	1.2024496953e-01	7.4723489645e-01	-1.2024496953e-01	-7.4723489645e-01
8.8300000000e+00	1.1753828643e-01	7.5120551127e-01	-1.1753828643e-01	-7.5120551127e-01
8.8400000000e+00	1.1482445557e-01	7.5513044674e-01	-1.1482445557e-01	-7.5513044674e-01
8.8500000000e+00	1.1210373905e-01	7.5901010239e-01	-1.1210373905e-01	-7.5901010239e-01
8.8600000000e+00	1.0937639218e-01	7.6284486960e-01	-1.0937639218e-01	-7.6284486960e-01
8.8700000000e+00	1.0664266377e-01	7.6663513178e-01	-1.0664266377e-01	-7.6663513178e-01
8.8800000000e+00	1.0390279633e-01	7.7038126463e-01	-1.0390279633e-01	-7.7038126463e-01
8.8900000000e+00	1.0115702634e-01	7.7408363629e-01	-1.0115702634e-01	-7.7408363629e-01
8.9000000000e+00	9.8405584407e-02	7.7774260758e-01	-9.8405584407e-02	-7.7774260758e-01
8.9100000000e+00	9.5648695518e-02	7.8135853216e-01	-9.5648695518e-02	-7.8135853216e-01
8.9200000000e+00	9.2886579212e-02	7.8493175676e-01	-9.2886579212e-02	-7.8493175676e-01
8.9300000000e+00	9.0119449781e-02	7.8846262129e-01	-9.0119449781e-02	-7.8846262129e-01
8.9400000000e+00	8.7347516444e-02	7.9195145908e-01	-8.7347516444e-02	-7.9195145908e-01
8.9500000000e+00	8.4570983523e-02	7.9539859697e-01	-8.4570983523e-02	-7.9539859697e-01
8.9600000000e+00	8.1790050610e-02	7.9880435558e-01	-8.1790050610e-02	-7.9880435558e-01
8.9700000000e+00	7.9004912727e-02	8.0216904934e-01	-7.9004912727e-02	-8.0216904934e-01
8.9800000000e+00	7.6215760478e-02	8.0549298673e-01	-7.6215760478e-02	-8.0549298673e-01
8.9900000000e+00	7.3422780199e-02	8.0877647040e-01	-7.3422780199e-02	-8.0877647040e-01
9.0000000000e+00	7.0626154096e-02	8.1201979731e-01	-7.0626154096e-02	-8.1201979731e-01
9.0100000000e+00	6.7826060385e-02	8.1522325884e-01	-6.7826060385e-02	-8.1522325884e-01
9.0200000000e+00	6.5022673419e-02	8.1838714098e-01	-6.5022673419e-02	-8.1838714098e-01
9.0300000000e+00	6.2216163817e-02	8.2151172441e-01	-6.2216163817e-02	-8.2151172441e-01
9.0400000000e+00	5.9406698583e-02	8.2459728464e-01	-5.9406698583e-02	-8.2459728464e-01
9.0500000000e+00	5.6594441221e-02	8.2764409214e-01	-5.6594441221e-02	-8.2764409214e-01
9.0600000000e+00	5.3779551852e-02	8.3065241242e-01	-5.3779551852e-02	-8.3065241242e-01
9.0700000000e+00	5.0962187318e-02	8.3362250620e-01	-5.0962187318e-02	-8.3362250620e-01
9.0800000000e+00	4.8142501285e-02	8.3655462949e-01	-4.8142501285e-02	-8.3655462949e-01
9.0900000000e+00	4.5320644346e-02	8.3944903366e-01	-4.5320644346e-02	-8.3944903366e-01
9.1000000000e+00	4.2496764117e-02	8.4230596563e-01	-4.2496764117e-02	-8.4230596563e-01
9.1100000000e+00	3.9671005326e-02	8.4512566788e-01	-3.9671005326e-02	-8.4512566788e-01
9.1200000000e+00	3.6843509909e-02	8.4790837860e-01	-3.6843509909e-02	-8.4790837860e-01
9.1300000000e+00	3.4014417090e-02	8.5065433178e-01	-3.4014417090e-02	-8.5065433178e-01
9.1400000000e+00	3.1183863471e-02	8.5336375728e-01	-3.1183863471e-02	-8.5336375728e-01
9.1500000000e+00	2.8351983106e-02	8.5603688092e-01	-2.8351983106e-02	-8.5603688092e-01
9.1600000000e+00	2.5518907583e-02	8.5867392461e-01	-2.5518907583e-02	-8.5867392461e-01
9.1700000000e+00	2.2684766096e-02	8.6127510637e-01	-2.2684766096e-02	-8.6127510637e-01
9.1800000000e+00	1.9849685521e-02	8.6384064046e-01	-1.9849685521e-02	-8.6384064046e-01
9.1900000000e+00	1.7013790483e-02	8.6637073743e-01	-1.7013790483e-02	-8.6637073743e-01
9.2000000000e+00	1.4177203424e-02	8.6886560422e-01	-1.4177203424e-02	-8.6886560422e-01
9.2100000000e+00	1.1340044670e-02	8.7132544422e-01	-1.1340044670e-02	-8.7132544422e-01
9.2200000000e+00	8.5024324915e-03	8.7375045733e-01	-8.5024324915e-03	-8.7375045733e-01
9.2300000000e+00	5.6644831683e-03	8.7614084007e-01	-5.6644831683e-03	-8.7614084007e-01
9.2400000000e+00	2.8263110451e-03	8.7849678559e-01	-2.8263110451e-03	-8.7849678559e-01
9.2500000000e+00	-1.1971409683e-05	8.8081848382e-01	1.1971409683e-05	-8.8081848382e-01
9.2600000000e+00	-2.8502535486e-03	8.8310612144e-01	2.8502535486e-03	-8.8310612144e-01
9.2700000000e+00	-5.6884264918e-03	8.8535988201e-01	5.6884264918e-03	-8.8535988201e-01
9.2800000000e+00	-8.5263830751e-03	8.8757994600e-01	8.5263830751e-03	-8.8757994600e-01
9.2900000000e+00	-1.1364017800e-02	8.8976649088e-01	1.1364017800e-02	-8.8976649088e-01
9.3000000000e+00	-1.4201226783e-02	8.9191969113e-01	1.4201226783e-02	-8.9191969113e-01
9.3100000000e+00	-1.7037907713e-02	8.9403971834e-01	1.7037907713e-02	-8.9403971834e-01
9.3200000000e+00	-1.9873959801e-02	8.9612674126e-01	1.9873959801e-02	-8.9612674126e-01
9.3300000000e+00	-2.2709283736e-02	8.9818092581e-01	2.2709283736e-02	-8.9818092581e-01
9.3400000000e+00	-2.5543781646e-02	9.0020243519e-01	2.5543781646e-02	-9.0020243519e-01
9.3500000000e+00	-2.8377357051e-02	9.0219142990e-01	2.8377357051e-02	-9.0219142990e-01
9.3600000000e+00	-3.1209914828e-02	9.0414806779e-01	3.1209914828e-02	-9.0414806779e-01
9.3700000000e+00	-3.4041361166e-02	9.0607250412e-01	3.4041361166e-02	-9.0607250412e-01
9.3800000000e+00	-3.6871603531e-02	9.0796489160e-01	3.6871603531e-02	-9.0796489160e-01
9.3900000000e+00	-3.9700550630e-02	9.0982538042e-01	3.9700550630e-02	-9.0982538042e-01
9.4000000000e+00	-4.2528112373e-02	9.1165411833e-01	4.2528112373e-02	-9.1165411833e-01
9.4100000000e+00	-4.5354199839e-02	9.1345125065e-01	4.5354199839e-02	-9.1345125065e-01
9.4200000000e+00	-4.8178725239e-02	9.1521692033e-01	4.8178725239e-02	-9.1521692033e-01
9.4300000000e+00	-5.1001601888e-02	9.1695126798e-01	5.1001601888e-02	-9.1695126798e-01
9.4400000000e+00	-5.3822744170e-02	9.1865443193e-01	5.3822744170e-02	-9.1865443193e-01
9.4500000000e+00	-5.6642067507e-02	9.2032654824e-01	5.6642067507e-02	-9.2032654824e-01
9.4600000000e+00	-5.9459488328e-02	9.2196775077e-01	5.9459488328e-02	-9.2196775077e-01
9.4700000000e+00	-6.2274924042e-02	9.2357817119e-01	6.2274924042e-02	-9.2357817119e-01
9.4800000000e+00	-6.5088293005e-02	9.2515793902e-01	6.5088293005e-02	-9.2515793902e-01
9.4900000000e+00	-6.7899514497e-02	9.2670718169e-01	6.7899514497e-02	-9.2670718169e-01
9.5000000000e+00	-7.0708508688e-02	9.2822602454e-01	7.0708508688e-02	-9.2822602454e-01
9.5100000000e+00	-7.3515196621e-02	9.2971459088e-01	7.3515196621e-02	-9.2971459088e-01
9.5200000000e+00	-7.6319500176e-02	9.3117300202e-01	7.6319500176e-02	-9.3117300202e-01
9.5300000000e+00	-7.9121342050e-02	9.3260137727e-01	7.9121342050e-02	-9.3260137727e-01
9.5400000000e+00	-8.1920645735e-02	9.3399983402e-01	8.1920645735e-02	-9.3399983402e-01
9.5500000000e+00	-8.4717335486e-02	9.3536848774e-01	8.4717335486e-02	-9.3536848774e-01
9.5600000000e+00	-8.7511336306e-02	9.3670745200e-01	8.7511336306e-02	-9.3670745200e-01
9.5700000000e+00	-9.0302573917e-02	9.3801683855e-01	9.0302573917e-02	-9.3801683855e-01
9.5800000000e+00	-9.3090974742e-02	9.3929675728e-01	9.3090974742e-02	-9.3929675728e-01
9.5900000000e+00	-9.5876465880e-02	9.4054731630e-01	9.5876465880e-02	-9.4054731630e-01
9.6000000000e+00	-9.8658975086e-02	9.4176862193e-01	9.8658975086e-02	-9.4176862193e-01
9.6100000000e+00	-1.0143843075e-01	9.4296077876e-01	1.0143843075e-01	-9.4296077876e-01
9.6200000000e+00	-1.0421476188e-01	9.4412388965e-01	1.0421476188e-01	-9.4412388965e-01
9.6300000000e+00	-1.0698789808e-01	9.4525805578e-01	1.0698789808e-01	-9.4525805578e-01
9.6400000000e+00	-1.0975776953e-01	9.4636337663e-01	1.0975776953e-01	-9.4636337663e-01
9.6500000000e+00	-1.1252430695e-01	9.4743995007e-01	1.1252430695e-01	-9.4743995007e-01
9.6600000000e+00	-1.1528744162e-01	9.4848787231e-01	1.1528744162e-01	-9.4848787231e-01
9.6700000000e+00	-1.1804710534e-01	9.4950723797e-01	1.1804710534e-01	-9.4950723797e-01
9.6800000000e+00	-1.2080323040e-01	9.5049814011e-01	1.2080323040e-01	-9.5049814011e-01
9.6900000000e+00	-1.2355574958e-01	9.5146067022e-01	1.2355574958e-01	-9.5146067022e-01
9.7000000000e+00	-1.2630459613e-01	9.5239491823e-01	1.2630459613e-01	-9.5239491823e-01
9.7100000000e+00	-1.2904970375e-01	9.5330097258e-01	1.2904970375e-01	-9.5330097258e-01
9.7200000000e+00	-1.3179100657e-01	9.5417892022e-01	1.3179100657e-01	-9.5417892022e-01
9.7300000000e+00	-1.3452843916e-01	9.5502884661e-01	1.3452843916e-01	-9.5502884661e-01
9.7400000000e+00	-1.3726193646e-01	9.5585083574e-01	1.3726193646e-01	-9.5585083574e-01
9.7500000000e+00	-1.3999143383e-01	9.5664497020e-01	1.3999143383e-01	-9.5664497020e-01
9.7600000000e+00	-1.4271686698e-01	9.5741133111e-01	1.4271686698e-01	-9.5741133111e-01
9.7700000000e+00	-1.4543817198e-01	9.5814999823e-01	1.4543817198e-01	-9.5814999823e-01
9.7800000000e+00	-1.4815528528e-01	9.5886104991e-01	1.4815528528e-01	-9.5886104991e-01
9.7900000000e+00	-1.5086814360e-01	9.5954456315e-01	1.5086814360e-01	-9.5954456315e-01
9.8000000000e+00	-1.5357668401e-01	9.6020061358e-01	1.5357668401e-01	-9.6020061358e-01
9.8100000000e+00	-1.5628084389e-01	9.6082927552e-01	1.5628084389e-01	-9.6082927552e-01
9.8200000000e+00	-1.5898056089e-01	9.6143062193e-01	1.5898056089e-01	-9.6143062193e-01
9.8300000000e+00	-1.6167577293e-01	9.6200472451e-01	1.6167577293e-01	-9.6200472451e-01
9.8400000000e+00	-1.6436641820e-01	9.6255165365e-01	1.6436641820e-01	-9.6255165365e-01
9.8500000000e+00	-1.6705243515e-01	9.6307147845e-01	1.6705243515e-01	-9.6307147845e-01
9.8600000000e+00	-1.6973376244e-01	9.6356426679e-01	1.6973376244e-01	-9.6356426679e-01
9.8700000000e+00	-1.7241033897e-01	9.6403008527e-01	1.7241033897e-01	-9.6403008527e-01
9.8800000000e+00	-1.7508210385e-01	9.6446899928e-01	1.7508210385e-01	-9.6446899928e-01
9.8900000000e+00	-1.7774899638e-01	9.6488107296e-01	1.7774899638e-01	-9.6488107296e-01
9.9000000000e+00	-1.8041095606e-01	9.6526636928e-01	1.8041095606e-01	-9.6526636928e-01
9.9100000000e+00	-1.8306792255e-01	9.6562495000e-01	1.8306792255e-01	-9.6562495000e-01
9.9200000000e+00	-1.8571983568e-01	9.6595687570e-01	1.8571983568e-01	-9.6595687570e-01
9.9300000000e+00	-1.8836663544e-01	9.6626220579e-01	1.8836663544e-01	-9.6626220579e-01
9.9400000000e+00	-1.9100826193e-01	9.6654099852e-01	1.9100826193e-01	-9.6654099852e-01
9.9500000000e+00	-1.9364465542e-01	9.6679331101e-01	1.9364465542e-01	-9.6679331101e-01
9.9600000000e+00	-1.9627575626e-01	9.6701919922e-01	1.9627575626e-01	-9.6701919922e-01
9.9700000000e+00	-1.9890150493e-01	9.6721871802e-01	1.9890150493e-01	-9.6721871802e-01
9.9800000000e+00	-2.0152184200e-01	9.6739192113e-01	2.0152184200e-01	-9.6739192113e-01
9.9900000000e+00	-2.0413670812e-01	9.6753886120e-01	2.0413670812e-01	-9.6753886120e-01
1.0000000000e+01	-2.0674604401e-01	9.6765958976e-01	2.0674604401e-01	-9.6765958976e-01
1.0010000000e+01	-2.0934979047e-01	9.6775415728e-01	2.0934979047e-01	-9.6775415728e-01
1.0020000000e+01	-2.1194788834e-01	9.6782261314e-01	2.1194788834e-01	-9.6782261314e-01
1.0030000000e+01	-2.1454027850e-01	9.6786500568e-01	2.1454027850e-01	-9.6786500568e-01
1.0040000000e+01	-2.1712690188e-01	9.6788138215e-01	2.1712690188e-01	-9.6788138215e-01
1.0050000000e+01	-2.1970769940e-01	9.6787178878e-01	2.1970769940e-01	-9.6787178878e-01
1.0060000000e+01	-2.2228261203e-01	9.6783627077e-01	2.2228261203e-01	-9.6783627077e-01
1.0070000000e+01	-2.2485158072e-01	9.6777487226e-01	2.2485158072e-01	-9.6777487226e-01
1.0080000000e+01	-2.2741454640e-01	9.6768763640e-01	2.2741454640e-01	-9.6768763640e-01
1.0090000000e+01	-2.2997145001e-01	9.6757460530e-01	2.2997145001e-01	-9.6757460530e-01
1.0100000000e+01	-2.3252223244e-01	9.6743582010e-01	2.3252223244e-01	-9.6743582010e-01
1.0110000000e+01	-2.3506683456e-01	9.6727132090e-01	2.3506683456e-01	-9.6727132090e-01
1.0120000000e+01	-2.3760519717e-01	9.6708114684e-01	2.3760519717e-01	-9.6708114684e-01
1.0130000000e+01	-2.4013726103e-01	9.6686533607e-01	2.4013726103e-01	-9.6686533607e-01
1.0140000000e+01	-2.4266296683e-01	9.6662392575e-01	2.4266296683e-01	-9.6662392575e-01
1.0150000000e+01	-2.4518225518e-01	9.6635695210e-01	2.4518225518e-01	-9.6635695210e-01
1.0160000000e+01	-2.4769506660e-01	9.6606445034e-01	2.4769506660e-01	-9.6606445034e-01
1.0170000000e+01	-2.5020134151e-01	9.6574645476e-01	2.5020134151e-01	-9.6574645476e-01
1.0180000000e+01	-2.5270102024e-01	9.6540299868e-01	2.5270102024e-01	-9.6540299868e-01
1.0190000000e+01	-2.5519404300e-01	9.6503411450e-01	2.5519404300e-01	-9.6503411450e-01
1.0200000000e+01	-2.5768034986e-01	9.6463983364e-01	2.5768034986e-01	-9.6463983364e-01
1.0210000000e+01	-2.6015988076e-01	9.6422018662e-01	2.6015988076e-01	-9.6422018662e-01
1.0220000000e+01	-2.6263257552e-01	9.6377520303e-01	2.6263257552e-01	-9.6377520303e-01
1.0230000000e+01	-2.6509837377e-01	9.6330491150e-01	2.6509837377e-01	-9.6330491150e-01
1.0240000000e+01	-2.6755721500e-01	9.6280933979e-01	2.6755721500e-01	-9.6280933979e-01
1.0250000000e+01	-2.7000903853e-01	9.6228851470e-01	2.7000903853e-01	-9.6228851470e-01
1.0260000000e+01	-2.7245378347e-01	9.6174246216e-01	2.7245378347e-01	-9.6174246216e-01
1.0270000000e+01	-2.7489138877e-01	9.6117120716e-01	2.7489138877e-01	-9.6117120716e-01
1.0280000000e+01	-2.7732179316e-01	9.6057477381e-01	2.7732179316e-01	-9.6057477381e-01
1.0290000000e+01	-2.7974493515e-01	9.5995318531e-01	2.7974493515e-01	-9.5995318531e-01
1.0300000000e+01	-2.8216075306e-01	9.5930646397e-01	2.8216075306e-01	-9.5930646397e-01
1.0310000000e+01	-2.8456918496e-01	9.5863463122e-01	2.8456918496e-01	-9.5863463122e-01
1.0320000000e+01	-2.8697016866e-01	9.5793770759e-01	2.8697016866e-01	-9.5793770759e-01
1.0330000000e+01	-2.8936364176e-01	9.5721571272e-01	2.8936364176e-01	-9.5721571272e-01
1.0340000000e+01	-2.9174954156e-01	9.5646866539e-01	2.9174954156e-01	-9.5646866539e-01
1.0350000000e+01	-2.9412780513e-01	9.5569658349e-01	2.9412780513e-01	-9.5569658349e-01
1.0360000000e+01	-2.9649836922e-01	9.5489948404e-01	2.9649836922e-01	-9.5489948404e-01
1.0370000000e+01	-2.9886117031e-01	9.5407738318e-01	2.9886117031e-01	-9.5407738318e-01
1.0380000000e+01	-3.0121614460e-01	9.5323029619e-01	3.0121614460e-01	-9.5323029619e-01
1.0390000000e+01	-3.0356322793e-01	9.5235823747e-01	3.0356322793e-01	-9.5235823747e-01
1.0400000000e+01	-3.0590235586e-01	9.5146122057e-01	3.0590235586e-01	-9.5146122057e-01
1.0410000000e+01	-3.0823346361e-01	9.5053925817e-01	3.0823346361e-01	-9.5053925817e-01
1.0420000000e+01	-3.1055648606e-01	9.4959236208e-01	3.1055648606e-01	-9.4959236208e-01
1.0430000000e+01	-3.1287135772e-01	9.4862054327e-01	3.1287135772e-01	-9.4862054327e-01
1.0440000000e+01	-3.1517801276e-01	9.4762381183e-01	3.1517801276e-01	-9.4762381183e-01
1.0450000000e+01	-3.1747638498e-01	9.4660217701e-01	3.1747638498e-01	-9.4660217701e-01
1.0460000000e+01	-3.1976640777e-01	9.4555564720e-01	3.1976640777e-01	-9.4555564720e-01
1.0470000000e+01	-3.2204801415e-01	9.4448422993e-01	3.2204801415e-01	-9.4448422993e-01
1.0480000000e+01	-3.2432113673e-01	9.4338793187e-01	3.2432113673e-01	-9.4338793187e-01
1.0490000000e+01	-3.2658570770e-01	9.4226675886e-01	3.2658570770e-01	-9.4226675886e-01
1.0500000000e+01	-3.2884165883e-01	9.4112071586e-01	3.2884165883e-01	-9.4112071586e-01
1.0510000000e+01	-3.3108892144e-01	9.3994980701e-01	3.3108892144e-01	-9.3994980701e-01
1.0520000000e+01	-3.3332742642e-01	9.3875403556e-01	3.3332742642e-01	-9.3875403556e-01
1.0530000000e+01	-3.3555710417e-01	9.3753340395e-01	3.3555710417e-01	-9.3753340395e-01
1.0540000000e+01	-3.3777788464e-01	9.3628791373e-01	3.3777788464e-01	-9.3628791373e-01
1.0550000000e+01	-3.3998969730e-01	9.3501756562e-01	3.3998969730e-01	-9.3501756562e-01
1.0560000000e+01	-3.4219247110e-01	9.3372235949e-01	3.4219247110e-01	-9.3372235949e-01
1.0570000000e+01	-3.4438613450e-01	9.3240229434e-01	3.4438613450e-01	-9.3240229434e-01
1.0580000000e+01	-3.4657061544e-01	9.3105736833e-01	3.4657061544e-01	-9.3105736833e-01
1.0590000000e+01	-3.4874584131e-01	9.2968757877e-01	3.4874584131e-01	-9.2968757877e-01
1.0600000000e+01	-3.5091173898e-01	9.2829292209e-01	3.5091173898e-01	-9.2829292209e-01
1.0610000000e+01	-3.5306823473e-01	9.2687339390e-01	3.5306823473e-01	-9.2687339390e-01
1.0620000000e+01	-3.5521525430e-01	9.2542898893e-01	3.5521525430e-01	-9.2542898893e-01
1.0630000000e+01	-3.5735272283e-01	9.2395970105e-01	3.5735272283e-01	-9.2395970105e-01
1.0640000000e+01	-3.5948056487e-01	9.2246552327e-01	3.5948056487e-01	-9.2246552327e-01
1.0650000000e+01	-3.6159870435e-01	9.2094644776e-01	3.6159870435e-01	-9.2094644776e-01
1.0660000000e+01	-3.6370706458e-01	9.1940246579e-01	3.6370706458e-01	-9.1940246579e-01
1.0670000000e+01	-3.6580556823e-01	9.1783356779e-01	3.6580556823e-01	-9.1783356779e-01
1.0680000000e+01	-3.6789413733e-01	9.1623974331e-01	3.6789413733e-01	-9.1623974331e-01
1.0690000000e+01	-3.6997269323e-01	9.1462098104e-01	3.6997269323e-01	-9.1462098104e-01
1.0700000000e+01	-3.7204115660e-01	9.1297726879e-01	3.7204115660e-01	-9.1297726879e-01
1.0710000000e+01	-3.7409944741e-01	9.1130859348e-01	3.7409944741e-01	-9.1130859348e-01
1.0720000000e+01	-3.7614748494e-01	9.0961494117e-01	3.7614748494e-01	-9.0961494117e-01
1.0730000000e+01	-3.7818518772e-01	9.0789629704e-01	3.7818518772e-01	-9.0789629704e-01
1.0740000000e+01	-3.8021247355e-01	9.0615264536e-01	3.8021247355e-01	-9.0615264536e-01
1.0750000000e+01	-3.8222925947e-01	9.0438396955e-01	3.8222925947e-01	-9.0438396955e-01
1.0760000000e+01	-3.8423546175e-01	9.0259025210e-01	3.8423546175e-01	-9.0259025210e-01
1.0770000000e+01	-3.8623099586e-01	9.0077147463e-01	3.8623099586e-01	-9.0077147463e-01
1.0780000000e+01	-3.8821577648e-01	8.9892761784e-01	3.8821577648e-01	-8.9892761784e-01
1.0790000000e+01	-3.9018971745e-01	8.9705866155e-01	3.9018971745e-01	-8.9705866155e-01
1.0800000000e+01	-3.9215273178e-01	8.9516458465e-01	3.9215273178e-01	-8.9516458465e-01
1.0810000000e+01	-3.9410473162e-01	8.9324536513e-01	3.9410473162e-01	-8.9324536513e-01
1.0820000000e+01	-3.9604562825e-01	8.9130098006e-01	3.9604562825e-01	-8.9130098006e-01
1.0830000000e+01	-3.9797533202e-01	8.8933140558e-01	3.9797533202e-01	-8.8933140558e-01
1.0840000000e+01	-3.9989375243e-01	8.8733661692e-01	3.9989375243e-01	-8.8733661692e-01
1.0850000000e+01	-4.0180079798e-01	8.8531658836e-01	4.0180079798e-01	-8.8531658836e-01
1.0860000000e+01	-4.0369637628e-01	8.8327129326e-01	4.0369637628e-01	-8.8327129326e-01
1.0870000000e+01	-4.0558039392e-01	8.8120070403e-01	4.0558039392e-01	-8.8120070403e-01
1.0880000000e+01	-4.0745275654e-01	8.7910479211e-01	4.0745275654e-01	-8.7910479211e-01
1.0890000000e+01	-4.0931336872e-01	8.7698352803e-01	4.0931336872e-01	-8.7698352803e-01
1.0900000000e+01	-4.1116213406e-01	8.7483688133e-01	4.1116213406e-01	-8.7483688133e-01
1.0910000000e+01	-4.1299895507e-01	8.7266482057e-01	4.1299895507e-01	-8.7266482057e-01
1.0920000000e+01	-4.1482373320e-01	8.7046731338e-01	4.1482373320e-01	-8.7046731338e-01
1.0930000000e+01	-4.1663636879e-01	8.6824432636e-01	4.1663636879e-01	-8.6824432636e-01
1.0940000000e+01	-4.1843676108e-01	8.6599582517e-01	4.1843676108e-01	-8.6599582517e-01
1.0950000000e+01	-4.2022480813e-01	8.6372177444e-01	4.2022480813e-01	-8.6372177444e-01
1.0960000000e+01	-4.2200040688e-01	8.6142213782e-01	4.2200040688e-01	-8.6142213782e-01
1.0970000000e+01	-4.2376345304e-01	8.5909687794e-01	4.2376345304e-01	-8.5909687794e-01
1.0980000000e+01	-4.2551384111e-01	8.5674595641e-01	4.2551384111e-01	-8.5674595641e-01
1.0990000000e+01	-4.2725146436e-01	8.5436933382e-01	4.2725146436e-01	-8.5436933382e-01
1.1000000000e+01	-4.2897621479e-01	8.5196696974e-01	4.2897621479e-01	-8.5196696974e-01
1.1010000000e+01	-4.3068798309e-01	8.4953882267e-01	4.3068798309e-01	-8.4953882267e-01
1.1020000000e+01	-4.3238665864e-01	8.4708485009e-01	4.3238665864e-01	-8.4708485009e-01
1.1030000000e+01	-4.3407212948e-01	8.4460500841e-01	4.3407212948e-01	-8.4460500841e-01
1.1040000000e+01	-4.3574428225e-01	8.4209925295e-01	4.3574428225e-01	-8.4209925295e-01
1.1050000000e+01	-4.3740300219e-01	8.3956753798e-01	4.3740300219e-01	-8.3956753798e-01
1.1060000000e+01	-4.3904817313e-01	8.3700981667e-01	4.3904817313e-01	-8.3700981667e-01
1.1070000000e+01	-4.4067967738e-01	8.3442604109e-01	4.4067967738e-01	-8.3442604109e-01
1.1080000000e+01	-4.4229739581e-01	8.3181616222e-01	4.4229739581e-01	-8.3181616222e-01
1.1090000000e+01	-4.4390120771e-01	8.2918012990e-01	4.4390120771e-01	-8.2918012990e-01
1.1100000000e+01	-4.4549099084e-01	8.2651789285e-01	4.4549099084e-01	-8.2651789285e-01
1.1110000000e+01	-4.4706662135e-01	8.2382939865e-01	4.4706662135e-01	-8.2382939865e-01
1.1120000000e+01	-4.4862797377e-01	8.2111459373e-01	4.4862797377e-01	-8.2111459373e-01
1.1130000000e+01	-4.5017492094e-01	8.1837342335e-01	4.5017492094e-01	-8.1837342335e-01
1.1140000000e+01	-4.5170733403e-01	8.1560583160e-01	4.5170733403e-01	-8.1560583160e-01
1.1150000000e+01	-4.5322508245e-01	8.1281176140e-01	4.5322508245e-01	-8.1281176140e-01
1.1160000000e+01	-4.5472803383e-01	8.0999115443e-01	4.5472803383e-01	-8.0999115443e-01
1.1170000000e+01	-4.5621605401e-01	8.0714395120e-01	4.5621605401e-01	-8.0714395120e-01
1.1180000000e+01	-4.5768900694e-01	8.0427009097e-01	4.5768900694e-01	-8.0427009097e-01
1.1190000000e+01	-4.5914675471e-01	8.0136951177e-01	4.5914675471e-01	-8.0136951177e-01
1.1200000000e+01	-4.6058915745e-01	7.9844215037e-01	4.6058915745e-01	-7.9844215037e-01
1.1210000000e+01	-4.6201607330e-01	7.9548794229e-01	4.6201607330e-01	-7.9548794229e-01
1.1220000000e+01	-4.6342735840e-01	7.9250682175e-01	4.6342735840e-01	-7.9250682175e-01
1.1230000000e+01	-4.6482286681e-01	7.8949872168e-01	4.6482286681e-01	-7.8949872168e-01
1.1240000000e+01	-4.6620245046e-01	7.8646357372e-01	4.6620245046e-01	-7.8646357372e-01
1.1250000000e+01	-4.6756595914e-01	7.8340130815e-01	4.6756595914e-01	-7.8340130815e-01
1.1260000000e+01	-4.6891324039e-01	7.8031185393e-01	4.6891324039e-01	-7.8031185393e-01
1.1270000000e+01	-4.7024413952e-01	7.7719513866e-01	4.7024413952e-01	-7.7719513866e-01
1.1280000000e+01	-4.7155849950e-01	7.7405108856e-01	4.7155849950e-01	-7.7405108856e-01
1.1290000000e+01	-4.7285616096e-01	7.7087962847e-01	4.7285616096e-01	-7.7087962847e-01
1.1300000000e+01	-4.7413696206e-01	7.6768068180e-01	4.7413696206e-01	-7.6768068180e-01
1.1310000000e+01	-4.7540073852e-01	7.6445417055e-01	4.7540073852e-01	-7.6445417055e-01
1.1320000000e+01	-4.7664732351e-01	7.6120001528e-01	4.7664732351e-01	-7.6120001528e-01
1.1330000000e+01	-4.7787654758e-01	7.5791813507e-01	4.7787654758e-01	-7.5791813507e-01
1.1340000000e+01	-4.7908823865e-01	7.5460844754e-01	4.7908823865e-01	-7.5460844754e-01
1.1350000000e+01	-4.8028222190e-01	7.5127086879e-01	4.8028222190e-01	-7.5127086879e-01
1.1360000000e+01	-4.8145831973e-01	7.4790531340e-01	4.8145831973e-01	-7.4790531340e-01
1.1370000000e+01	-4.8261635168e-01	7.4451169443e-01	4.8261635168e-01	-7.4451169443e-01
1.1380000000e+01	-4.8375613436e-01	7.4108992335e-01	4.8375613436e-01	-7.4108992335e-01
1.1390000000e+01	-4.8487748142e-01	7.3763991006e-01	4.8487748142e-01	-7.3763991006e-01
1.1400000000e+01	-4.8598020339e-01	7.3416156287e-01	4.8598020339e-01	-7.3416156287e-01
1.1410000000e+01	-4.8706410769e-01	7.3065478843e-01	4.8706410769e-01	-7.3065478843e-01
1.1420000000e+01	-4.8812899853e-01	7.2711949178e-01	4.8812899853e-01	-7.2711949178e-01
1.1430000000e+01	-4.8917467679e-01	7.2355557625e-01	4.8917467679e-01	-7.2355557625e-01
1.1440000000e+01	-4.9020093999e-01	7.1996294349e-01	4.9020093999e-01	-7.1996294349e-01
1.1450000000e+01	-4.9120758217e-01	7.1634149345e-01	4.9120758217e-01	-7.1634149345e-01
1.1460000000e+01	-4.9219439382e-01	7.1269112429e-01	4.9219439382e-01	-7.1269112429e-01
1.1470000000e+01	-4.9316116179e-01	7.0901173245e-01	4.9316116179e-01	-7.0901173245e-01
1.1480000000e+01	-4.9410766919e-01	7.0530321254e-01	4.9410766919e-01	-7.0530321254e-01
1.1490000000e+01	-4.9503369530e-01	7.0156545737e-01	4.9503369530e-01	-7.0156545737e-01
1.1500000000e+01	-4.9593901544e-01	6.9779835787e-01	4.9593901544e-01	-6.9779835787e-01
1.1510000000e+01	-4.9682340093e-01	6.9400180313e-01	4.9682340093e-01	-6.9400180313e-01
1.1520000000e+01	-4.9768661893e-01	6.9017568031e-01	4.9768661893e-01	-6.9017568031e-01
1.1530000000e+01	-4.9852843235e-01	6.8631987466e-01	4.9852843235e-01	-6.8631987466e-01
1.1540000000e+01	-4.9934859974e-01	6.8243426944e-01	4.9934859974e-01	-6.8243426944e-01
1.1550000000e+01	-5.0014687516e-01	6.7851874594e-01	5.0014687516e-01	-6.7851874594e-01
1.1560000000e+01	-5.0092300808e-01	6.7457318343e-01	5.0092300808e-01	-6.7457318343e-01
1.1570000000e+01	-5.0167674324e-01	6.7059745910e-01	5.0167674324e-01	-6.7059745910e-01
1.1580000000e+01	-5.0240782051e-01	6.6659144809e-01	5.0240782051e-01	-6.6659144809e-01
1.1590000000e+01	-5.0311597480e-01	6.6255502340e-01	5.0311597480e-01	-6.6255502340e-01
1.1600000000e+01	-5.0380093588e-01	6.5848805588e-01	5.0380093588e-01	-6.5848805588e-01
1.1610000000e+01	-5.0446242824e-01	6.5439041421e-01	5.0446242824e-01	-6.5439041421e-01
1.1620000000e+01	-5.0510017095e-01	6.5026196484e-01	5.0510017095e-01	-6.5026196484e-01
1.1630000000e+01	-5.0571387754e-01	6.4610257197e-01	5.0571387754e-01	-6.4610257197e-01
1.1640000000e+01	-5.0630325578e-01	6.4191209752e-01	5.0630325578e-01	-6.4191209752e-01
1.1650000000e+01	-5.0686800756e-01	6.3769040106e-01	5.0686800756e-01	-6.3769040106e-01
1.1660000000e+01	-5.0740782870e-01	6.3343733983e-01	5.0740782870e-01	-6.3343733983e-01
1.1670000000e+01	-5.0792240877e-01	6.2915276865e-01	5.0792240877e-01	-6.2915276865e-01
1.1680000000e+01	-5.0841143094e-01	6.2483653991e-01	5.0841143094e-01	-6.2483653991e-01
1.1690000000e+01	-5.0887457175e-01	6.2048850352e-01	5.0887457175e-01	-6.2048850352e-01
1.1700000000e+01	-5.0931150092e-01	6.1610850687e-01	5.0931150092e-01	-6.1610850687e-01
1.1710000000e+01	-5.0972188118e-01	6.1169639479e-01	5.0972188118e-01	-6.1169639479e-01
1.1720000000e+01	-5.1010536800e-01	6.0725200953e-01	5.1010536800e-01	-6.0725200953e-01
1.1730000000e+01	-5.1046160942e-01	6.0277519068e-01	5.1046160942e-01	-6.0277519068e-01
1.1740000000e+01	-5.1079024581e-01	5.9826577515e-01	5.1079024581e-01	-5.9826577515e-01
1.1750000000e+01	-5.1109090960e-01	5.9372359714e-01	5.1109090960e-01	-5.9372359714e-01
1.1760000000e+01	-5.1136322507e-01	5.8914848806e-01	5.1136322507e-01	-5.8914848806e-01
1.1770000000e+01	-5.1160680808e-01	5.8454027653e-01	5.1160680808e-01	-5.8454027653e-01
1.1780000000e+01	-5.1182126580e-01	5.7989878828e-01	5.1182126580e-01	-5.7989878828e-01
1.1790000000e+01	-5.1200619644e-01	5.7522384616e-01	5.1200619644e-01	-5.7522384616e-01
1.1800000000e+01	-5.1216118893e-01	5.7051527007e-01	5.1216118893e-01	-5.7051527007e-01
1.1810000000e+01	-5.1228582267e-01	5.6577287690e-01	5.1228582267e-01	-5.6577287690e-01
1.1820000000e+01	-5.1237966717e-01	5.6099648051e-01	5.1237966717e-01	-5.6099648051e-01
1.1830000000e+01	-5.1244228175e-01	5.5618589167e-01	5.1244228175e-01	-5.5618589167e-01
1.1840000000e+01	-5.1247321517e-01	5.5134091799e-01	5.1247321517e-01	-5.5134091799e-01
1.1850000000e+01	-5.1247200531e-01	5.4646136392e-01	5.1247200531e-01	-5.4646136392e-01
1.1860000000e+01	-5.1243817879e-01	5.4154703067e-01	5.1243817879e-01	-5.4154703067e-01
1.1870000000e+01	-5.1237125056e-01	5.3659771615e-01	5.1237125056e-01	-5.3659771615e-01
1.1880000000e+01	-5.1227072350e-01	5.3161321497e-01	5.1227072350e-01	-5.3161321497e-01
1.1890000000e+01	-5.1213608804e-01	5.2659331834e-01	5.1213608804e-01	-5.2659331834e-01
1.1900000000e+01	-5.1196682167e-01	5.2153781404e-01	5.1196682167e-01	-5.2153781404e-01
1.1910000000e+01	-5.1176238848e-01	5.1644648639e-01	5.1176238848e-01	-5.1644648639e-01
1.1920000000e+01	-5.1152223874e-01	5.1131911618e-01	5.1152223874e-01	-5.1131911618e-01
1.1930000000e+01	-5.1124580832e-01	5.0615548063e-01	5.1124580832e-01	-5.0615548063e-01
1.1940000000e+01	-5.1093251820e-01	5.0095535336e-01	5.1093251820e-01	-5.0095535336e-01
1.1950000000e+01	-5.1058177392e-01	4.9571850431e-01	5.1058177392e-01	-4.9571850431e-01
1.1960000000e+01	-5.1019296500e-01	4.9044469973e-01	5.1019296500e-01	-4.9044469973e-01
1.1970000000e+01	-5.0976546433e-01	4.8513370213e-01	5.0976546433e-01	-4.8513370213e-01
1.1980000000e+01	-5.0929862754e-01	4.7978527021e-01	5.0929862754e-01	-4.7978527021e-01
1.1990000000e+01	-5.0879179232e-01	4.7439915888e-01	5.0879179232e-01	-4.7439915888e-01
1.2000000000e+01	-5.0824427776e-01	4.6897511917e-01	5.0824427776e-01	-4.6897511917e-01
1.2010000000e+01	-5.0765538357e-01	4.6351289822e-01	5.0765538357e-01	-4.6351289822e-01
1.2020000000e+01	-5.0702438935e-01	4.5801223925e-01	5.0702438935e-01	-4.5801223925e-01
1.2030000000e+01	-5.0635055377e-01	4.5247288155e-01	5.0635055377e-01	-4.5247288155e-01
1.2040000000e+01	-5.0563311371e-01	4.4689456040e-01	5.0563311371e-01	-4.4689456040e-01
1.2050000000e+01	-5.0487128338e-01	4.4127700713e-01	5.0487128338e-01	-4.4127700713e-01
1.2060000000e+01	-5.0406425338e-01	4.3561994906e-01	5.0406425338e-01	-4.3561994906e-01
1.2070000000e+01	-5.0321118970e-01	4.2992310951e-01	5.0321118970e-01	-4.2992310951e-01
1.2080000000e+01	-5.0231123271e-01	4.2418620779e-01	5.0231123271e-01	-4.2418620779e-01
1.2090000000e+01	-5.0136349601e-01	4.1840895922e-01	5.0136349601e-01	-4.1840895922e-01
1.2100000000e+01	-5.0036706534e-01	4.1259107517e-01	5.0036706534e-01	-4.1259107517e-01
1.2110000000e+01	-4.9932099728e-01	4.0673226305e-01	4.9932099728e-01	-4.0673226305e-01
1.2120000000e+01	-4.9822431804e-01	4.0083222637e-01	4.9822431804e-01	-4.0083222637e-01
1.2130000000e+01	-4.9707602205e-01	3.9489066481e-01	4.9707602205e-01	-3.9489066481e-01
1.2140000000e+01	-4.9587507052e-01	3.8890727426e-01	4.9587507052e-01	-3.8890727426e-01
1.2150000000e+01	-4.9462038997e-01	3.8288174692e-01	4.9462038997e-01	-3.8288174692e-01
1.2160000000e+01	-4.9331087054e-01	3.7681377140e-01	4.9331087054e-01	-3.7681377140e-01
1.2170000000e+01	-4.9194536436e-01	3.7070303286e-01	4.9194536436e-01	-3.7070303286e-01
1.2180000000e+01	-4.9052268370e-01	3.6454921313e-01	4.9052268370e-01	-3.6454921313e-01
1.2190000000e+01	-4.8904159908e-01	3.5835199089e-01	4.8904159908e-01	-3.5835199089e-01
1.2200000000e+01	-4.8750083722e-01	3.5211104191e-01	4.8750083722e-01	-3.5211104191e-01
1.2210000000e+01	-4.8589907889e-01	3.4582603923e-01	4.8589907889e-01	-3.4582603923e-01
1.2220000000e+01	-4.8423495662e-01	3.3949665346e-01	4.8423495662e-01	-3.3949665346e-01
1.2230000000e+01	-4.8250705227e-01	3.3312255310e-01	4.8250705227e-01	-3.3312255310e-01
1.2240000000e+01	-4.8071389444e-01	3.2670340489e-01	4.8071389444e-01	-3.2670340489e-01
1.2250000000e+01	-4.7885395569e-01	3.2023887420e-01	4.7885395569e-01	-3.2023887420e-01
1.2260000000e+01	-4.7692564964e-01	3.1372862555e-01	4.7692564964e-01	-3.1372862555e-01
1.2270000000e+01	-4.7492732780e-01	3.0717232310e-01	4.7492732780e-01	-3.0717232310e-01
1.2280000000e+01	-4.7285727625e-01	3.0056963128e-01	4.7285727625e-01	-3.0056963128e-01
1.2290000000e+01	-4.7071371205e-01	2.9392021546e-01	4.7071371205e-01	-2.9392021546e-01
1.2300000000e+01	-4.6849477944e-01	2.8722374278e-01	4.6849477944e-01	-2.8722374278e-01
1.2310000000e+01	-4.6619854578e-01	2.8047988298e-01	4.6619854578e-01	-2.8047988298e-01
1.2320000000e+01	-4.6382299712e-01	2.7368830946e-01	4.6382299712e-01	-2.7368830946e-01
1.2330000000e+01	-4.6136603359e-01	2.6684870038e-01	4.6136603359e-01	-2.6684870038e-01
1.2340000000e+01	-4.5882546433e-01	2.5996074001e-01	4.5882546433e-01	-2.5996074001e-01
1.2350000000e+01	-4.5619900215e-01	2.5302412011e-01	4.5619900215e-01	-2.5302412011e-01
1.2360000000e+01	-4.5348425771e-01	2.4603854166e-01	4.5348425771e-01	-2.4603854166e-01
1.2370000000e+01	-4.5067873332e-01	2.3900371671e-01	4.5067873332e-01	-2.3900371671e-01
1.2380000000e+01	-4.4777981626e-01	2.3191937050e-01	4.4777981626e-01	-2.3191937050e-01
1.2390000000e+01	-4.4478477158e-01	2.2478524387e-01	4.4478477158e-01	-2.2478524387e-01
1.2400000000e+01	-4.4169073432e-01	2.1760109599e-01	4.4169073432e-01	-2.1760109599e-01
1.2410000000e+01	-4.3849470116e-01	2.1036670745e-01	4.3849470116e-01	-2.1036670745e-01
1.2420000000e+01	-4.3519352139e-01	2.0308188377e-01	4.3519352139e-01	-2.0308188377e-01
1.2430000000e+01	-4.3178388712e-01	1.9574645938e-01	4.3178388712e-01	-1.9574645938e-01
1.2440000000e+01	-4.2826232275e-01	1.8836030217e-01	4.2826232275e-01	-1.8836030217e-01
1.2450000000e+01	-4.2462517353e-01	1.8092331860e-01	4.2462517353e-01	-1.8092331860e-01
1.2460000000e+01	-4.2086859317e-01	1.7343545960e-01	4.2086859317e-01	-1.7343545960e-01
1.2470000000e+01	-4.1698853047e-01	1.6589672726e-01	4.1698853047e-01	-1.6589672726e-01
1.2480000000e+01	-4.1298071471e-01	1.5830718243e-01	4.1298071471e-01	-1.5830718243e-01
1.2490000000e+01	-4.0884063992e-01	1.5066695346e-01	4.0884063992e-01	-1.5066695346e-01
1.2500000000e+01	-4.0456354766e-01	1.4297624619e-01	4.0456354766e-01	-1.4297624619e-01
1.2510000000e+01	-4.0014440843e-01	1.3523535533e-01	4.0014440843e-01	-1.3523535533e-01
1.2520000000e+01	-3.9557790139e-01	1.2744467766e-01	3.9557790139e-01	-1.2744467766e-01
1.2530000000e+01	-3.9085839232e-01	1.1960472702e-01	3.9085839232e-01	-1.1960472702e-01
1.2540000000e+01	-3.8597990972e-01	1.1171615173e-01	3.8597990972e-01	-1.1171615173e-01
1.2550000000e+01	-3.8093611869e-01	1.0377975455e-01	3.8093611869e-01	-1.0377975455e-01
1.2560000000e+01	-3.7572029272e-01	9.5796515853e-02	3.7572029272e-01	-9.5796515853e-02
1.2570000000e+01	-3.7032528290e-01	8.7767620290e-02	3.7032528290e-01	-8.7767620290e-02
1.2580000000e+01	-3.6474348465e-01	7.9694487840e-02	3.6474348465e-01	-7.9694487840e-02
1.2590000000e+01	-3.5896680163e-01	7.1578809783e-02	3.5896680163e-01	-7.1578809783e-02
1.2600000000e+01	-3.5298660680e-01	6.3422590570e-02	3.5298660680e-01	-6.3422590570e-02
1.2610000000e+01	-3.4679370050e-01	5.5228196622e-02	3.4679370050e-01	-5.5228196622e-02
1.2620000000e+01	-3.4037826556e-01	4.6998413301e-02	3.4037826556e-01	-4.6998413301e-02
1.2630000000e+01	-3.3372981953e-01	3.8736511537e-02	3.3372981953e-01	-3.8736511537e-02
1.2640000000e+01	-3.2683716423e-01	3.0446325871e-02	3.2683716423e-01	-3.0446325871e-02
1.2650000000e+01	-3.1968833316e-01	2.2132346006e-02	3.1968833316e-01	-2.2132346006e-02
1.2660000000e+01	-3.1227053760e-01	1.3799824326e-02	3.1227053760e-01	-1.3799824326e-02
1.2670000000e+01	-3.0457011261e-01	5.4549022878e-03	3.0457011261e-01	-5.4549022878e-03
1.2680000000e+01	-2.9657246495e-01	-2.8952409473e-03	2.9657246495e-01	2.8952409473e-03
1.2690000000e+01	-2.8826202577e-01	-1.1242213735e-02	2.8826202577e-01	1.1242213735e-02
1.2700000000e+01	-2.7962221237e-01	-1.9576206634e-02	2.7962221237e-01	1.9576206634e-02
1.2710000000e+01	-2.7063540481e-01	-2.7885751695e-02	2.7063540481e-01	2.7885751695e-02
1.2720000000e+01	-2.6128294604e-01	-3.6157441236e-02	2.6128294604e-01	3.6157441236e-02
1.2730000000e+01	-2.5154517704e-01	-4.4375601105e-02	2.5154517704e-01	4.4375601105e-02
1.2740000000e+01	-2.4140152338e-01	-5.2521914209e-02	2.4140152338e-01	5.2521914209e-02
1.2750000000e+01	-2.3083065476e-01	-6.0574992117e-02	2.3083065476e-01	6.0574992117e-02
1.2760000000e+01	-2.1981074706e-01	-6.8509896536e-02	2.1981074706e-01	6.8509896536e-02
1.2770000000e+01	-2.0831988445e-01	-7.6297619507e-02	2.0831988445e-01	7.6297619507e-02
1.2780000000e+01	-1.9633664955e-01	-8.3904542997e-02	1.9633664955e-01	8.3904542997e-02
1.2790000000e+01	-1.8384095838e-01	-9.1291916926e-02	1.8384095838e-01	9.1291916926e-02
1.2800000000e+01	-1.7081520275e-01	-9.8415421705e-02	1.7081520275e-01	9.8415421705e-02
1.2810000000e+01	-1.5724575801e-01	-1.0522491800e-01	1.5724575801e-01	1.0522491800e-01
1.2820000000e+01	-1.4312489000e-01	-1.1166453043e-01	1.4312489000e-01	1.1166453043e-01
1.2830000000e+01	-1.2845303649e-01	-1.1767325370e-01	1.2845303649e-01	1.1767325370e-01
1.2840000000e+01	-1.1324133184e-01	-1.2318628607e-01	1.1324133184e-01	1.2318628607e-01
1.2850000000e+01	-9.7514085341e-02	-1.2813724717e-01	9.7514085341e-02	1.2813724717e-01
1.2860000000e+01	-8.1310743721e-02	-1.3246127458e-01	8.1310743721e-02	1.3246127458e-01
1.2870000000e+01	-6.4686755004e-02	-1.3609869472e-01	6.4686755004e-02	1.3609869472e-01
1.2880000000e+01	-4.7712844568e-02	-1.3899860243e-01	4.7712844568e-02	1.3899860243e-01
1.2890000000e+01	-3.0472617267e-02	-1.4112149118e-01	3.0472617267e-02	1.4112149118e-01
1.2900000000e+01	-1.3058995678e-02	-1.4244035283e-01	1.3058995678e-02	1.4244035283e-01
1.2910000000e+01	4.4296198007e-03	-1.4294045413e-01	-4.4296198007e-03	1.4294045413e-01
1.2920000000e+01	2.1892833126e-02	-1.4261877451e-01	-2.1892833126e-02	1.4261877451e-01
1.2930000000e+01	3.9231454602e-02	-1.4148407583e-01	-3.9231454602e-02	1.4148407583e-01
1.2940000000e+01	5.6350928307e-02	-1.3955764316e-01	-5.6350928307e-02	1.3955764316e-01
1.2950000000e+01	7.3165145046e-02	-1.3687375793e-01	-7.3165145046e-02	1.3687375793e-01
1.2960000000e+01	8.9600086701e-02	-1.3347886644e-01	-8.9600086701e-02	1.3347886644e-01
1.2970000000e+01	1.0559642753e-01	-1.2942914794e-01	-1.0559642753e-01	1.2942914794e-01
1.2980000000e+01	1.2111052790e-01	-1.2478700787e-01	-1.2111052790e-01	1.2478700787e-01
1.2990000000e+01	1.3611383519e-01	-1.1961735600e-01	-1.3611383519e-01	1.1961735600e-01
1.3000000000e+01	1.5059113214e-01	-1.1398437453e-01	-1.5059113214e-01	1.1398437453e-01
1.3010000000e+01	1.6453819808e-01	-1.0794912770e-01	-1.6453819808e-01	1.0794912770e-01
1.3020000000e+01	1.7795935826e-01	-1.0156805518e-01	-1.7795935826e-01	1.0156805518e-01
1.3030000000e+01	1.9086522652e-01	-9.4892212915e-02	-1.9086522652e-01	9.4892212915e-02
1.3040000000e+01	2.0327078955e-01	-8.7967065048e-02	-2.0327078955e-01	8.7967065048e-02
1.3050000000e+01	2.1519387133e-01	-8.0832638627e-02	-2.1519387133e-01	8.0832638627e-02
1.3060000000e+01	2.2665395395e-01	-7.3523890939e-02	-2.2665395395e-01	7.3523890939e-02
1.3070000000e+01	2.3767130321e-01	-6.6071181958e-02	-2.3767130321e-01	6.6071181958e-02
1.3080000000e+01	2.4826634025e-01	-5.8500781061e-02	-2.4826634025e-01	5.8500781061e-02
1.3090000000e+01	2.5845920416e-01	-5.0835364919e-02	-2.5845920416e-01	5.0835364919e-02
1.3100000000e+01	2.6826945869e-01	-4.3094482616e-02	-2.6826945869e-01	4.3094482616e-02
1.3110000000e+01	2.7771590536e-01	-3.5294976642e-02	-2.7771590536e-01	3.5294976642e-02
1.3120000000e+01	2.8681647355e-01	-2.7451356103e-02	-2.8681647355e-01	2.7451356103e-02
1.3130000000e+01	2.9558816542e-01	-1.9576123003e-02	-2.9558816542e-01	1.9576123003e-02
1.3140000000e+01	3.0404703895e-01	-1.1680054845e-02	-3.0404703895e-01	1.1680054845e-02
1.3150000000e+01	3.1220821705e-01	-3.7724478659e-03	-3.1220821705e-01	3.7724478659e-03
1.3160000000e+01	3.2008591391e-01	4.1386744464e-03	-3.2008591391e-01	-4.1386744464e-03
1.3170000000e+01	3.2769347223e-01	1.2046383021e-02	-3.2769347223e-01	-1.2046383021e-02
1.3180000000e+01	3.3504340683e-01	1.9944690883e-02	-3.3504340683e-01	-1.9944690883e-02
1.3190000000e+01	3.4214745147e-01	2.7828423089e-02	-3.4214745147e-01	-2.7828423089e-02
1.3200000000e+01	3.4901660682e-01	3.5693105646e-02	-3.4901660682e-01	-3.5693105646e-02
1.3210000000e+01	3.5566118792e-01	4.3534870556e-02	-3.5566118792e-01	-4.3534870556e-02
1.3220000000e+01	3.6209087031e-01	5.1350374564e-02	-3.6209087031e-01	-5.1350374564e-02
1.3230000000e+01	3.6831473420e-01	5.9136729542e-02	-3.6831473420e-01	-5.9136729542e-02
1.3240000000e+01	3.7434130621e-01	6.6891442728e-02	-3.7434130621e-01	-6.6891442728e-02
1.3250000000e+01	3.8017859871e-01	7.4612365368e-02	-3.8017859871e-01	-7.4612365368e-02
1.3260000000e+01	3.8583414645e-01	8.2297648472e-02	-3.8583414645e-01	-8.2297648472e-02
1.3270000000e+01	3.9131504073e-01	8.9945704650e-02	-3.9131504073e-01	-8.9945704650e-02
1.3280000000e+01	3.9662796105e-01	9.7555175122e-02	-3.9662796105e-01	-9.7555175122e-02
1.3290000000e+01	4.0177920443e-01	1.0512490114e-01	-4.0177920443e-01	-1.0512490114e-01
1.3300000000e+01	4.0677471247e-01	1.1265389923e-01	-4.0677471247e-01	-1.1265389923e-01
1.3310000000e+01	4.1162009633e-01	1.2014133959e-01	-4.1162009633e-01	-1.2014133959e-01
1.3320000000e+01	4.1632065977e-01	1.2758652740e-01	-4.1632065977e-01	-1.2758652740e-01
1.3330000000e+01	4.2088142040e-01	1.3498888641e-01	-4.2088142040e-01	-1.3498888641e-01
1.3340000000e+01	4.2530712925e-01	1.4234794465e-01	-4.2530712925e-01	-1.4234794465e-01
1.3350000000e+01	4.2960228880e-01	1.4966332194e-01	-4.2960228880e-01	-1.4966332194e-01
1.3360000000e+01	4.3377116965e-01	1.5693471890e-01	-4.3377116965e-01	-1.5693471890e-01
1.3370000000e+01	4.3781782581e-01	1.6416190732e-01	-4.3781782581e-01	-1.6416190732e-01
1.3380000000e+01	4.4174610893e-01	1.7134472169e-01	-4.4174610893e-01	-1.7134472169e-01
1.3390000000e+01	4.4555968131e-01	1.7848305177e-01	-4.4555968131e-01	-1.7848305177e-01
1.3400000000e+01	4.4926202800e-01	1.8557683597e-01	-4.4926202800e-01	-1.8557683597e-01
1.3410000000e+01	4.5285646796e-01	1.9262605559e-01	-4.5285646796e-01	-1.9262605559e-01
1.3420000000e+01	4.5634616439e-01	1.9963072967e-01	-4.5634616439e-01	-1.9963072967e-01
1.3430000000e+01	4.5973413428e-01	2.0659091043e-01	-4.5973413428e-01	-2.0659091043e-01
1.3440000000e+01	4.6302325729e-01	2.1350667928e-01	-4.6302325729e-01	-2.1350667928e-01
1.3450000000e+01	4.6621628393e-01	2.2037814325e-01	-4.6621628393e-01	-2.2037814325e-01
1.3460000000e+01	4.6931584322e-01	2.2720543179e-01	-4.6931584322e-01	-2.2720543179e-01
1.3470000000e+01	4.7232444974e-01	2.3398869400e-01	-4.7232444974e-01	-2.3398869400e-01
1.3480000000e+01	4.7524451020e-01	2.4072809608e-01	-4.7524451020e-01	-2.4072809608e-01
1.3490000000e+01	4.7807832963e-01	2.4742381916e-01	-4.7807832963e-01	-2.4742381916e-01
1.3500000000e+01	4.8082811698e-01	2.5407605727e-01	-4.8082811698e-01	-2.5407605727e-01
1.3510000000e+01	4.8349599052e-01	2.6068501557e-01	-4.8349599052e-01	-2.6068501557e-01
1.3520000000e+01	4.8608398273e-01	2.6725090884e-01	-4.8608398273e-01	-2.6725090884e-01
1.3530000000e+01	4.8859404496e-01	2.7377395998e-01	-4.8859404496e-01	-2.7377395998e-01
1.3540000000e+01	4.9102805174e-01	2.8025439883e-01	-4.9102805174e-01	-2.8025439883e-01
1.3550000000e+01	4.9338780481e-01	2.8669246104e-01	-4.9338780481e-01	-2.8669246104e-01
1.3560000000e+01	4.9567503689e-01	2.9308838702e-01	-4.9567503689e-01	-2.9308838702e-01
1.3570000000e+01	4.9789141524e-01	2.9944242112e-01	-4.9789141524e-01	-2.9944242112e-01
1.3580000000e+01	5.0003854496e-01	3.0575481079e-01	-5.0003854496e-01	-3.0575481079e-01
1.3590000000e+01	5.0211797211e-01	3.1202580587e-01	-5.0211797211e-01	-3.1202580587e-01
1.3600000000e+01	5.0413118658e-01	3.1825565798e-01	-5.0413118658e-01	-3.1825565798e-01
1.3610000000e+01	5.0607962490e-01	3.2444461994e-01	-5.0607962490e-01	-3.2444461994e-01
1.3620000000e+01	5.0796467275e-01	3.3059294525e-01	-5.0796467275e-01	-3.3059294525e-01
1.3630000000e+01	5.0978766744e-01	3.3670088768e-01	-5.0978766744e-01	-3.3670088768e-01
1.3640000000e+01	5.1154990012e-01	3.4276870083e-01	-5.1154990012e-01	-3.4276870083e-01
1.3650000000e+01	5.1325261799e-01	3.4879663781e-01	-5.1325261799e-01	-3.4879663781e-01
1.3660000000e+01	5.1489702628e-01	3.5478495089e-01	-5.1489702628e-01	-3.5478495089e-01
1.3670000000e+01	5.1648429017e-01	3.6073389125e-01	-5.1648429017e-01	-3.6073389125e-01
1.3680000000e+01	5.1801553661e-01	3.6664370869e-01	-5.1801553661e-01	-3.6664370869e-01
1.3690000000e+01	5.1949185597e-01	3.7251465148e-01	-5.1949185597e-01	-3.7251465148e-01
1.3700000000e+01	5.2091430369e-01	3.7834696610e-01	-5.2091430369e-01	-3.7834696610e-01
1.3710000000e+01	5.2228390179e-01	3.8414089709e-01	-5.2228390179e-01	-3.8414089709e-01
1.3720000000e+01	5.2360164028e-01	3.8989668693e-01	-5.2360164028e-01	-3.8989668693e-01
1.3730000000e+01	5.2486847856e-01	3.9561457587e-01	-5.2486847856e-01	-3.9561457587e-01
1.3740000000e+01	5.2608534668e-01	4.0129480183e-01	-5.2608534668e-01	-4.0129480183e-01
1.3750000000e+01	5.2725314654e-01	4.0693760033e-01	-5.2725314654e-01	-4.0693760033e-01
1.3760000000e+01	5.2837275310e-01	4.1254320435e-01	-5.2837275310e-01	-4.1254320435e-01
1.3770000000e+01	5.2944501545e-01	4.1811184432e-01	-5.2944501545e-01	-4.1811184432e-01
1.3780000000e+01	5.3047075784e-01	4.2364374803e-01	-5.3047075784e-01	-4.2364374803e-01
1.3790000000e+01	5.3145078069e-01	4.2913914055e-01	-5.3145078069e-01	-4.2913914055e-01
1.3800000000e+01	5.3238586150e-01	4.3459824426e-01	-5.3238586150e-01	-4.3459824426e-01
1.3810000000e+01	5.3327675580e-01	4.4002127875e-01	-5.3327675580e-01	-4.4002127875e-01
1.3820000000e+01	5.3412419795e-01	4.4540846084e-01	-5.3412419795e-01	-4.4540846084e-01
1.3830000000e+01	5.3492890195e-01	4.5076000453e-01	-5.3492890195e-01	-4.5076000453e-01
1.3840000000e+01	5.3569156226e-01	4.5607612102e-01	-5.3569156226e-01	-4.5607612102e-01
1.3850000000e+01	5.3641285447e-01	4.6135701866e-01	-5.3641285447e-01	-4.6135701866e-01
1.3860000000e+01	5.3709343604e-01	4.6660290299e-01	-5.3709343604e-01	-4.6660290299e-01
1.3870000000e+01	5.3773394697e-01	4.7181397670e-01	-5.3773394697e-01	-4.7181397670e-01
1.3880000000e+01	5.3833501042e-01	4.7699043968e-01	-5.3833501042e-01	-4.7699043968e-01
1.3890000000e+01	5.3889723329e-01	4.8213248900e-01	-5.3889723329e-01	-4.8213248900e-01
1.3900000000e+01	5.3942120689e-01	4.8724031891e-01	-5.3942120689e-01	-4.8724031891e-01
1.3910000000e+01	5.3990750738e-01	4.9231412089e-01	-5.3990750738e-01	-4.9231412089e-01
1.3920000000e+01	5.4035669639e-01	4.9735408364e-01	-5.4035669639e-01	-4.9735408364e-01
1.3930000000e+01	5.4076932148e-01	5.0236039311e-01	-5.4076932148e-01	-5.0236039311e-01
1.3940000000e+01	5.4114591664e-01	5.0733323251e-01	-5.4114591664e-01	-5.0733323251e-01
1.3950000000e+01	5.4148700275e-01	5.1227278235e-01	-5.4148700275e-01	-5.1227278235e-01
1.3960000000e+01	5.4179308801e-01	5.1717922046e-01	-5.4179308801e-01	-5.1717922046e-01
1.3970000000e+01	5.4206466840e-01	5.2205272197e-01	-5.4206466840e-01	-5.2205272197e-01
1.3980000000e+01	5.4230222804e-01	5.2689345942e-01	-5.4230222804e-01	-5.2689345942e-01
1.3990000000e+01	5.4250623963e-01	5.3170160272e-01	-5.4250623963e-01	-5.3170160272e-01
1.4000000000e+01	5.4267716477e-01	5.3647731919e-01	-5.4267716477e-01	-5.3647731919e-01
1.4010000000e+01	5.4281545437e-01	5.4122077360e-01	-5.4281545437e-01	-5.4122077360e-01
1.4020000000e+01	5.4292154896e-01	5.4593212822e-01	-5.4292154896e-01	-5.4593212822e-01
1.4030000000e+01	5.4299587904e-01	5.5061154279e-01	-5.4299587904e-01	-5.5061154279e-01
1.4040000000e+01	5.4303886537e-01	5.5525917460e-01	-5.4303886537e-01	-5.5525917460e-01
1.4050000000e+01	5.4305091930e-01	5.5987517850e-01	-5.4305091930e-01	-5.5987517850e-01
1.4060000000e+01	5.4303244307e-01	5.6445970694e-01	-5.4303244307e-01	-5.6445970694e-01
1.4070000000e+01	5.4298383005e-01	5.6901290998e-01	-5.4298383005e-01	-5.6901290998e-01
1.4080000000e+01	5.4290546505e-01	5.7353493536e-01	-5.4290546505e-01	-5.7353493536e-01
1.4090000000e+01	5.4279772456e-01	5.7802592846e-01	-5.4279772456e-01	-5.7802592846e-01
1.4100000000e+01	5.4266097700e-01	5.8248603242e-01	-5.4266097700e-01	-5.8248603242e-01
1.4110000000e+01	5.4249558299e-01	5.8691538809e-01	-5.4249558299e-01	-5.8691538809e-01
1.4120000000e+01	5.4230189553e-01	5.9131413411e-01	-5.4230189553e-01	-5.9131413411e-01
1.4130000000e+01	5.4208026025e-01	5.9568240691e-01	-5.4208026025e-01	-5.9568240691e-01
1.4140000000e+01	5.4183101565e-01	6.0002034077e-01	-5.4183101565e-01	-6.0002034077e-01
1.4150000000e+01	5.4155449325e-01	6.0432806782e-01	-5.4155449325e-01	-6.0432806782e-01
1.4160000000e+01	5.4125101785e-01	6.0860571807e-01	-5.4125101785e-01	-6.0860571807e-01
1.4170000000e+01	5.4092090767e-01	6.1285341946e-01	-5.4092090767e-01	-6.1285341946e-01
1.4180000000e+01	5.4056447457e-01	6.1707129789e-01	-5.4056447457e-01	-6.1707129789e-01
1.4190000000e+01	5.4018202420e-01	6.2125947721e-01	-5.4018202420e-01	-6.2125947721e-01
1.4200000000e+01	5.3977385623e-01	6.2541807928e-01	-5.3977385623e-01	-6.2541807928e-01
1.4210000000e+01	5.3934026443e-01	6.2954722399e-01	-5.3934026443e-01	-6.2954722399e-01
1.4220000000e+01	5.3888153690e-01	6.3364702929e-01	-5.3888153690e-01	-6.3364702929e-01
1.4230000000e+01	5.3839795619e-01	6.3771761121e-01	-5.3839795619e-01	-6.3771761121e-01
1.4240000000e+01	5.3788979948e-01	6.4175908389e-01	-5.3788979948e-01	-6.4175908389e-01
1.4250000000e+01	5.3735733870e-01	6.4577155961e-01	-5.3735733870e-01	-6.4577155961e-01
1.4260000000e+01	5.3680084065e-01	6.4975514878e-01	-5.3680084065e-01	-6.4975514878e-01
1.4270000000e+01	5.3622056721e-01	6.5370996005e-01	-5.3622056721e-01	-6.5370996005e-01
1.4280000000e+01	5.3561677537e-01	6.5763610022e-01	-5.3561677537e-01	-6.5763610022e-01
1.4290000000e+01	5.3498971744e-01	6.6153367436e-01	-5.3498971744e-01	-6.6153367436e-01
1.4300000000e+01	5.3433964115e-01	6.6540278579e-01	-5.3433964115e-01	-6.6540278579e-01
1.4310000000e+01	5.3366678973e-01	6.6924353611e-01	-5.3366678973e-01	-6.6924353611e-01
1.4320000000e+01	5.3297140207e-01	6.7305602522e-01	-5.3297140207e-01	-6.7305602522e-01
1.4330000000e+01	5.3225371281e-01	6.7684035134e-01	-5.3225371281e-01	-6.7684035134e-01
1.4340000000e+01	5.3151395247e-01	6.8059661106e-01	-5.3151395247e-01	-6.8059661106e-01
1.4350000000e+01	5.3075234750e-01	6.8432489931e-01	-5.3075234750e-01	-6.8432489931e-01
1.4360000000e+01	5.2996912045e-01	6.8802530943e-01	-5.2996912045e-01	-6.8802530943e-01
1.4370000000e+01	5.2916449002e-01	6.9169793318e-01	-5.2916449002e-01	-6.9169793318e-01
1.4380000000e+01	5.2833867117e-01	6.9534286074e-01	-5.2833867117e-01	-6.9534286074e-01
1.4390000000e+01	5.2749187522e-01	6.9896018073e-01	-5.2749187522e-01	-6.9896018073e-01
1.4400000000e+01	5.2662430992e-01	7.0254998027e-01	-5.2662430992e-01	-7.0254998027e-01
1.4410000000e+01	5.2573617954e-01	7.0611234496e-01	-5.2573617954e-01	-7.0611234496e-01
1.4420000000e+01	5.2482768497e-01	7.0964735890e-01	-5.2482768497e-01	-7.0964735890e-01
1.4430000000e+01	5.2389902379e-01	7.1315510475e-01	-5.2389902379e-01	-7.1315510475e-01
1.4440000000e+01	5.2295039034e-01	7.1663566368e-01	-5.2295039034e-01	-7.1663566368e-01
1.4450000000e+01	5.2198197583e-01	7.2008911545e-01	-5.2198197583e-01	-7.2008911545e-01
1.4460000000e+01	5.2099396835e-01	7.2351553840e-01	-5.2099396835e-01	-7.2351553840e-01
1.4470000000e+01	5.1998655302e-01	7.2691500947e-01	-5.1998655302e-01	-7.2691500947e-01
1.4480000000e+01	5.1895991201e-01	7.3028760422e-01	-5.1895991201e-01	-7.3028760422e-01
1.4490000000e+01	5.1791422460e-01	7.3363339684e-01	-5.1791422460e-01	-7.3363339684e-01
1.4500000000e+01	5.1684966729e-01	7.3695246017e-01	-5.1684966729e-01	-7.3695246017e-01
1.4510000000e+01	5.1576641383e-01	7.4024486571e-01	-5.1576641383e-01	-7.4024486571e-01
1.4520000000e+01	5.1466463530e-01	7.4351068367e-01	-5.1466463530e-01	-7.4351068367e-01
1.4530000000e+01	5.1354450015e-01	7.4674998292e-01	-5.1354450015e-01	-7.4674998292e-01
1.4540000000e+01	5.1240617428e-01	7.4996283107e-01	-5.1240617428e-01	-7.4996283107e-01
1.4550000000e+01	5.1124982109e-01	7.5314929445e-01	-5.1124982109e-01	-7.5314929445e-01
1.4560000000e+01	5.1007560153e-01	7.5630943811e-01	-5.1007560153e-01	-7.5630943811e-01
1.4570000000e+01	5.0888367416e-01	7.5944332588e-01	-5.0888367416e-01	-7.5944332588e-01
1.4580000000e+01	5.0767419520e-01	7.6255102035e-01	-5.0767419520e-01	-7.6255102035e-01
1.4590000000e+01	5.0644731859e-01	7.6563258290e-01	-5.0644731859e-01	-7.6563258290e-01
1.4600000000e+01	5.0520319603e-01	7.6868807369e-01	-5.0520319603e-01	-7.6868807369e-01
1.4610000000e+01	5.0394197703e-01	7.7171755169e-01	-5.0394197703e-01	-7.7171755169e-01
1.4620000000e+01	5.0266380896e-01	7.7472107470e-01	-5.0266380896e-01	-7.7472107470e-01
1.4630000000e+01	5.0136883709e-01	7.7769869934e-01	-5.0136883709e-01	-7.7769869934e-01
1.4640000000e+01	5.0005720466e-01	7.8065048109e-01	-5.0005720466e-01	-7.8065048109e-01
1.4650000000e+01	4.9872905287e-01	7.8357647428e-01	-4.9872905287e-01	-7.8357647428e-01
1.4660000000e+01	4.9738452099e-01	7.8647673209e-01	-4.9738452099e-01	-7.8647673209e-01
1.4670000000e+01	4.9602374635e-01	7.8935130660e-01	-4.9602374635e-01	-7.8935130660e-01
1.4680000000e+01	4.9464686440e-01	7.9220024877e-01	-4.9464686440e-01	-7.9220024877e-01
1.4690000000e+01	4.9325400875e-01	7.9502360846e-01	-4.9325400875e-01	-7.9502360846e-01
1.4700000000e+01	4.9184531121e-01	7.9782143445e-01	-4.9184531121e-01	-7.9782143445e-01
1.4710000000e+01	4.9042090183e-01	8.0059377442e-01	-4.9042090183e-01	-8.0059377442e-01
1.4720000000e+01	4.8898090892e-01	8.0334067501e-01	-4.8898090892e-01	-8.0334067501e-01
1.4730000000e+01	4.8752545910e-01	8.0606218176e-01	-4.8752545910e-01	-8.0606218176e-01
1.4740000000e+01	4.8605467732e-01	8.0875833920e-01	-4.8605467732e-01	-8.0875833920e-01
1.4750000000e+01	4.8456868694e-01	8.1142919079e-01	-4.8456868694e-01	-8.1142919079e-01
1.4760000000e+01	4.8306760969e-01	8.1407477897e-01	-4.8306760969e-01	-8.1407477897e-01
1.4770000000e+01	4.8155156577e-01	8.1669514515e-01	-4.8155156577e-01	-8.1669514515e-01
1.4780000000e+01	4.8002067384e-01	8.1929032973e-01	-4.8002067384e-01	-8.1929032973e-01
1.4790000000e+01	4.7847505106e-01	8.2186037210e-01	-4.7847505106e-01	-8.2186037210e-01
1.4800000000e+01	4.7691481313e-01	8.2440531066e-01	-4.7691481313e-01	-8.2440531066e-01
1.4810000000e+01	4.7534007432e-01	8.2692518280e-01	-4.7534007432e-01	-8.2692518280e-01
1.4820000000e+01	4.7375094749e-01	8.2942002494e-01	-4.7375094749e-01	-8.2942002494e-01
1.4830000000e+01	4.7214754412e-01	8.3188987253e-01	-4.7214754412e-01	-8.3188987253e-01
1.4840000000e+01	4.7052997433e-01	8.3433476002e-01	-4.7052997433e-01	-8.3433476002e-01
1.4850000000e+01	4.6889834693e-01	8.3675472093e-01	-4.6889834693e-01	-8.3675472093e-01
1.4860000000e+01	4.6725276942e-01	8.3914978782e-01	-4.6725276942e-01	-8.3914978782e-01
1.4870000000e+01	4.6559334803e-01	8.4151999229e-01	-4.6559334803e-01	-8.4151999229e-01
1.4880000000e+01	4.6392018776e-01	8.4386536500e-01	-4.6392018776e-01	-8.4386536500e-01
1.4890000000e+01	4.6223339236e-01	8.4618593569e-01	-4.6223339236e-01	-8.4618593569e-01
1.4900000000e+01	4.6053306440e-01	8.4848173314e-01	-4.6053306440e-01	-8.4848173314e-01
1.4910000000e+01	4.5881930527e-01	8.5075278523e-01	-4.5881930527e-01	-8.5075278523e-01
1.4920000000e+01	4.5709221521e-01	8.5299911892e-01	-4.5709221521e-01	-8.5299911892e-01
1.4930000000e+01	4.5535189333e-01	8.5522076025e-01	-4.5535189333e-01	-8.5522076025e-01
1.4940000000e+01	4.5359843764e-01	8.5741773435e-01	-4.5359843764e-01	-8.5741773435e-01
1.4950000000e+01	4.5183194505e-01	8.5959006546e-01	-4.5183194505e-01	-8.5959006546e-01
1.4960000000e+01	4.5005251142e-01	8.6173777691e-01	-4.5005251142e-01	-8.6173777691e-01
1.4970000000e+01	4.4826023156e-01	8.6386089115e-01	-4.4826023156e-01	-8.6386089115e-01
1.4980000000e+01	4.4645519927e-01	8.6595942972e-01	-4.4645519927e-01	-8.6595942972e-01
1.4990000000e+01	4.4463750732e-01	8.6803341330e-01	-4.4463750732e-01	-8.6803341330e-01
1.5000000000e+01	4.4280724754e-01	8.7008286167e-01	-4.4280724754e-01	-8.7008286167e-01
1.5010000000e+01	4.4096451075e-01	8.7210779376e-01	-4.4096451075e-01	-8.7210779376e-01
1.5020000000e+01	4.3910938686e-01	8.7410822761e-01	-4.3910938686e-01	-8.7410822761e-01
1.5030000000e+01	4.3724196483e-01	8.7608418039e-01	-4.3724196483e-01	-8.7608418039e-01
1.5040000000e+01	4.3536233274e-01	8.7803566842e-01	-4.3536233274e-01	-8.7803566842e-01
1.5050000000e+01	4.3347057774e-01	8.7996270716e-01	-4.3347057774e-01	-8.7996270716e-01
1.5060000000e+01	4.3156678615e-01	8.8186531118e-01	-4.3156678615e-01	-8.8186531118e-01
1.5070000000e+01	4.2965104340e-01	8.8374349425e-01	-4.2965104340e-01	-8.8374349425e-01
1.5080000000e+01	4.2772343411e-01	8.8559726924e-01	-4.2772343411e-01	-8.8559726924e-01
1.5090000000e+01	4.2578404205e-01	8.8742664820e-01	-4.2578404205e-01	-8.8742664820e-01
1.5100000000e+01	4.2383295021e-01	8.8923164233e-01	-4.2383295021e-01	-8.8923164233e-01
1.5110000000e+01	4.2187024077e-01	8.9101226198e-01	-4.2187024077e-01	-8.9101226198e-01
1.5120000000e+01	4.1989599514e-01	8.9276851665e-01	-4.1989599514e-01	-8.9276851665e-01
1.5130000000e+01	4.1791029399e-01	8.9450041503e-01	-4.1791029399e-01	-8.9450041503e-01
1.5140000000e+01	4.1591321721e-01	8.9620796495e-01	-4.1591321721e-01	-8.9620796495e-01
1.5150000000e+01	4.1390484400e-01	8.9789117342e-01	-4.1390484400e-01	-8.9789117342e-01
1.5160000000e+01	4.1188525281e-01	8.9955004660e-01	-4.1188525281e-01	-8.9955004660e-01
1.5170000000e+01	4.0985452143e-01	9.0118458983e-01	-4.0985452143e-01	-9.0118458983e-01
1.5180000000e+01	4.0781272692e-01	9.0279480762e-01	-4.0781272692e-01	-9.0279480762e-01
1.5190000000e+01	4.0575994570e-01	9.0438070366e-01	-4.0575994570e-01	-9.0438070366e-01
1.5200000000e+01	4.0369625353e-01	9.0594228079e-01	-4.0369625353e-01	-9.0594228079e-01
1.5210000000e+01	4.0162172551e-01	9.0747954104e-01	-4.0162172551e-01	-9.0747954104e-01
1.5220000000e+01	3.9953643612e-01	9.0899248562e-01	-3.9953643612e-01	-9.0899248562e-01
1.5230000000e+01	3.9744045922e-01	9.1048111489e-01	-3.9744045922e-01	-9.1048111489e-01
1.5240000000e+01	3.9533386806e-01	9.1194542841e-01	-3.9533386806e-01	-9.1194542841e-01
1.5250000000e+01	3.9321673531e-01	9.1338542492e-01	-3.9321673531e-01	-9.1338542492e-01
1.5260000000e+01	3.9108913305e-01	9.1480110231e-01	-3.9108913305e-01	-9.1480110231e-01
1.5270000000e+01	3.8895113279e-01	9.1619245766e-01	-3.8895113279e-01	-9.1619245766e-01
1.5280000000e+01	3.8680280549e-01	9.1755948724e-01	-3.8680280549e-01	-9.1755948724e-01
1.5290000000e+01	3.8464422158e-01	9.1890218647e-01	-3.8464422158e-01	-9.1890218647e-01
1.5300000000e+01	3.8247545093e-01	9.2022054998e-01	-3.8247545093e-01	-9.2022054998e-01
1.5310000000e+01	3.8029656292e-01	9.2151457155e-01	-3.8029656292e-01	-9.2151457155e-01
1.5320000000e+01	3.7810762639e-01	9.2278424413e-01	-3.7810762639e-01	-9.2278424413e-01
1.5330000000e+01	3.7590870973e-01	9.2402955987e-01	-3.7590870973e-01	-9.2402955987e-01
1.5340000000e+01	3.7369988079e-01	9.2525051007e-01	-3.7369988079e-01	-9.2525051007e-01
1.5350000000e+01	3.7148120700e-01	9.2644708521e-01	-3.7148120700e-01	-9.2644708521e-01
1.5360000000e+01	3.6925275528e-01	9.2761927496e-01	-3.6925275528e-01	-9.2761927496e-01
1.5370000000e+01	3.6701459213e-01	9.2876706813e-01	-3.6701459213e-01	-9.2876706813e-01
1.5380000000e+01	3.6476678359e-01	9.2989045271e-01	-3.6476678359e-01	-9.2989045271e-01
1.5390000000e+01	3.6250939529e-01	9.3098941587e-01	-3.6250939529e-01	-9.3098941587e-01
1.5400000000e+01	3.6024249242e-01	9.3206394392e-01	-3.6024249242e-01	-9.3206394392e-01
1.5410000000e+01	3.5796613978e-01	9.3311402235e-01	-3.5796613978e-01	-9.3311402235e-01
1.5420000000e+01	3.5568040175e-01	9.3413963582e-01	-3.5568040175e-01	-9.3413963582e-01
1.5430000000e+01	3.5338534233e-01	9.3514076812e-01	-3.5338534233e-01	-9.3514076812e-01
1.5440000000e+01	3.5108102516e-01	9.3611740223e-01	-3.5108102516e-01	-9.3611740223e-01
1.5450000000e+01	3.4876751348e-01	9.3706952025e-01	-3.4876751348e-01	-9.3706952025e-01
1.5460000000e+01	3.4644487020e-01	9.3799710345e-01	-3.4644487020e-01	-9.3799710345e-01
1.5470000000e+01	3.4411315786e-01	9.3890013226e-01	-3.4411315786e-01	-9.3890013226e-01
1.5480000000e+01	3.4177243868e-01	9.3977858622e-01	-3.4177243868e-01	-9.3977858622e-01
1.5490000000e+01	3.3942277453e-01	9.4063244406e-01	-3.3942277453e-01	-9.4063244406e-01
1.5500000000e+01	3.3706422700e-01	9.4146168360e-01	-3.3706422700e-01	-9.4146168360e-01
1.5510000000e+01	3.3469685733e-01	9.4226628183e-01	-3.3469685733e-01	-9.4226628183e-01
1.5520000000e+01	3.3232072648e-01	9.4304621486e-01	-3.3232072648e-01	-9.4304621486e-01
1.5530000000e+01	3.2993589511e-01	9.4380145792e-01	-3.2993589511e-01	-9.4380145792e-01
1.5540000000e+01	3.2754242362e-01	9.4453198537e-01	-3.2754242362e-01	-9.4453198537e-01
1.5550000000e+01	3.2514037213e-01	9.4523777070e-01	-3.2514037213e-01	-9.4523777070e-01
1.5560000000e+01	3.2272980048e-01	9.4591878651e-01	-3.2272980048e-01	-9.4591878651e-01
1.5570000000e+01	3.2031076828e-01	9.4657500449e-01	-3.2031076828e-01	-9.4657500449e-01
1.5580000000e+01	3.1788333490e-01	9.4720639546e-01	-3.1788333490e-01	-9.4720639546e-01
1.5590000000e+01	3.1544755946e-01	9.4781292935e-01	-3.1544755946e-01	-9.4781292935e-01
1.5600000000e+01	3.1300350087e-01	9.4839457515e-01	-3.1300350087e-01	-9.4839457515e-01
1.5610000000e+01	3.1055121782e-01	9.4895130097e-01	-3.1055121782e-01	-9.4895130097e-01
1.5620000000e+01	3.0809076880e-01	9.4948307401e-01	-3.0809076880e-01	-9.4948307401e-01
1.5630000000e+01	3.0562221210e-01	9.4998986052e-01	-3.0562221210e-01	-9.4998986052e-01
1.5640000000e+01	3.0314560582e-01	9.5047162586e-01	-3.0314560582e-01	-9.5047162586e-01
1.5650000000e+01	3.0066100788e-01	9.5092833443e-01	-3.0066100788e-01	-9.5092833443e-01
1.5660000000e+01	2.9816847606e-01	9.5135994971e-01	-2.9816847606e-01	-9.5135994971e-01
1.5670000000e+01	2.9566806794e-01	9.5176643423e-01	-2.9566806794e-01	-9.5176643423e-01
1.5680000000e+01	2.9315984098e-01	9.5214774957e-01	-2.9315984098e-01	-9.5214774957e-01
1.5690000000e+01	2.9064385249e-01	9.5250385635e-01	-2.9064385249e-01	-9.5250385635e-01
1.5700000000e+01	2.8812015965e-01	9.5283471423e-01	-2.8812015965e-01	-9.5283471423e-01
1.5710000000e+01	2.8558881952e-01	9.5314028191e-01	-2.8558881952e-01	-9.5314028191e-01
1.5720000000e+01	2.8304988904e-01	9.5342051708e-01	-2.8304988904e-01	-9.5342051708e-01
1.5730000000e+01	2.8050342507e-01	9.5367537648e-01	-2.8050342507e-01	-9.5367537648e-01
1.5740000000e+01	2.7794948434e-01	9.5390481583e-01	-2.7794948434e-01	-9.5390481583e-01
1.5750000000e+01	2.7538812352e-01	9.5410878986e-01	-2.7538812352e-01	-9.5410878986e-01
1.5760000000e+01	2.7281939922e-01	9.5428725229e-01	-2.7281939922e-01	-9.5428725229e-01
1.5770000000e+01	2.7024336795e-01	9.5444015582e-01	-2.7024336795e-01	-9.5444015582e-01
1.5780000000e+01	2.6766008618e-01	9.5456745213e-01	-2.6766008618e-01	-9.5456745213e-01
1.5790000000e+01	2.6506961034e-01	9.5466909185e-01	-2.6506961034e-01	-9.5466909185e-01
1.5800000000e+01	2.6247199682e-01	9.5474502457e-01	-2.6247199682e-01	-9.5474502457e-01
1.5810000000e+01	2.5986730199e-01	9.5479519883e-01	-2.5986730199e-01	-9.5479519883e-01
1.5820000000e+01	2.5725558219e-01	9.5481956210e-01	-2.5725558219e-01	-9.5481956210e-01
1.5830000000e+01	2.5463689375e-01	9.5481806079e-01	-2.5463689375e-01	-9.5481806079e-01
1.5840000000e+01	2.5201129302e-01	9.5479064021e-01	-2.5201129302e-01	-9.5479064021e-01
1.5850000000e+01	2.4937883637e-01	9.5473724459e-01	-2.4937883637e-01	-9.5473724459e-01
1.5860000000e+01	2.4673958016e-01	9.5465781703e-01	-2.4673958016e-01	-9.5465781703e-01
1.5870000000e+01	2.4409358081e-01	9.5455229954e-01	-2.4409358081e-01	-9.5455229954e-01
1.5880000000e+01	2.4144089477e-01	9.5442063300e-01	-2.4144089477e-01	-9.5442063300e-01
1.5890000000e+01	2.3878157856e-01	9.5426275713e-01	-2.3878157856e-01	-9.5426275713e-01
1.5900000000e+01	2.3611568876e-01	9.5407861053e-01	-2.3611568876e-01	-9.5407861053e-01
1.5910000000e+01	2.3344328201e-01	9.5386813062e-01	-2.3344328201e-01	-9.5386813062e-01
1.5920000000e+01	2.3076441505e-01	9.5363125363e-01	-2.3076441505e-01	-9.5363125363e-01
1.5930000000e+01	2.2807914471e-01	9.5336791464e-01	-2.2807914471e-01	-9.5336791464e-01
1.5940000000e+01	2.2538752795e-01	9.5307804750e-01	-2.2538752795e-01	-9.5307804750e-01
1.5950000000e+01	2.2268962181e-01	9.5276158486e-01	-2.2268962181e-01	-9.5276158486e-01
1.5960000000e+01	2.1998548349e-01	9.5241845814e-01	-2.1998548349e-01	-9.5241845814e-01
1.5970000000e+01	2.1727517033e-01	9.5204859751e-01	-2.1727517033e-01	-9.5204859751e-01
1.5980000000e+01	2.1455873982e-01	9.5165193189e-01	-2.1455873982e-01	-9.5165193189e-01
1.5990000000e+01	2.1183624959e-01	9.5122838893e-01	-2.1183624959e-01	-9.5122838893e-01
1.6000000000e+01	2.0910775749e-01	9.5077789501e-01	-2.0910775749e-01	-9.5077789501e-01
1.6010000000e+01	2.0637332154e-01	9.5030037518e-01	-2.0637332154e-01	-9.5030037518e-01
1.6020000000e+01	2.0363299994e-01	9.4979575319e-01	-2.0363299994e-01	-9.4979575319e-01
1.6030000000e+01	2.0088685115e-01	9.4926395146e-01	-2.0088685115e-01	-9.4926395146e-01
1.6040000000e+01	1.9813493381e-01	9.4870489106e-01	-1.9813493381e-01	-9.4870489106e-01
1.6050000000e+01	1.9537730684e-01	9.4811849168e-01	-1.9537730684e-01	-9.4811849168e-01
1.6060000000e+01	1.9261402938e-01	9.4750467165e-01	-1.9261402938e-01	-9.4750467165e-01
1.6070000000e+01	1.8984516085e-01	9.4686334788e-01	-1.8984516085e-01	-9.4686334788e-01
1.6080000000e+01	1.8707076096e-01	9.4619443586e-01	-1.8707076096e-01	-9.4619443586e-01
1.6090000000e+01	1.8429088969e-01	9.4549784966e-01	-1.8429088969e-01	-9.4549784966e-01
1.6100000000e+01	1.8150560735e-01	9.4477350188e-01	-1.8150560735e-01	-9.4477350188e-01
1.6110000000e+01	1.7871497456e-01	9.4402130365e-01	-1.7871497456e-01	-9.4402130365e-01
1.6120000000e+01	1.7591905227e-01	9.4324116459e-01	-1.7591905227e-01	-9.4324116459e-01
1.6130000000e+01	1.7311790180e-01	9.4243299282e-01	-1.7311790180e-01	-9.4243299282e-01
1.6140000000e+01	1.7031158483e-01	9.4159669491e-01	-1.7031158483e-01	-9.4159669491e-01
1.6150000000e+01	1.6750016341e-01	9.4073217589e-01	-1.6750016341e-01	-9.4073217589e-01
1.6160000000e+01	1.6468370000e-01	9.3983933918e-01	-1.6468370000e-01	-9.3983933918e-01
1.6170000000e+01	1.6186225747e-01	9.3891808661e-01	-1.6186225747e-01	-9.3891808661e-01
1.6180000000e+01	1.5903589913e-01	9.3796831840e-01	-1.5903589913e-01	-9.3796831840e-01
1.6190000000e+01	1.5620468871e-01	9.3698993309e-01	-1.5620468871e-01	-9.3698993309e-01
1.6200000000e+01	1.5336869044e-01	9.3598282757e-01	-1.5336869044e-01	-9.3598282757e-01
1.6210000000e+01	1.5052796901e-01	9.3494689702e-01	-1.5052796901e-01	-9.3494689702e-01
1.6220000000e+01	1.4768258962e-01	9.3388203488e-01	-1.4768258962e-01	-9.3388203488e-01
1.6230000000e+01	1.4483261797e-01	9.3278813288e-01	-1.4483261797e-01	-9.3278813288e-01
1.6240000000e+01	1.4197812033e-01	9.3166508093e-01	-1.4197812033e-01	-9.3166508093e-01
1.6250000000e+01	1.3911916349e-01	9.3051276716e-01	-1.3911916349e-01	-9.3051276716e-01
1.6260000000e+01	1.3625581485e-01	9.2933107786e-01	-1.3625581485e-01	-9.2933107786e-01
1.6270000000e+01	1.3338814239e-01	9.2811989745e-01	-1.3338814239e-01	-9.2811989745e-01
1.6280000000e+01	1.3051621470e-01	9.2687910849e-01	-1.3051621470e-01	-9.2687910849e-01
1.6290000000e+01	1.2764010101e-01	9.2560859158e-01	-1.2764010101e-01	-9.2560859158e-01
1.6300000000e+01	1.2475987124e-01	9.2430822539e-01	-1.2475987124e-01	-9.2430822539e-01
1.6310000000e+01	1.2187559595e-01	9.2297788661e-01	-1.2187559595e-01	-9.2297788661e-01
1.6320000000e+01	1.1898734643e-01	9.2161744990e-01	-1.1898734643e-01	-9.2161744990e-01
1.6330000000e+01	1.1609519470e-01	9.2022678788e-01	-1.1609519470e-01	-9.2022678788e-01
1.6340000000e+01	1.1319921351e-01	9.1880577108e-01	-1.1319921351e-01	-9.1880577108e-01
1.6350000000e+01	1.1029947642e-01	9.1735426794e-01	-1.1029947642e-01	-9.1735426794e-01
1.6360000000e+01	1.0739605776e-01	9.1587214469e-01	-1.0739605776e-01	-9.1587214469e-01
1.6370000000e+01	1.0448903271e-01	9.1435926543e-01	-1.0448903271e-01	-9.1435926543e-01
1.6380000000e+01	1.0157847731e-01	9.1281549200e-01	-1.0157847731e-01	-9.1281549200e-01
1.6390000000e+01	9.8664468464e-02	9.1124068397e-01	-9.8664468464e-02	-9.1124068397e-01
1.6400000000e+01	9.5747083995e-02	9.0963469862e-01	-9.5747083995e-02	-9.0963469862e-01
1.6410000000e+01	9.2826402669e-02	9.0799739087e-01	-9.2826402669e-02	-9.0799739087e-01
1.6420000000e+01	8.9902504219e-02	9.0632861325e-01	-8.9902504219e-02	-9.0632861325e-01
1.6430000000e+01	8.6975469380e-02	9.0462821587e-01	-8.6975469380e-02	-9.0462821587e-01
1.6440000000e+01	8.4045379918e-02	9.0289604636e-01	-8.4045379918e-02	-9.0289604636e-01
1.6450000000e+01	8.1112318665e-02	9.0113194983e-01	-8.1112318665e-02	-9.0113194983e-01
1.6460000000e+01	7.8176369551e-02	8.9933576881e-01	-7.8176369551e-02	-8.9933576881e-01
1.6470000000e+01	7.5237617637e-02	8.9750734324e-01	-7.5237617637e-02	-8.9750734324e-01
1.6480000000e+01	7.2296149153e-02	8.9564651036e-01	-7.2296149153e-02	-8.9564651036e-01
1.6490000000e+01	6.9352051535e-02	8.9375310473e-01	-6.9352051535e-02	-8.9375310473e-01
1.6500000000e+01	6.6405413460e-02	8.9182695814e-01	-6.6405413460e-02	-8.9182695814e-01
1.6510000000e+01	6.3456324885e-02	8.8986789954e-01	-6.3456324885e-02	-8.8986789954e-01
1.6520000000e+01	6.0504877090e-02	8.8787575504e-01	-6.0504877090e-02	-8.8787575504e-01
1.6530000000e+01	5.7551162718e-02	8.8585034778e-01	-5.7551162718e-02	-8.8585034778e-01
1.6540000000e+01	5.4595275815e-02	8.8379149796e-01	-5.4595275815e-02	-8.8379149796e-01
1.6550000000e+01	5.1637311877e-02	8.8169902271e-01	-5.1637311877e-02	-8.8169902271e-01
1.6560000000e+01	4.8677367894e-02	8.7957273605e-01	-4.8677367894e-02	-8.7957273605e-01
1.6570000000e+01	4.5715542398e-02	8.7741244885e-01	-4.5715542398e-02	-8.7741244885e-01
1.6580000000e+01	4.2751935511e-02	8.7521796874e-01	-4.2751935511e-02	-8.7521796874e-01
1.6590000000e+01	3.9786648993e-02	8.7298910005e-01	-3.9786648993e-02	-8.7298910005e-01
1.6600000000e+01	3.6819786296e-02	8.7072564376e-01	-3.6819786296e-02	-8.7072564376e-01
1.6610000000e+01	3.3851452616e-02	8.6842739739e-01	-3.3851452616e-02	-8.6842739739e-01
1.6620000000e+01	3.0881754951e-02	8.6609415498e-01	-3.0881754951e-02	-8.6609415498e-01
1.6630000000e+01	2.7910802154e-02	8.6372570697e-01	-2.7910802154e-02	-8.6372570697e-01
1.6640000000e+01	2.4938704992e-02	8.6132184016e-01	-2.4938704992e-02	-8.6132184016e-01
1.6650000000e+01	2.1965576213e-02	8.5888233762e-01	-2.1965576213e-02	-8.5888233762e-01
1.6660000000e+01	1.8991530601e-02	8.5640697858e-01	-1.8991530601e-02	-8.5640697858e-01
1.6670000000e+01	1.6016685049e-02	8.5389553840e-01	-1.6016685049e-02	-8.5389553840e-01
1.6680000000e+01	1.3041158620e-02	8.5134778846e-01	-1.3041158620e-02	-8.5134778846e-01
1.6690000000e+01	1.0065072622e-02	8.4876349604e-01	-1.0065072622e-02	-8.4876349604e-01
1.6700000000e+01	7.0885506800e-03	8.4614242430e-01	-7.0885506800e-03	-8.4614242430e-01
1.6710000000e+01	4.1117188076e-03	8.4348433212e-01	-4.1117188076e-03	-8.4348433212e-01
1.6720000000e+01	1.1347054898e-03	8.4078897404e-01	-1.1347054898e-03	-8.4078897404e-01
1.6730000000e+01	-1.8423582385e-03	8.3805610017e-01	1.8423582385e-03	-8.3805610017e-01
1.6740000000e+01	-4.8193387083e-03	8.3528545604e-01	4.8193387083e-03	-8.3528545604e-01
1.6750000000e+01	-7.7960995286e-03	8.3247678254e-01	7.7960995286e-03	-8.3247678254e-01
1.6760000000e+01	-1.0772501497e-02	8.2962981583e-01	1.0772501497e-02	-8.2962981583e-01
1.6770000000e+01	-1.3748402505e-02	8.2674428714e-01	1.3748402505e-02	-8.2674428714e-01
1.6780000000e+01	-1.6723657441e-02	8.2381992275e-01	1.6723657441e-02	-8.2381992275e-01
1.6790000000e+01	-1.9698118088e-02	8.2085644382e-01	1.9698118088e-02	-8.2085644382e-01
1.6800000000e+01	-2.2671633020e-02	8.1785356630e-01	2.2671633020e-02	-8.1785356630e-01
1.6810000000e+01	-2.5644047491e-02	8.1481100075e-01	2.5644047491e-02	-8.1481100075e-01
1.6820000000e+01	-2.8615203324e-02	8.1172845227e-01	2.8615203324e-02	-8.1172845227e-01
1.6830000000e+01	-3.1584938787e-02	8.0860562033e-01	3.1584938787e-02	-8.0860562033e-01
1.6840000000e+01	-3.4553088478e-02	8.0544219865e-01	3.4553088478e-02	-8.0544219865e-01
1.6850000000e+01	-3.7519483189e-02	8.0223787503e-01	3.7519483189e-02	-8.0223787503e-01
1.6860000000e+01	-4.0483949777e-02	7.9899233122e-01	4.0483949777e-02	-7.9899233122e-01
1.6870000000e+01	-4.3446311027e-02	7.9570524277e-01	4.3446311027e-02	-7.9570524277e-01
1.6880000000e+01	-4.6406385500e-02	7.9237627888e-01	4.6406385500e-02	-7.9237627888e-01
1.6890000000e+01	-4.9363987391e-02	7.8900510219e-01	4.9363987391e-02	-7.8900510219e-01
1.6900000000e+01	-5.2318926365e-02	7.8559136867e-01	5.2318926365e-02	-7.8559136867e-01
1.6910000000e+01	-5.5271007397e-02	7.8213472740e-01	5.5271007397e-02	-7.8213472740e-01
1.6920000000e+01	-5.8220030600e-02	7.7863482041e-01	5.8220030600e-02	-7.7863482041e-01
1.6930000000e+01	-6.1165791045e-02	7.7509128249e-01	6.1165791045e-02	-7.7509128249e-01
1.6940000000e+01	-6.4108078577e-02	7.7150374099e-01	6.4108078577e-02	-7.7150374099e-01
1.6950000000e+01	-6.7046677619e-02	7.6787181562e-01	6.7046677619e-02	-7.6787181562e-01
1.6960000000e+01	-6.9981366971e-02	7.6419511826e-01	6.9981366971e-02	-7.6419511826e-01
1.6970000000e+01	-7.2911919592e-02	7.6047325271e-01	7.2911919592e-02	-7.6047325271e-01
1.6980000000e+01	-7.5838102386e-02	7.5670581449e-01	7.5838102386e-02	-7.5670581449e-01
1.6990000000e+01	-7.8759675961e-02	7.5289239060e-01	7.8759675961e-02	-7.5289239060e-01
1.7000000000e+01	-8.1676394395e-02	7.4903255930e-01	8.1676394395e-02	-7.4903255930e-01
1.7010000000e+01	-8.4588004974e-02	7.4512588982e-01	8.4588004974e-02	-7.4512588982e-01
1.7020000000e+01	-8.7494247928e-02	7.4117194215e-01	8.7494247928e-02	-7.4117194215e-01
1.7030000000e+01	-9.0394856153e-02	7.3717026672e-01	9.0394856153e-02	-7.3717026672e-01
1.7040000000e+01	-9.3289554920e-02	7.3312040419e-01	9.3289554920e-02	-7.3312040419e-01
1.7050000000e+01	-9.6178061563e-02	7.2902188509e-01	9.6178061563e-02	-7.2902188509e-01
1.7060000000e+01	-9.9060085161e-02	7.2487422957e-01	9.9060085161e-02	-7.2487422957e-01
1.7070000000e+01	-1.0193532620e-01	7.2067694707e-01	1.0193532620e-01	-7.2067694707e-01
1.7080000000e+01	-1.0480347622e-01	7.1642953599e-01	1.0480347622e-01	-7.1642953599e-01
1.7090000000e+01	-1.0766421744e-01	7.1213148339e-01	1.0766421744e-01	-7.1213148339e-01
1.7100000000e+01	-1.1051722236e-01	7.0778226460e-01	1.1051722236e-01	-7.0778226460e-01
1.7110000000e+01	-1.1336215336e-01	7.0338134286e-01	1.1336215336e-01	-7.0338134286e-01
1.7120000000e+01	-1.1619866229e-01	6.9892816900e-01	1.1619866229e-01	-6.9892816900e-01
1.7130000000e+01	-1.1902638994e-01	6.9442218098e-01	1.1902638994e-01	-6.9442218098e-01
1.7140000000e+01	-1.2184496566e-01	6.8986280351e-01	1.2184496566e-01	-6.8986280351e-01
1.7150000000e+01	-1.2465400676e-01	6.8524944762e-01	1.2465400676e-01	-6.8524944762e-01
1.7160000000e+01	-1.2745311806e-01	6.8058151025e-01	1.2745311806e-01	-6.8058151025e-01
1.7170000000e+01	-1.3024189125e-01	6.7585837376e-01	1.3024189125e-01	-6.7585837376e-01
1.7180000000e+01	-1.3301990439e-01	6.7107940542e-01	1.3301990439e-01	-6.7107940542e-01
1.7190000000e+01	-1.3578672118e-01	6.6624395700e-01	1.3578672118e-01	-6.6624395700e-01
1.7200000000e+01	-1.3854189039e-01	6.6135136418e-01	1.3854189039e-01	-6.6135136418e-01
1.7210000000e+01	-1.4128494511e-01	6.5640094601e-01	1.4128494511e-01	-6.5640094601e-01
1.7220000000e+01	-1.4401540202e-01	6.5139200439e-01	1.4401540202e-01	-6.5139200439e-01
1.7230000000e+01	-1.4673276062e-01	6.4632382345e-01	1.4673276062e-01	-6.4632382345e-01
1.7240000000e+01	-1.4943650241e-01	6.4119566892e-01	1.4943650241e-01	-6.4119566892e-01
1.7250000000e+01	-1.5212608998e-01	6.3600678755e-01	1.5212608998e-01	-6.3600678755e-01
1.7260000000e+01	-1.5480096612e-01	6.3075640636e-01	1.5480096612e-01	-6.3075640636e-01
1.7270000000e+01	-1.5746055282e-01	6.2544373202e-01	1.5746055282e-01	-6.2544373202e-01
1.7280000000e+01	-1.6010425021e-01	6.2006795005e-01	1.6010425021e-01	-6.2006795005e-01
1.7290000000e+01	-1.6273143547e-01	6.1462822412e-01	1.6273143547e-01	-6.1462822412e-01
1.7300000000e+01	-1.6534146163e-01	6.0912369521e-01	1.6534146163e-01	-6.0912369521e-01
1.7310000000e+01	-1.6793365636e-01	6.0355348082e-01	1.6793365636e-01	-6.0355348082e-01
1.7320000000e+01	-1.7050732055e-01	5.9791667404e-01	1.7050732055e-01	-5.9791667404e-01
1.7330000000e+01	-1.7306172699e-01	5.9221234271e-01	1.7306172699e-01	-5.9221234271e-01
1.7340000000e+01	-1.7559611877e-01	5.8643952841e-01	1.7559611877e-01	-5.8643952841e-01
1.7350000000e+01	-1.7810970770e-01	5.8059724553e-01	1.7810970770e-01	-5.8059724553e-01
1.7360000000e+01	-1.8060167258e-01	5.7468448015e-01	1.8060167258e-01	-5.7468448015e-01
1.7370000000e+01	-1.8307115734e-01	5.6870018903e-01	1.8307115734e-01	-5.6870018903e-01
1.7380000000e+01	-1.8551726910e-01	5.6264329843e-01	1.8551726910e-01	-5.6264329843e-01
1.7390000000e+01	-1.8793907602e-01	5.5651270292e-01	1.8793907602e-01	-5.5651270292e-01
1.7400000000e+01	-1.9033560507e-01	5.5030726416e-01	1.9033560507e-01	-5.5030726416e-01
1.7410000000e+01	-1.9270583959e-01	5.4402580955e-01	1.9270583959e-01	-5.4402580955e-01
1.7420000000e+01	-1.9504871668e-01	5.3766713094e-01	1.9504871668e-01	-5.3766713094e-01
1.7430000000e+01	-1.9736312445e-01	5.3122998311e-01	1.9736312445e-01	-5.3122998311e-01
1.7440000000e+01	-1.9964789897e-01	5.2471308237e-01	1.9964789897e-01	-5.2471308237e-01
1.7450000000e+01	-2.0190182108e-01	5.1811510494e-01	2.0190182108e-01	-5.1811510494e-01
1.7460000000e+01	-2.0412361290e-01	5.1143468532e-01	2.0412361290e-01	-5.1143468532e-01
1.7470000000e+01	-2.0631193407e-01	5.0467041462e-01	2.0631193407e-01	-5.0467041462e-01
1.7480000000e+01	-2.0846537775e-01	4.9782083875e-01	2.0846537775e-01	-4.9782083875e-01
1.7490000000e+01	-2.1058246619e-01	4.9088445658e-01	2.1058246619e-01	-4.9088445658e-01
1.7500000000e+01	-2.1266164609e-01	4.8385971798e-01	2.1266164609e-01	-4.8385971798e-01
1.7510000000e+01	-2.1470128341e-01	4.7674502180e-01	2.1470128341e-01	-4.7674502180e-01
1.7520000000e+01	-2.1669965791e-01	4.6953871381e-01	2.1669965791e-01	-4.6953871381e-01
1.7530000000e+01	-2.1865495709e-01	4.6223908444e-01	2.1865495709e-01	-4.6223908444e-01
1.7540000000e+01	-2.2056526971e-01	4.5484436660e-01	2.2056526971e-01	-4.5484436660e-01
1.7550000000e+01	-2.2242857867e-01	4.4735273323e-01	2.2242857867e-01	-4.4735273323e-01
1.7560000000e+01	-2.2424275331e-01	4.3976229499e-01	2.2424275331e-01	-4.3976229499e-01
1.7570000000e+01	-2.2600554101e-01	4.3207109764e-01	2.2600554101e-01	-4.3207109764e-01
1.7580000000e+01	-2.2771455801e-01	4.2427711959e-01	2.2771455801e-01	-4.2427711959e-01
1.7590000000e+01	-2.2936727937e-01	4.1637826920e-01	2.2936727937e-01	-4.1637826920e-01
1.7600000000e+01	-2.3096102803e-01	4.0837238216e-01	2.3096102803e-01	-4.0837238216e-01
1.7610000000e+01	-2.3249296277e-01	4.0025721880e-01	2.3249296277e-01	-4.0025721880e-01
1.7620000000e+01	-2.3396006508e-01	3.9203046141e-01	2.3396006508e-01	-3.9203046141e-01
1.7630000000e+01	-2.3535912463e-01	3.8368971159e-01	2.3535912463e-01	-3.8368971159e-01
1.7640000000e+01	-2.3668672345e-01	3.7523248766e-01	2.3668672345e-01	-3.7523248766e-01
1.7650000000e+01	-2.3793921832e-01	3.6665622224e-01	2.3793921832e-01	-3.6665622224e-01
1.7660000000e+01	-2.3911272149e-01	3.5795825990e-01	2.3911272149e-01	-3.5795825990e-01
1.7670000000e+01	-2.4020307940e-01	3.4913585523e-01	2.4020307940e-01	-3.4913585523e-01
1.7680000000e+01	-2.4120584899e-01	3.4018617112e-01	2.4120584899e-01	-3.4018617112e-01
1.7690000000e+01	-2.4211627170e-01	3.3110627765e-01	2.4211627170e-01	-3.3110627765e-01
1.7700000000e+01	-2.4292924446e-01	3.2189315152e-01	2.4292924446e-01	-3.2189315152e-01
1.7710000000e+01	-2.4363928760e-01	3.1254367640e-01	2.4363928760e-01	-3.1254367640e-01
1.7720000000e+01	-2.4424050913e-01	3.0305464432e-01	2.4424050913e-01	-3.0305464432e-01
1.7730000000e+01	-2.4472656506e-01	2.9342275846e-01	2.4472656506e-01	-2.9342275846e-01
1.7740000000e+01	-2.4509061515e-01	2.8364463771e-01	2.4509061515e-01	-2.8364463771e-01
1.7750000000e+01	-2.4532527364e-01	2.7371682351e-01	2.4532527364e-01	-2.7371682351e-01
1.7760000000e+01	-2.4542255427e-01	2.6363578953e-01	2.4542255427e-01	-2.6363578953e-01
1.7770000000e+01	-2.4537380897e-01	2.5339795492e-01	2.4537380897e-01	-2.5339795492e-01
1.7780000000e+01	-2.4516965941e-01	2.4299970218e-01	2.4516965941e-01	-2.4299970218e-01
1.7790000000e+01	-2.4479992065e-01	2.3243740074e-01	2.4479992065e-01	-2.3243740074e-01
1.7800000000e+01	-2.4425351603e-01	2.2170743775e-01	2.4425351603e-01	-2.2170743775e-01
1.7810000000e+01	-2.4351838251e-01	2.1080625803e-01	2.4351838251e-01	-2.1080625803e-01
1.7820000000e+01	-2.4258136545e-01	1.9973041538e-01	2.4258136545e-01	-1.9973041538e-01
1.7830000000e+01	-2.4142810234e-01	1.8847663841e-01	2.4142810234e-01	-1.8847663841e-01
1.7840000000e+01	-2.4004289473e-01	1.7704191439e-01	2.4004289473e-01	-1.7704191439e-01
1.7850000000e+01	-2.3840856847e-01	1.6542359583e-01	2.3840856847e-01	-1.6542359583e-01
1.7860000000e+01	-2.3650632266e-01	1.5361953566e-01	2.3650632266e-01	-1.5361953566e-01
1.7870000000e+01	-2.3431556891e-01	1.4162825792e-01	2.3431556891e-01	-1.4162825792e-01
1.7880000000e+01	-2.3181376439e-01	1.2944917299e-01	2.3181376439e-01	-1.2944917299e-01
1.7890000000e+01	-2.2897624413e-01	1.1708284777e-01	2.2897624413e-01	-1.1708284777e-01
1.7900000000e+01	-2.2577606232e-01	1.0453134352e-01	2.2577606232e-01	-1.0453134352e-01
1.7910000000e+01	-2.2218385730e-01	9.1798635781e-02	2.2218385730e-01	-9.1798635781e-02
1.7920000000e+01	-2.1816776282e-01	7.8891132219e-02	2.1816776282e-01	-7.8891132219e-02
1.7930000000e+01	-2.1369339872e-01	6.5818304200e-02	2.1369339872e-01	-6.5818304200e-02
1.7940000000e+01	-2.0872398800e-01	5.2593445065e-02	2.0872398800e-01	-5.2593445065e-02
1.7950000000e+01	-2.0322066554e-01	3.9234560338e-02	2.0322066554e-01	-3.9234560338e-02
1.7960000000e+01	-1.9714306334e-01	2.5765378902e-02	1.9714306334e-01	-2.5765378902e-02
1.7970000000e+01	-1.9045027715e-01	1.2216445425e-02	1.9045027715e-01	-1.2216445425e-02
1.7980000000e+01	-1.8310232932e-01	-1.3737915973e-03	1.8310232932e-01	1.3737915973e-03
1.7990000000e+01	-1.7506222850e-01	-1.4958046569e-02	1.7506222850e-01	1.4958046569e-02
1.8000000000e+01	-1.6629866493e-01	-2.8479645479e-02	1.6629866493e-01	2.8479645479e-02
1.8010000000e+01	-1.5678924250e-01	-4.1872647731e-02	1.5678924250e-01	4.1872647731e-02
1.8020000000e+01	-1.4652392343e-01	-5.5062931724e-02	1.4652392343e-01	5.5062931724e-02
1.8030000000e+01	-1.3550808864e-01	-6.7970398612e-02	1.3550808864e-01	6.7970398612e-02
1.8040000000e+01	-1.2376443162e-01	-8.0512135278e-02	1.2376443162e-01	8.0512135278e-02
1.8050000000e+01	-1.1133302373e-01	-9.2605972541e-02	1.1133302373e-01	9.2605972541e-02
1.8060000000e+01	-9.8269451372e-02	-1.0417365643e-01	9.8269451372e-02	1.0417365643e-01
1.8070000000e+01	-8.4641717872e-02	-1.1514313916e-01	8.4641717872e-02	1.1514313916e-01
1.8080000000e+01	-7.0527023016e-02	-1.2545024033e-01	7.0527023016e-02	1.2545024033e-01
1.8090000000e+01	-5.6009114758e-02	-1.3504048526e-01	5.6009114758e-02	1.3504048526e-01
1.8100000000e+01	-4.1175995725e-02	-1.4387162633e-01	4.1175995725e-02	1.4387162633e-01
1.8110000000e+01	-2.6117283512e-02	-1.5191638779e-01	2.6117283512e-02	1.5191638779e-01
1.8120000000e+01	-1.0920899943e-02	-1.5916430008e-01	1.0920899943e-02	1.5916430008e-01
1.8130000000e+01	4.3305072862e-03	-1.6562171953e-01	-4.3305072862e-03	1.6562171953e-01
1.8140000000e+01	1.9562645076e-02	-1.7130994286e-01	-1.9562645076e-02	1.7130994286e-01
1.8150000000e+01	3.4711574336e-02	-1.7626202663e-01	-3.4711574336e-02	1.7626202663e-01
1.8160000000e+01	4.9724473855e-02	-1.8051914890e-01	-4.9724473855e-02	1.8051914890e-01
1.8170000000e+01	6.4559364445e-02	-1.8412719176e-01	-6.4559364445e-02	1.8412719176e-01
1.8180000000e+01	7.9184140807e-02	-1.8713392330e-01	-7.9184140807e-02	1.8713392330e-01
1.8190000000e+01	9.3575250859e-02	-1.8958689471e-01	-9.3575250859e-02	1.8958689471e-01
1.8200000000e+01	1.0771627926e-01	-1.9153200502e-01	-1.0771627926e-01	1.9153200502e-01
1.8210000000e+01	1.2159659648e-01	-1.9301261230e-01	-1.2159659648e-01	1.9301261230e-01
1.8220000000e+01	1.3521015699e-01	-1.9406905538e-01	-1.3521015699e-01	1.9406905538e-01
1.8230000000e+01	1.4855447752e-01	-1.9473846409e-01	-1.4855447752e-01	1.9473846409e-01
1.8240000000e+01	1.6162979469e-01	-1.9505476097e-01	-1.6162979469e-01	1.9505476097e-01
1.8250000000e+01	1.7443838570e-01	-1.9504878201e-01	-1.7443838570e-01	1.9504878201e-01
1.8260000000e+01	1.8698402926e-01	-1.9474846548e-01	-1.8698402926e-01	1.9474846548e-01
1.8270000000e+01	1.9927158295e-01	-1.9417907449e-01	-1.9927158295e-01	1.9417907449e-01
1.8280000000e+01	2.1130665508e-01	-1.9336343050e-01	-2.1130665508e-01	1.9336343050e-01
1.8290000000e+01	2.2309535218e-01	-1.9232214410e-01	-2.2309535218e-01	1.9232214410e-01
1.8300000000e+01	2.3464408604e-01	-1.9107383466e-01	-2.3464408604e-01	1.9107383466e-01
1.8310000000e+01	2.4595942751e-01	-1.8963533446e-01	-2.4595942751e-01	1.8963533446e-01
1.8320000000e+01	2.5704799672e-01	-1.8802187552e-01	-2.5704799672e-01	1.8802187552e-01
1.8330000000e+01	2.6791638155e-01	-1.8624725852e-01	-2.6791638155e-01	1.8624725852e-01
1.8340000000e+01	2.7857107784e-01	-1.8432400457e-01	-2.7857107784e-01	1.8432400457e-01
1.8350000000e+01	2.8901844638e-01	-1.8226349074e-01	-2.8901844638e-01	1.8226349074e-01
1.8360000000e+01	2.9926468286e-01	-1.8007607076e-01	-2.9926468286e-01	1.8007607076e-01
1.8370000000e+01	3.0931579757e-01	-1.7777118214e-01	-3.0931579757e-01	1.7777118214e-01
1.8380000000e+01	3.1917760260e-01	-1.7535744131e-01	-3.1917760260e-01	1.7535744131e-01
1.8390000000e+01	3.2885570476e-01	-1.7284272788e-01	-3.2885570476e-01	1.7284272788e-01
1.8400000000e+01	3.3835550269e-01	-1.7023425939e-01	-3.3835550269e-01	1.7023425939e-01
1.8410000000e+01	3.4768218722e-01	-1.6753865760e-01	-3.4768218722e-01	1.6753865760e-01
1.8420000000e+01	3.5684074396e-01	-1.6476200732e-01	-3.5684074396e-01	1.6476200732e-01
1.8430000000e+01	3.6583595770e-01	-1.6190990870e-01	-3.6583595770e-01	1.6190990870e-01
1.8440000000e+01	3.7467241789e-01	-1.5898752366e-01	-3.7467241789e-01	1.5898752366e-01
1.8450000000e+01	3.8335452500e-01	-1.5599961734e-01	-3.8335452500e-01	1.5599961734e-01
1.8460000000e+01	3.9188649738e-01	-1.5295059498e-01	-3.9188649738e-01	1.5295059498e-01
1.8470000000e+01	4.0027237841e-01	-1.4984453487e-01	-4.0027237841e-01	1.4984453487e-01
1.8480000000e+01	4.0851604377e-01	-1.4668521787e-01	-4.0851604377e-01	1.4668521787e-01
1.8490000000e+01	4.1662120876e-01	-1.4347615376e-01	-4.1662120876e-01	1.4347615376e-01
1.8500000000e+01	4.2459143549e-01	-1.4022060494e-01	-4.2459143549e-01	1.4022060494e-01
1.8510000000e+01	4.3243013992e-01	-1.3692160772e-01	-4.3243013992e-01	1.3692160772e-01
1.8520000000e+01	4.4014059873e-01	-1.3358199144e-01	-4.4014059873e-01	1.3358199144e-01
1.8530000000e+01	4.4772595594e-01	-1.3020439571e-01	-4.4772595594e-01	1.3020439571e-01
1.8540000000e+01	4.5518922927e-01	-1.2679128603e-01	-4.5518922927e-01	1.2679128603e-01
1.8550000000e+01	4.6253331622e-01	-1.2334496782e-01	-4.6253331622e-01	1.2334496782e-01
1.8560000000e+01	4.6976099992e-01	-1.1986759917e-01	-4.6976099992e-01	1.1986759917e-01
1.8570000000e+01	4.7687495467e-01	-1.1636120240e-01	-4.7687495467e-01	1.1636120240e-01
1.8580000000e+01	4.8387775122e-01	-1.1282767452e-01	-4.8387775122e-01	1.1282767452e-01
1.8590000000e+01	4.9077186179e-01	-1.0926879683e-01	-4.9077186179e-01	1.0926879683e-01
1.8600000000e+01	4.9755966482e-01	-1.0568624350e-01	-4.9755966482e-01	1.0568624350e-01
1.8610000000e+01	5.0424344952e-01	-1.0208158957e-01	-5.0424344952e-01	1.0208158957e-01
1.8620000000e+01	5.1082542008e-01	-9.8456318143e-02	-5.1082542008e-01	9.8456318143e-02
1.8630000000e+01	5.1730769978e-01	-9.4811826970e-02	-5.1730769978e-01	9.4811826970e-02
1.8640000000e+01	5.2369233480e-01	-9.1149434524e-02	-5.2369233480e-01	9.1149434524e-02
1.8650000000e+01	5.2998129782e-01	-8.7470385525e-02	-5.2998129782e-01	8.7470385525e-02
1.8660000000e+01	5.3617649150e-01	-8.3775856024e-02	-5.3617649150e-01	8.3775856024e-02
1.8670000000e+01	5.4227975167e-01	-8.0066958068e-02	-5.4227975167e-01	8.0066958068e-02
1.8680000000e+01	5.4829285046e-01	-7.6344743998e-02	-5.4829285046e-01	7.6344743998e-02
1.8690000000e+01	5.5421749914e-01	-7.2610210400e-02	-5.5421749914e-01	7.2610210400e-02
1.8700000000e+01	5.6005535092e-01	-6.8864301748e-02	-5.6005535092e-01	6.8864301748e-02
1.8710000000e+01	5.6580800353e-01	-6.5107913766e-02	-5.6580800353e-01	6.5107913766e-02
1.8720000000e+01	5.7147700168e-01	-6.1341896535e-02	-5.7147700168e-01	6.1341896535e-02
1.8730000000e+01	5.7706383942e-01	-5.7567057364e-02	-5.7706383942e-01	5.7567057364e-02
1.8740000000e+01	5.8256996231e-01	-5.3784163447e-02	-5.8256996231e-01	5.3784163447e-02
1.8750000000e+01	5.8799676952e-01	-4.9993944327e-02	-5.8799676952e-01	4.9993944327e-02
1.8760000000e+01	5.9334561586e-01	-4.6197094182e-02	-5.9334561586e-01	4.6197094182e-02
1.8770000000e+01	5.9861781359e-01	-4.2394273940e-02	-5.9861781359e-01	4.2394273940e-02
1.8780000000e+01	6.0381463426e-01	-3.8586113255e-02	-6.0381463426e-01	3.8586113255e-02
1.8790000000e+01	6.0893731039e-01	-3.4773212334e-02	-6.0893731039e-01	3.4773212334e-02
1.8800000000e+01	6.1398703705e-01	-3.0956143647e-02	-6.1398703705e-01	3.0956143647e-02
1.8810000000e+01	6.1896497343e-01	-2.7135453512e-02	-6.1896497343e-01	2.7135453512e-02
1.8820000000e+01	6.2387224424e-01	-2.3311663577e-02	-6.2387224424e-01	2.3311663577e-02
1.8830000000e+01	6.2870994114e-01	-1.9485272207e-02	-6.2870994114e-01	1.9485272207e-02
1.8840000000e+01	6.3347912400e-01	-1.5656755766e-02	-6.3347912400e-01	1.5656755766e-02
1.8850000000e+01	6.3818082219e-01	-1.1826569831e-02	-6.3818082219e-01	1.1826569831e-02
1.8860000000e+01	6.4281603573e-01	-7.9951503191e-03	-6.4281603573e-01	7.9951503191e-03
1.8870000000e+01	6.4738573643e-01	-4.1629145403e-03	-6.4738573643e-01	4.1629145403e-03
1.8880000000e+01	6.5189086899e-01	-3.3026219129e-04	-6.5189086899e-01	3.3026219129e-04
1.8890000000e+01	6.5633235196e-01	3.5024237192e-03	-6.5633235196e-01	-3.5024237192e-03
1.8900000000e+01	6.6071107881e-01	7.3347759997e-03	-6.6071107881e-01	-7.3347759997e-03
1.8910000000e+01	6.6502791875e-01	1.1166442459e-02	-6.6502791875e-01	-1.1166442459e-02
1.8920000000e+01	6.6928371771e-01	1.4997085138e-02	-6.6928371771e-01	-1.4997085138e-02
1.8930000000e+01	6.7347929913e-01	1.8826379592e-02	-6.7347929913e-01	-1.8826379592e-02
1.8940000000e+01	6.7761546480e-01	2.2654014207e-02	-6.7761546480e-01	-2.2654014207e-02
1.8950000000e+01	6.8169299562e-01	2.6479689564e-02	-6.8169299562e-01	-2.6479689564e-02
1.8960000000e+01	6.8571265233e-01	3.0303117839e-02	-6.8571265233e-01	-3.0303117839e-02
1.8970000000e+01	6.8967517621e-01	3.4124022234e-02	-6.8967517621e-01	-3.4124022234e-02
1.8980000000e+01	6.9358128978e-01	3.7942136443e-02	-6.9358128978e-01	-3.7942136443e-02
1.8990000000e+01	6.9743169743e-01	4.1757204149e-02	-6.9743169743e-01	-4.1757204149e-02
1.9000000000e+01	7.0122708603e-01	4.5568978548e-02	-7.0122708603e-01	-4.5568978548e-02
1.9010000000e+01	7.0496812552e-01	4.9377221897e-02	-7.0496812552e-01	-4.9377221897e-02
1.9020000000e+01	7.0865546948e-01	5.3181705095e-02	-7.0865546948e-01	-5.3181705095e-02
1.9030000000e+01	7.1228975569e-01	5.6982207273e-02	-7.1228975569e-01	-5.6982207273e-02
1.9040000000e+01	7.1587160660e-01	6.0778515421e-02	-7.1587160660e-01	-6.0778515421e-02
1.9050000000e+01	7.1940162989e-01	6.4570424027e-02	-7.1940162989e-01	-6.4570424027e-02
1.9060000000e+01	7.2288041887e-01	6.8357734733e-02	-7.2288041887e-01	-6.8357734733e-02
1.9070000000e+01	7.2630855303e-01	7.2140256016e-02	-7.2630855303e-01	-7.2140256016e-02
1.9080000000e+01	7.2968659838e-01	7.5917802879e-02	-7.2968659838e-01	-7.5917802879e-02
1.9090000000e+01	7.3301510797e-01	7.9690196564e-02	-7.3301510797e-01	-7.9690196564e-02
1.9100000000e+01	7.3629462221e-01	8.3457264273e-02	-7.3629462221e-01	-8.3457264273e-02
1.9110000000e+01	7.3952566929e-01	8.7218838909e-02	-7.3952566929e-01	-8.7218838909e-02
1.9120000000e+01	7.4270876557e-01	9.0974758829e-02	-7.4270876557e-01	-9.0974758829e-02
1.9130000000e+01	7.4584441594e-01	9.4724867603e-02	-7.4584441594e-01	-9.4724867603e-02
1.9140000000e+01	7.4893311410e-01	9.8469013795e-02	-7.4893311410e-01	-9.8469013795e-02
1.9150000000e+01	7.5197534300e-01	1.0220705075e-01	-7.5197534300e-01	-1.0220705075e-01
1.9160000000e+01	7.5497157505e-01	1.0593883638e-01	-7.5497157505e-01	-1.0593883638e-01
1.9170000000e+01	7.5792227250e-01	1.0966423298e-01	-7.5792227250e-01	-1.0966423298e-01
1.9180000000e+01	7.6082788772e-01	1.1338310706e-01	-7.6082788772e-01	-1.1338310706e-01
1.9190000000e+01	7.6368886345e-01	1.1709532913e-01	-7.6368886345e-01	-1.1709532913e-01
1.9200000000e+01	7.6650563312e-01	1.2080077358e-01	-7.6650563312e-01	-1.2080077358e-01
1.9210000000e+01	7.6927862109e-01	1.2449931846e-01	-7.6927862109e-01	-1.2449931846e-01
1.9220000000e+01	7.7200824291e-01	1.2819084541e-01	-7.7200824291e-01	-1.2819084541e-01
1.9230000000e+01	7.7469490556e-01	1.3187523944e-01	-7.7469490556e-01	-1.3187523944e-01
1.9240000000e+01	7.7733900769e-01	1.3555238883e-01	-7.7733900769e-01	-1.3555238883e-01
1.9250000000e+01	7.7994093986e-01	1.3922218498e-01	-7.7994093986e-01	-1.3922218498e-01
1.9260000000e+01	7.8250108473e-01	1.4288452231e-01	-7.8250108473e-01	-1.4288452231e-01
1.9270000000e+01	7.8501981730e-01	1.4653929810e-01	-7.8501981730e-01	-1.4653929810e-01
1.9280000000e+01	7.8749750512e-01	1.5018641242e-01	-7.8749750512e-01	-1.5018641242e-01
1.9290000000e+01	7.8993450845e-01	1.5382576798e-01	-7.8993450845e-01	-1.5382576798e-01
1.9300000000e+01	7.9233118049e-01	1.5745727006e-01	-7.9233118049e-01	-1.5745727006e-01
1.9310000000e+01	7.9468786754e-01	1.6108082636e-01	-7.9468786754e-01	-1.6108082636e-01
1.9320000000e+01	7.9700490920e-01	1.6469634696e-01	-7.9700490920e-01	-1.6469634696e-01
1.9330000000e+01	7.9928263853e-01	1.6830374419e-01	-7.9928263853e-01	-1.6830374419e-01
1.9340000000e+01	8.0152138220e-01	1.7190293255e-01	-8.0152138220e-01	-1.7190293255e-01
1.9350000000e+01	8.0372146070e-01	1.7549382863e-01	-8.0372146070e-01	-1.7549382863e-01
1.9360000000e+01	8.0588318842e-01	1.7907635103e-01	-8.0588318842e-01	-1.7907635103e-01
1.9370000000e+01	8.0800687389e-01	1.8265042027e-01	-8.0800687389e-01	-1.8265042027e-01
1.9380000000e+01	8.1009281986e-01	1.8621595873e-01	-8.1009281986e-01	-1.8621595873e-01
1.9390000000e+01	8.1214132345e-01	1.8977289057e-01	-8.1214132345e-01	-1.8977289057e-01
1.9400000000e+01	8.1415267634e-01	1.9332114164e-01	-8.1415267634e-01	-1.9332114164e-01
1.9410000000e+01	8.1612716481e-01	1.9686063947e-01	-8.1612716481e-01	-1.9686063947e-01
1.9420000000e+01	8.1806506997e-01	2.0039131315e-01	-8.1806506997e-01	-2.0039131315e-01
1.9430000000e+01	8.1996666779e-01	2.0391309329e-01	-8.1996666779e-01	-2.0391309329e-01
1.9440000000e+01	8.2183222930e-01	2.0742591197e-01	-8.2183222930e-01	-2.0742591197e-01
1.9450000000e+01	8.2366202065e-01	2.1092970268e-01	-8.2366202065e-01	-2.1092970268e-01
1.9460000000e+01	8.2545630325e-01	2.1442440024e-01	-8.2545630325e-01	-2.1442440024e-01
1.9470000000e+01	8.2721533388e-01	2.1790994078e-01	-8.2721533388e-01	-2.1790994078e-01
1.9480000000e+01	8.2893936478e-01	2.2138626168e-01	-8.2893936478e-01	-2.2138626168e-01
1.9490000000e+01	8.3062864376e-01	2.2485330152e-01	-8.3062864376e-01	-2.2485330152e-01
1.9500000000e+01	8.3228341433e-01	2.2831100004e-01	-8.3228341433e-01	-2.2831100004e-01
1.9510000000e+01	8.3390391575e-01	2.3175929806e-01	-8.3390391575e-01	-2.3175929806e-01
1.9520000000e+01	8.3549038313e-01	2.3519813749e-01	-8.3549038313e-01	-2.3519813749e-01
1.9530000000e+01	8.3704304757e-01	2.3862746126e-01	-8.3704304757e-01	-2.3862746126e-01
1.9540000000e+01	8.3856213618e-01	2.4204721328e-01	-8.3856213618e-01	-2.4204721328e-01
1.9550000000e+01	8.4004787224e-01	2.4545733839e-01	-8.4004787224e-01	-2.4545733839e-01
1.9560000000e+01	8.4150047520e-01	2.4885778236e-01	-8.4150047520e-01	-2.4885778236e-01
1.9570000000e+01	8.4292016084e-01	2.5224849182e-01	-8.4292016084e-01	-2.5224849182e-01
1.9580000000e+01	8.4430714130e-01	2.5562941423e-01	-8.4430714130e-01	-2.5562941423e-01
1.9590000000e+01	8.4566162517e-01	2.5900049785e-01	-8.4566162517e-01	-2.5900049785e-01
1.9600000000e+01	8.4698381758e-01	2.6236169173e-01	-8.4698381758e-01	-2.6236169173e-01
1.9610000000e+01	8.4827392024e-01	2.6571294563e-01	-8.4827392024e-01	-2.6571294563e-01
1.9620000000e+01	8.4953213154e-01	2.6905421004e-01	-8.4953213154e-01	-2.6905421004e-01
1.9630000000e+01	8.5075864660e-01	2.7238543611e-01	-8.5075864660e-01	-2.7238543611e-01
1.9640000000e+01	8.5195365735e-01	2.7570657565e-01	-8.5195365735e-01	-2.7570657565e-01
1.9650000000e+01	8.5311735259e-01	2.7901758110e-01	-8.5311735259e-01	-2.7901758110e-01
1.9660000000e+01	8.5424991803e-01	2.8231840547e-01	-8.5424991803e-01	-2.8231840547e-01
1.9670000000e+01	8.5535153642e-01	2.8560900237e-01	-8.5535153642e-01	-2.8560900237e-01
1.9680000000e+01	8.5642238751e-01	2.8888932594e-01	-8.5642238751e-01	-2.8888932594e-01
1.9690000000e+01	8.5746264818e-01	2.9215933085e-01	-8.5746264818e-01	-2.9215933085e-01
1.9700000000e+01	8.5847249250e-01	2.9541897224e-01	-8.5847249250e-01	-2.9541897224e-01
1.9710000000e+01	8.5945209173e-01	2.9866820576e-01	-8.5945209173e-01	-2.9866820576e-01
1.9720000000e+01	8.6040161442e-01	3.0190698749e-01	-8.6040161442e-01	-3.0190698749e-01
1.9730000000e+01	8.6132122644e-01	3.0513527395e-01	-8.6132122644e-01	-3.0513527395e-01
1.9740000000e+01	8.6221109105e-01	3.0835302208e-01	-8.6221109105e-01	-3.0835302208e-01
1.9750000000e+01	8.6307136892e-01	3.1156018920e-01	-8.6307136892e-01	-3.1156018920e-01
1.9760000000e+01	8.6390221822e-01	3.1475673300e-01	-8.6390221822e-01	-3.1475673300e-01
1.9770000000e+01	8.6470379463e-01	3.1794261152e-01	-8.6470379463e-01	-3.1794261152e-01
1.9780000000e+01	8.6547625139e-01	3.2111778316e-01	-8.6547625139e-01	-3.2111778316e-01
1.9790000000e+01	8.6621973937e-01	3.2428220659e-01	-8.6621973937e-01	-3.2428220659e-01
1.9800000000e+01	8.6693440707e-01	3.2743584083e-01	-8.6693440707e-01	-3.2743584083e-01
1.9810000000e+01	8.6762040073e-01	3.3057864515e-01	-8.6762040073e-01	-3.3057864515e-01
1.9820000000e+01	8.6827786429e-01	3.3371057909e-01	-8.6827786429e-01	-3.3371057909e-01
1.9830000000e+01	8.6890693950e-01	3.3683160245e-01	-8.6890693950e-01	-3.3683160245e-01
1.9840000000e+01	8.6950776591e-01	3.3994167525e-01	-8.6950776591e-01	-3.3994167525e-01
1.9850000000e+01	8.7008048093e-01	3.4304075775e-01	-8.7008048093e-01	-3.4304075775e-01
1.9860000000e+01	8.7062521987e-01	3.4612881039e-01	-8.7062521987e-01	-3.4612881039e-01
1.9870000000e+01	8.7114211598e-01	3.4920579382e-01	-8.7114211598e-01	-3.4920579382e-01
1.9880000000e+01	8.7163130047e-01	3.5227166885e-01	-8.7163130047e-01	-3.5227166885e-01
1.9890000000e+01	8.7209290254e-01	3.5532639647e-01	-8.7209290254e-01	-3.5532639647e-01
1.9900000000e+01	8.7252704943e-01	3.5836993780e-01	-8.7252704943e-01	-3.5836993780e-01
1.9910000000e+01	8.7293386647e-01	3.6140225411e-01	-8.7293386647e-01	-3.6140225411e-01
1.9920000000e+01	8.7331347707e-01	3.6442330679e-01	-8.7331347707e-01	-3.6442330679e-01
1.9930000000e+01	8.7366600276e-01	3.6743305734e-01	-8.7366600276e-01	-3.6743305734e-01
1.9940000000e+01	8.7399156327e-01	3.7043146735e-01	-8.7399156327e-01	-3.7043146735e-01
1.9950000000e+01	8.7429027649e-01	3.7341849851e-01	-8.7429027649e-01	-3.7341849851e-01
1.9960000000e+01	8.7456225854e-01	3.7639411258e-01	-8.7456225854e-01	-3.7639411258e-01
1.9970000000e+01	8.7480762380e-01	3.7935827138e-01	-8.7480762380e-01	-3.7935827138e-01
1.9980000000e+01	8.7502648492e-01	3.8231093679e-01	-8.7502648492e-01	-3.8231093679e-01
1.9990000000e+01	8.7521895286e-01	3.8525207072e-01	-8.7521895286e-01	-3.8525207072e-01
2.0000000000e+01	8.7538513690e-01	3.8818163512e-01	-8.7538513690e-01	-3.8818163512e-01
2.0010000000e+01	8.7552514470e-01	3.9109959196e-01	-8.7552514470e-01	-3.9109959196e-01
2.0020000000e+01	8.7563908227e-01	3.9400590321e-01	-8.7563908227e-01	-3.9400590321e-01
2.0030000000e+01	8.7572705406e-01	3.9690053087e-01	-8.7572705406e-01	-3.9690053087e-01
2.0040000000e+01	8.7578916295e-01	3.9978343688e-01	-8.7578916295e-01	-3.9978343688e-01
2.0050000000e+01	8.7582551024e-01	4.0265458321e-01	-8.7582551024e-01	-4.0265458321e-01
2.0060000000e+01	8.7583619576e-01	4.0551393177e-01	-8.7583619576e-01	-4.0551393177e-01
2.0070000000e+01	8.7582131780e-01	4.0836144445e-01	-8.7582131780e-01	-4.0836144445e-01
2.0080000000e+01	8.7578097319e-01	4.1119708306e-01	-8.7578097319e-01	-4.1119708306e-01
2.0090000000e+01	8.7571525732e-01	4.1402080940e-01	-8.7571525732e-01	-4.1402080940e-01
2.0100000000e+01	8.7562426411e-01	4.1683258517e-01	-8.7562426411e-01	-4.1683258517e-01
2.0110000000e+01	8.7550808610e-01	4.1963237200e-01	-8.7550808610e-01	-4.1963237200e-01
2.0120000000e+01	8.7536681443e-01	4.2242013144e-01	-8.7536681443e-01	-4.2242013144e-01
2.0130000000e+01	8.7520053884e-01	4.2519582496e-01	-8.7520053884e-01	-4.2519582496e-01
2.0140000000e+01	8.7500934776e-01	4.2795941390e-01	-8.7500934776e-01	-4.2795941390e-01
2.0150000000e+01	8.7479332824e-01	4.3071085952e-01	-8.7479332824e-01	-4.3071085952e-01
2.0160000000e+01	8.7455256605e-01	4.3345012294e-01	-8.7455256605e-01	-4.3345012294e-01
2.0170000000e+01	8.7428714564e-01	4.3617716518e-01	-8.7428714564e-01	-4.3617716518e-01
2.0180000000e+01	8.7399715018e-01	4.3889194709e-01	-8.7399715018e-01	-4.3889194709e-01
2.0190000000e+01	8.7368266157e-01	4.4159442942e-01	-8.7368266157e-01	-4.4159442942e-01
2.0200000000e+01	8.7334376049e-01	4.4428457273e-01	-8.7334376049e-01	-4.4428457273e-01
2.0210000000e+01	8.7298052636e-01	4.4696233745e-01	-8.7298052636e-01	-4.4696233745e-01
2.0220000000e+01	8.7259303740e-01	4.4962768384e-01	-8.7259303740e-01	-4.4962768384e-01
2.0230000000e+01	8.7218137062e-01	4.5228057197e-01	-8.7218137062e-01	-4.5228057197e-01
2.0240000000e+01	8.7174560185e-01	4.5492096175e-01	-8.7174560185e-01	-4.5492096175e-01
2.0250000000e+01	8.7128580575e-01	4.5754881289e-01	-8.7128580575e-01	-4.5754881289e-01
2.0260000000e+01	8.7080205584e-01	4.6016408491e-01	-8.7080205584e-01	-4.6016408491e-01
2.0270000000e+01	8.7029442448e-01	4.6276673711e-01	-8.7029442448e-01	-4.6276673711e-01
2.0280000000e+01	8.6976298291e-01	4.6535672861e-01	-8.6976298291e-01	-4.6535672861e-01
2.0290000000e+01	8.6920780127e-01	4.6793401828e-01	-8.6920780127e-01	-4.6793401828e-01
2.0300000000e+01	8.6862894858e-01	4.7049856478e-01	-8.6862894858e-01	-4.7049856478e-01
2.0310000000e+01	8.6802649279e-01	4.7305032653e-01	-8.6802649279e-01	-4.7305032653e-01
2.0320000000e+01	8.6740050078e-01	4.7558926173e-01	-8.6740050078e-01	-4.7558926173e-01
2.0330000000e+01	8.6675103834e-01	4.7811532829e-01	-8.6675103834e-01	-4.7811532829e-01
2.0340000000e+01	8.6607817026e-01	4.8062848391e-01	-8.6607817026e-01	-4.8062848391e-01
2.0350000000e+01	8.6538196027e-01	4.8312868600e-01	-8.6538196027e-01	-4.8312868600e-01
2.0360000000e+01	8.6466247105e-01	4.8561589170e-01	-8.6466247105e-01	-4.8561589170e-01
2.0370000000e+01	8.6391976431e-01	4.8809005789e-01	-8.6391976431e-01	-4.8809005789e-01
2.0380000000e+01	8.6315390075e-01	4.9055114115e-01	-8.6315390075e-01	-4.9055114115e-01
2.0390000000e+01	8.6236494005e-01	4.9299909778e-01	-8.6236494005e-01	-4.9299909778e-01
2.0400000000e+01	8.6155294094e-01	4.9543388377e-01	-8.6155294094e-01	-4.9543388377e-01
2.0410000000e+01	8.6071796118e-01	4.9785545481e-01	-8.6071796118e-01	-4.9785545481e-01
2.0420000000e+01	8.5986005756e-01	5.0026376628e-01	-8.5986005756e-01	-5.0026376628e-01
2.0430000000e+01	8.5897928592e-01	5.0265877323e-01	-8.5897928592e-01	-5.0265877323e-01
2.0440000000e+01	8.5807570117e-01	5.0504043039e-01	-8.5807570117e-01	-5.0504043039e-01
2.0450000000e+01	8.5714935729e-01	5.0740869215e-01	-8.5714935729e-01	-5.0740869215e-01
2.0460000000e+01	8.5620030734e-01	5.0976351255e-01	-8.5620030734e-01	-5.0976351255e-01
2.0470000000e+01	8.5522860346e-01	5.1210484530e-01	-8.5522860346e-01	-5.1210484530e-01
2.0480000000e+01	8.5423429690e-01	5.1443264375e-01	-8.5423429690e-01	-5.1443264375e-01
2.0490000000e+01	8.5321743802e-01	5.1674686085e-01	-8.5321743802e-01	-5.1674686085e-01
2.0500000000e+01	8.5217807627e-01	5.1904744923e-01	-8.5217807627e-01	-5.1904744923e-01
2.0510000000e+01	8.5111626026e-01	5.2133436110e-01	-8.5111626026e-01	-5.2133436110e-01
2.0520000000e+01	8.5003203771e-01	5.2360754830e-01	-8.5003203771e-01	-5.2360754830e-01
2.0530000000e+01	8.4892545549e-01	5.2586696228e-01	-8.4892545549e-01	-5.2586696228e-01
2.0540000000e+01	8.4779655961e-01	5.2811255406e-01	-8.4779655961e-01	-5.2811255406e-01
2.0550000000e+01	8.4664539525e-01	5.3034427429e-01	-8.4664539525e-01	-5.3034427429e-01
2.0560000000e+01	8.4547200673e-01	5.3256207317e-01	-8.4547200673e-01	-5.3256207317e-01
2.0570000000e+01	8.4427643756e-01	5.3476590048e-01	-8.4427643756e-01	-5.3476590048e-01
2.0580000000e+01	8.4305873044e-01	5.3695570558e-01	-8.4305873044e-01	-5.3695570558e-01
2.0590000000e+01	8.4181892721e-01	5.3913143739e-01	-8.4181892721e-01	-5.3913143739e-01
2.0600000000e+01	8.4055706895e-01	5.4129304435e-01	-8.4055706895e-01	-5.4129304435e-01
2.0610000000e+01	8.3927319592e-01	5.4344047447e-01	-8.3927319592e-01	-5.4344047447e-01
2.0620000000e+01	8.3796734756e-01	5.4557367528e-01	-8.3796734756e-01	-5.4557367528e-01
2.0630000000e+01	8.3663956257e-01	5.4769259386e-01	-8.3663956257e-01	-5.4769259386e-01
2.0640000000e+01	8.3528987884e-01	5.4979717678e-01	-8.3528987884e-01	-5.4979717678e-01
2.0650000000e+01	8.3391833347e-01	5.5188737012e-01	-8.3391833347e-01	-5.5188737012e-01
2.0660000000e+01	8.3252496281e-01	5.5396311949e-01	-8.3252496281e-01	-5.5396311949e-01
2.0670000000e+01	8.3110980244e-01	5.5602436995e-01	-8.3110980244e-01	-5.5602436995e-01
2.0680000000e+01	8.2967288719e-01	5.5807106608e-01	-8.2967288719e-01	-5.5807106608e-01
2.0690000000e+01	8.2821425112e-01	5.6010315192e-01	-8.2821425112e-01	-5.6010315192e-01
2.0700000000e+01	8.2673392754e-01	5.6212057098e-01	-8.2673392754e-01	-5.6212057098e-01
2.0710000000e+01	8.2523194904e-01	5.6412326621e-01	-8.2523194904e-01	-5.6412326621e-01
2.0720000000e+01	8.2370834744e-01	5.6611118003e-01	-8.2370834744e-01	-5.6611118003e-01
2.0730000000e+01	8.2216315385e-01	5.6808425428e-01	-8.2216315385e-01	-5.6808425428e-01
2.0740000000e+01	8.2059639865e-01	5.7004243025e-01	-8.2059639865e-01	-5.7004243025e-01
2.0750000000e+01	8.1900811149e-01	5.7198564864e-01	-8.1900811149e-01	-5.7198564864e-01
2.0760000000e+01	8.1739832129e-01	5.7391384956e-01	-8.1739832129e-01	-5.7391384956e-01
2.0770000000e+01	8.1576705627e-01	5.7582697250e-01	-8.1576705627e-01	-5.7582697250e-01
2.0780000000e+01	8.1411434393e-01	5.7772495639e-01	-8.1411434393e-01	-5.7772495639e-01
2.0790000000e+01	8.1244021108e-01	5.7960773949e-01	-8.1244021108e-01	-5.7960773949e-01
2.0800000000e+01	8.1074468381e-01	5.8147525946e-01	-8.1074468381e-01	-5.8147525946e-01
2.0810000000e+01	8.0902778752e-01	5.8332745331e-01	-8.0902778752e-01	-5.8332745331e-01
2.0820000000e+01	8.0728954690e-01	5.8516425740e-01	-8.0728954690e-01	-5.8516425740e-01
2.0830000000e+01	8.0552998597e-01	5.8698560744e-01	-8.0552998597e-01	-5.8698560744e-01
2.0840000000e+01	8.0374912805e-01	5.8879143846e-01	-8.0374912805e-01	-5.8879143846e-01
2.0850000000e+01	8.0194699577e-01	5.9058168480e-01	-8.0194699577e-01	-5.9058168480e-01
2.0860000000e+01	8.0012361111e-01	5.9235628012e-01	-8.0012361111e-01	-5.9235628012e-01
2.0870000000e+01	7.9827899533e-01	5.9411515737e-01	-7.9827899533e-01	-5.9411515737e-01
2.0880000000e+01	7.9641316905e-01	5.9585824879e-01	-7.9641316905e-01	-5.9585824879e-01
2.0890000000e+01	7.9452615219e-01	5.9758548589e-01	-7.9452615219e-01	-5.9758548589e-01
2.0900000000e+01	7.9261796402e-01	5.9929679943e-01	-7.9261796402e-01	-5.9929679943e-01
2.0910000000e+01	7.9068862315e-01	6.0099211943e-01	-7.9068862315e-01	-6.0099211943e-01
2.0920000000e+01	7.8873814751e-01	6.0267137514e-01	-7.8873814751e-01	-6.0267137514e-01
2.0930000000e+01	7.8676655438e-01	6.0433449505e-01	-7.8676655438e-01	-6.0433449505e-01
2.0940000000e+01	7.8477386037e-01	6.0598140684e-01	-7.8477386037e-01	-6.0598140684e-01
2.0950000000e+01	7.8276008146e-01	6.0761203740e-01	-7.8276008146e-01	-6.0761203740e-01
2.0960000000e+01	7.8072523295e-01	6.0922631280e-01	-7.8072523295e-01	-6.0922631280e-01
2.0970000000e+01	7.7866932950e-01	6.1082415830e-01	-7.7866932950e-01	-6.1082415830e-01
2.0980000000e+01	7.7659238512e-01	6.1240549829e-01	-7.7659238512e-01	-6.1240549829e-01
2.0990000000e+01	7.7449441318e-01	6.1397025634e-01	-7.7449441318e-01	-6.1397025634e-01
2.1000000000e+01	7.7237542640e-01	6.1551835511e-01	-7.7237542640e-01	-6.1551835511e-01
2.1010000000e+01	7.7023543686e-01	6.1704971641e-01	-7.7023543686e-01	-6.1704971641e-01
2.1020000000e+01	7.6807445599e-01	6.1856426114e-01	-7.6807445599e-01	-6.1856426114e-01
2.1030000000e+01	7.6589249459e-01	6.2006190929e-01	-7.6589249459e-01	-6.2006190929e-01
2.1040000000e+01	7.6368956282e-01	6.2154257992e-01	-7.6368956282e-01	-6.2154257992e-01
2.1050000000e+01	7.6146567020e-01	6.2300619115e-01	-7.6146567020e-01	-6.2300619115e-01
2.1060000000e+01	7.5922082563e-01	6.2445266014e-01	-7.5922082563e-01	-6.2445266014e-01
2.1070000000e+01	7.5695503735e-01	6.2588190308e-01	-7.5695503735e-01	-6.2588190308e-01
2.1080000000e+01	7.5466831300e-01	6.2729383515e-01	-7.5466831300e-01	-6.2729383515e-01
2.1090000000e+01	7.5236065956e-01	6.2868837055e-01	-7.5236065956e-01	-6.2868837055e-01
2.1100000000e+01	7.5003208340e-01	6.3006542244e-01	-7.5003208340e-01	-6.3006542244e-01
2.1110000000e+01	7.4768259024e-01	6.3142490294e-01	-7.4768259024e-01	-6.3142490294e-01
2.1120000000e+01	7.4531218521e-01	6.3276672311e-01	-7.4531218521e-01	-6.3276672311e-01
2.1130000000e+01	7.4292087277e-01	6.3409079295e-01	-7.4292087277e-01	-6.3409079295e-01
2.1140000000e+01	7.4050865677e-01	6.3539702133e-01	-7.4050865677e-01	-6.3539702133e-01
2.1150000000e+01	7.3807554045e-01	6.3668531604e-01	-7.3807554045e-01	-6.3668531604e-01
2.1160000000e+01	7.3562152641e-01	6.3795558372e-01	-7.3562152641e-01	-6.3795558372e-01
2.1170000000e+01	7.3314661663e-01	6.3920772986e-01	-7.3314661663e-01	-6.3920772986e-01
2.1180000000e+01	7.3065081245e-01	6.4044165877e-01	-7.3065081245e-01	-6.4044165877e-01
2.1190000000e+01	7.2813411462e-01	6.4165727359e-01	-7.2813411462e-01	-6.4165727359e-01
2.1200000000e+01	7.2559652323e-01	6.4285447622e-01	-7.2559652323e-01	-6.4285447622e-01
2.1210000000e+01	7.2303803778e-01	6.4403316734e-01	-7.2303803778e-01	-6.4403316734e-01
2.1220000000e+01	7.2045865712e-01	6.4519324638e-01	-7.2045865712e-01	-6.4519324638e-01
2.1230000000e+01	7.1785837950e-01	6.4633461146e-01	-7.1785837950e-01	-6.4633461146e-01
2.1240000000e+01	7.1523720253e-01	6.4745715944e-01	-7.1523720253e-01	-6.4745715944e-01
2.1250000000e+01	7.1259512321e-01	6.4856078584e-01	-7.1259512321e-01	-6.4856078584e-01
2.1260000000e+01	7.0993213791e-01	6.4964538481e-01	-7.0993213791e-01	-6.4964538481e-01
2.1270000000e+01	7.0724824238e-01	6.5071084916e-01	-7.0724824238e-01	-6.5071084916e-01
2.1280000000e+01	7.0454343176e-01	6.5175707030e-01	-7.0454343176e-01	-6.5175707030e-01
2.1290000000e+01	7.0181770053e-01	6.5278393819e-01	-7.0181770053e-01	-6.5278393819e-01
2.1300000000e+01	6.9907104259e-01	6.5379134138e-01	-6.9907104259e-01	-6.5379134138e-01
2.1310000000e+01	6.9630345119e-01	6.5477916692e-01	-6.9630345119e-01	-6.5477916692e-01
2.1320000000e+01	6.9351491897e-01	6.5574730037e-01	-6.9351491897e-01	-6.5574730037e-01
2.1330000000e+01	6.9070543793e-01	6.5669562576e-01	-6.9070543793e-01	-6.5669562576e-01
2.1340000000e+01	6.8787499947e-01	6.5762402557e-01	-6.8787499947e-01	-6.5762402557e-01
2.1350000000e+01	6.8502359433e-01	6.5853238068e-01	-6.8502359433e-01	-6.5853238068e-01
2.1360000000e+01	6.8215121265e-01	6.5942057037e-01	-6.8215121265e-01	-6.5942057037e-01
2.1370000000e+01	6.7925784394e-01	6.6028847226e-01	-6.7925784394e-01	-6.6028847226e-01
2.1380000000e+01	6.7634347707e-01	6.6113596232e-01	-6.7634347707e-01	-6.6113596232e-01
2.1390000000e+01	6.7340810030e-01	6.6196291478e-01	-6.7340810030e-01	-6.6196291478e-01
2.1400000000e+01	6.7045170124e-01	6.6276920216e-01	-6.7045170124e-01	-6.6276920216e-01
2.1410000000e+01	6.6747426689e-01	6.6355469517e-01	-6.6747426689e-01	-6.6355469517e-01
2.1420000000e+01	6.6447578360e-01	6.6431926276e-01	-6.6447578360e-01	-6.6431926276e-01
2.1430000000e+01	6.6145623710e-01	6.6506277200e-01	-6.6145623710e-01	-6.6506277200e-01
2.1440000000e+01	6.5841561250e-01	6.6578508810e-01	-6.5841561250e-01	-6.6578508810e-01
2.1450000000e+01	6.5535389425e-01	6.6648607434e-01	-6.5535389425e-01	-6.6648607434e-01
2.1460000000e+01	6.5227106618e-01	6.6716559207e-01	-6.5227106618e-01	-6.6716559207e-01
2.1470000000e+01	6.4916711147e-01	6.6782350063e-01	-6.4916711147e-01	-6.6782350063e-01
2.1480000000e+01	6.4604201270e-01	6.6845965734e-01	-6.4604201270e-01	-6.6845965734e-01
2.1490000000e+01	6.4289575177e-01	6.6907391745e-01	-6.4289575177e-01	-6.6907391745e-01
2.1500000000e+01	6.3972830997e-01	6.6966613409e-01	-6.3972830997e-01	-6.6966613409e-01
2.1510000000e+01	6.3653966792e-01	6.7023615825e-01	-6.3653966792e-01	-6.7023615825e-01
2.1520000000e+01	6.3332980565e-01	6.7078383871e-01	-6.3332980565e-01	-6.7078383871e-01
2.1530000000e+01	6.3009870249e-01	6.7130902200e-01	-6.3009870249e-01	-6.7130902200e-01
2.1540000000e+01	6.2684633717e-01	6.7181155238e-01	-6.2684633717e-01	-6.7181155238e-01
2.1550000000e+01	6.2357268775e-01	6.7229127177e-01	-6.2357268775e-01	-6.7229127177e-01
2.1560000000e+01	6.2027773166e-01	6.7274801969e-01	-6.2027773166e-01	-6.7274801969e-01
2.1570000000e+01	6.1696144569e-01	6.7318163324e-01	-6.1696144569e-01	-6.7318163324e-01
2.1580000000e+01	6.1362380596e-01	6.7359194704e-01	-6.1362380596e-01	-6.7359194704e-01
2.1590000000e+01	6.1026478795e-01	6.7397879316e-01	-6.1026478795e-01	-6.7397879316e-01
2.1600000000e+01	6.0688436651e-01	6.7434200108e-01	-6.0688436651e-01	-6.7434200108e-01
2.1610000000e+01	6.0348251583e-01	6.7468139764e-01	-6.0348251583e-01	-6.7468139764e-01
2.1620000000e+01	6.0005920943e-01	6.7499680698e-01	-6.0005920943e-01	-6.7499680698e-01
2.1630000000e+01	5.9661442020e-01	6.7528805046e-01	-5.9661442020e-01	-6.7528805046e-01
2.1640000000e+01	5.9314812038e-01	6.7555494663e-01	-5.9314812038e-01	-6.7555494663e-01
2.1650000000e+01	5.8966028155e-01	6.7579731117e-01	-5.8966028155e-01	-6.7579731117e-01
2.1660000000e+01	5.8615087464e-01	6.7601495679e-01	-5.8615087464e-01	-6.7601495679e-01
2.1670000000e+01	5.8261986992e-01	6.7620769320e-01	-5.8261986992e-01	-6.7620769320e-01
2.1680000000e+01	5.7906723701e-01	6.7637532703e-01	-5.7906723701e-01	-6.7637532703e-01
2.1690000000e+01	5.7549294488e-01	6.7651766177e-01	-5.7549294488e-01	-6.7651766177e-01
2.1700000000e+01	5.7189696185e-01	6.7663449766e-01	-5.7189696185e-01	-6.7663449766e-01
2.1710000000e+01	5.6827925557e-01	6.7672563169e-01	-5.6827925557e-01	-6.7672563169e-01
2.1720000000e+01	5.6463979306e-01	6.7679085745e-01	-5.6463979306e-01	-6.7679085745e-01
2.1730000000e+01	5.6097854066e-01	6.7682996510e-01	-5.6097854066e-01	-6.7682996510e-01
2.1740000000e+01	5.5729546407e-01	6.7684274127e-01	-5.5729546407e-01	-6.7684274127e-01
2.1750000000e+01	5.5359052836e-01	6.7682896900e-01	-5.5359052836e-01	-6.7682896900e-01
2.1760000000e+01	5.4986369791e-01	6.7678842761e-01	-5.4986369791e-01	-6.7678842761e-01
2.1770000000e+01	5.4611493647e-01	6.7672089267e-01	-5.4611493647e-01	-6.7672089267e-01
2.1780000000e+01	5.4234420715e-01	6.7662613585e-01	-5.4234420715e-01	-6.7662613585e-01
2.1790000000e+01	5.3855147240e-01	6.7650392489e-01	-5.3855147240e-01	-6.7650392489e-01
2.1800000000e+01	5.3473669403e-01	6.7635402346e-01	-5.3473669403e-01	-6.7635402346e-01
2.1810000000e+01	5.3089983321e-01	6.7617619108e-01	-5.3089983321e-01	-6.7617619108e-01
2.1820000000e+01	5.2704085048e-01	6.7597018301e-01	-5.2704085048e-01	-6.7597018301e-01
2.1830000000e+01	5.2315970573e-01	6.7573575014e-01	-5.2315970573e-01	-6.7573575014e-01
2.1840000000e+01	5.1925635822e-01	6.7547263891e-01	-5.1925635822e-01	-6.7547263891e-01
2.1850000000e+01	5.1533076658e-01	6.7518059118e-01	-5.1533076658e-01	-6.7518059118e-01
2.1860000000e+01	5.1138288882e-01	6.7485934409e-01	-5.1138288882e-01	-6.7485934409e-01
2.1870000000e+01	5.0741268234e-01	6.7450863000e-01	-5.0741268234e-01	-6.7450863000e-01
2.1880000000e+01	5.0342010392e-01	6.7412817630e-01	-5.0342010392e-01	-6.7412817630e-01
2.1890000000e+01	4.9940510971e-01	6.7371770534e-01	-4.9940510971e-01	-6.7371770534e-01
2.1900000000e+01	4.9536765530e-01	6.7327693428e-01	-4.9536765530e-01	-6.7327693428e-01
2.1910000000e+01	4.9130769564e-01	6.7280557492e-01	-4.9130769564e-01	-6.7280557492e-01
2.1920000000e+01	4.8722518514e-01	6.7230333362e-01	-4.8722518514e-01	-6.7230333362e-01
2.1930000000e+01	4.8312007759e-01	6.7176991112e-01	-4.8312007759e-01	-6.7176991112e-01
2.1940000000e+01	4.7899232625e-01	6.7120500239e-01	-4.7899232625e-01	-6.7120500239e-01
2.1950000000e+01	4.7484188379e-01	6.7060829649e-01	-4.7484188379e-01	-6.7060829649e-01
2.1960000000e+01	4.7066870236e-01	6.6997947639e-01	-4.7066870236e-01	-6.6997947639e-01
2.1970000000e+01	4.6647273354e-01	6.6931821883e-01	-4.6647273354e-01	-6.6931821883e-01
2.1980000000e+01	4.6225392843e-01	6.6862419414e-01	-4.6225392843e-01	-6.6862419414e-01
2.1990000000e+01	4.5801223760e-01	6.6789706604e-01	-4.5801223760e-01	-6.6789706604e-01
2.2000000000e+01	4.5374761113e-01	6.6713649148e-01	-4.5374761113e-01	-6.6713649148e-01
2.2010000000e+01	4.4945999863e-01	6.6634212046e-01	-4.4945999863e-01	-6.6634212046e-01
2.2020000000e+01	4.4514934925e-01	6.6551359579e-01	-4.4514934925e-01	-6.6551359579e-01
2.2030000000e+01	4.4081561169e-01	6.6465055294e-01	-4.4081561169e-01	-6.6465055294e-01
2.2040000000e+01	4.3645873427e-01	6.6375261978e-01	-4.3645873427e-01	-6.6375261978e-01
2.2050000000e+01	4.3207866487e-01	6.6281941639e-01	-4.3207866487e-01	-6.6281941639e-01
2.2060000000e+01	4.2767535105e-01	6.6185055481e-01	-4.2767535105e-01	-6.6185055481e-01
2.2070000000e+01	4.2324873998e-01	6.6084563884e-01	-4.2324873998e-01	-6.6084563884e-01
2.2080000000e+01	4.1879877855e-01	6.5980426374e-01	-4.1879877855e-01	-6.5980426374e-01
2.2090000000e+01	4.1432541336e-01	6.5872601604e-01	-4.1432541336e-01	-6.5872601604e-01
2.2100000000e+01	4.0982859075e-01	6.5761047320e-01	-4.0982859075e-01	-6.5761047320e-01
2.2110000000e+01	4.0530825685e-01	6.5645720341e-01	-4.0530825685e-01	-6.5645720341e-01
2.2120000000e+01	4.0076435763e-01	6.5526576524e-01	-4.0076435763e-01	-6.5526576524e-01
2.2130000000e+01	3.9619683889e-01	6.5403570740e-01	-3.9619683889e-01	-6.5403570740e-01
2.2140000000e+01	3.9160564638e-01	6.5276656837e-01	-3.9160564638e-01	-6.5276656837e-01
2.2150000000e+01	3.8699072578e-01	6.5145787615e-01	-3.8699072578e-01	-6.5145787615e-01
2.2160000000e+01	3.8235202278e-01	6.5010914784e-01	-3.8235202278e-01	-6.5010914784e-01
2.2170000000e+01	3.7768948315e-01	6.4871988937e-01	-3.7768948315e-01	-6.4871988937e-01
2.2180000000e+01	3.7300305277e-01	6.4728959509e-01	-3.7300305277e-01	-6.4728959509e-01
2.2190000000e+01	3.6829267770e-01	6.4581774742e-01	-3.6829267770e-01	-6.4581774742e-01
2.2200000000e+01	3.6355830425e-01	6.4430381641e-01	-3.6355830425e-01	-6.4430381641e-01
2.2210000000e+01	3.5879987908e-01	6.4274725940e-01	-3.5879987908e-01	-6.4274725940e-01
2.2220000000e+01	3.5401734924e-01	6.4114752054e-01	-3.5401734924e-01	-6.4114752054e-01
2.2230000000e+01	3.4921066227e-01	6.3950403033e-01	-3.4921066227e-01	-6.3950403033e-01
2.2240000000e+01	3.4437976628e-01	6.3781620522e-01	-3.4437976628e-01	-6.3781620522e-01
2.2250000000e+01	3.3952461007e-01	6.3608344706e-01	-3.3952461007e-01	-6.3608344706e-01
2.2260000000e+01	3.3464514323e-01	6.3430514262e-01	-3.3464514323e-01	-6.3430514262e-01
2.2270000000e+01	3.2974131622e-01	6.3248066305e-01	-3.2974131622e-01	-6.3248066305e-01
2.2280000000e+01	3.2481308053e-01	6.3060936334e-01	-3.2481308053e-01	-6.3060936334e-01
2.2290000000e+01	3.1986038881e-01	6.2869058172e-01	-3.1986038881e-01	-6.2869058172e-01
2.2300000000e+01	3.1488319496e-01	6.2672363906e-01	-3.1488319496e-01	-6.2672363906e-01
2.2310000000e+01	3.0988145434e-01	6.2470783825e-01	-3.0988145434e-01	-6.2470783825e-01
2.2320000000e+01	3.0485512390e-01	6.2264246349e-01	-3.0485512390e-01	-6.2264246349e-01
2.2330000000e+01	2.9980416236e-01	6.2052677966e-01	-2.9980416236e-01	-6.2052677966e-01
2.2340000000e+01	2.9472853039e-01	6.1836003152e-01	-2.9472853039e-01	-6.1836003152e-01
2.2350000000e+01	2.8962819084e-01	6.1614144302e-01	-2.8962819084e-01	-6.1614144302e-01
2.2360000000e+01	2.8450310892e-01	6.1387021640e-01	-2.8450310892e-01	-6.1387021640e-01
2.2370000000e+01	2.7935325244e-01	6.1154553146e-01	-2.7935325244e-01	-6.1154553146e-01
2.2380000000e+01	2.7417859208e-01	6.0916654458e-01	-2.7417859208e-01	-6.0916654458e-01
2.2390000000e+01	2.6897910167e-01	6.0673238785e-01	-2.6897910167e-01	-6.0673238785e-01
2.2400000000e+01	2.6375475843e-01	6.0424216805e-01	-2.6375475843e-01	-6.0424216805e-01
2.2410000000e+01	2.5850554334e-01	6.0169496569e-01	-2.5850554334e-01	-6.0169496569e-01
2.2420000000e+01	2.5323144147e-01	5.9908983384e-01	-2.5323144147e-01	-5.9908983384e-01
2.2430000000e+01	2.4793244231e-01	5.9642579708e-01	-2.4793244231e-01	-5.9642579708e-01
2.2440000000e+01	2.4260854023e-01	5.9370185025e-01	-2.4260854023e-01	-5.9370185025e-01
2.2450000000e+01	2.3725973485e-01	5.9091695722e-01	-2.3725973485e-01	-5.9091695722e-01
2.2460000000e+01	2.3188603153e-01	5.8807004952e-01	-2.3188603153e-01	-5.8807004952e-01
2.2470000000e+01	2.2648744190e-01	5.8516002500e-01	-2.2648744190e-01	-5.8516002500e-01
2.2480000000e+01	2.2106398436e-01	5.8218574631e-01	-2.2106398436e-01	-5.8218574631e-01
2.2490000000e+01	2.1561568467e-01	5.7914603935e-01	-2.1561568467e-01	-5.7914603935e-01
2.2500000000e+01	2.1014257664e-01	5.7603969162e-01	-2.1014257664e-01	-5.7603969162e-01
2.2510000000e+01	2.0464470276e-01	5.7286545047e-01	-2.0464470276e-01	-5.7286545047e-01
2.2520000000e+01	1.9912211501e-01	5.6962202130e-01	-1.9912211501e-01	-5.6962202130e-01
2.2530000000e+01	1.9357487562e-01	5.6630806553e-01	-1.9357487562e-01	-5.6630806553e-01
2.2540000000e+01	1.8800305802e-01	5.6292219863e-01	-1.8800305802e-01	-5.6292219863e-01
2.2550000000e+01	1.8240674775e-01	5.5946298784e-01	-1.8240674775e-01	-5.5946298784e-01
2.2560000000e+01	1.7678604355e-01	5.5592894992e-01	-1.7678604355e-01	-5.5592894992e-01
2.2570000000e+01	1.7114105849e-01	5.5231854866e-01	-1.7114105849e-01	-5.5231854866e-01
2.2580000000e+01	1.6547192122e-01	5.4863019227e-01	-1.6547192122e-01	-5.4863019227e-01
2.2590000000e+01	1.5977877733e-01	5.4486223059e-01	-1.5977877733e-01	-5.4486223059e-01
2.2600000000e+01	1.5406179086e-01	5.4101295218e-01	-1.5406179086e-01	-5.4101295218e-01
2.2610000000e+01	1.4832114591e-01	5.3708058114e-01	-1.4832114591e-01	-5.3708058114e-01
2.2620000000e+01	1.4255704841e-01	5.3306327380e-01	-1.4255704841e-01	-5.3306327380e-01
2.2630000000e+01	1.3676972811e-01	5.2895911515e-01	-1.3676972811e-01	-5.2895911515e-01
2.2640000000e+01	1.3095944067e-01	5.2476611505e-01	-1.3095944067e-01	-5.2476611505e-01
2.2650000000e+01	1.2512647005e-01	5.2048220420e-01	-1.2512647005e-01	-5.2048220420e-01
2.2660000000e+01	1.1927113107e-01	5.1610522982e-01	-1.1927113107e-01	-5.1610522982e-01
2.2670000000e+01	1.1339377224e-01	5.1163295103e-01	-1.1339377224e-01	-5.1163295103e-01
2.2680000000e+01	1.0749477890e-01	5.0706303397e-01	-1.0749477890e-01	-5.0706303397e-01
2.2690000000e+01	1.0157457663e-01	5.0239304648e-01	-1.0157457663e-01	-5.0239304648e-01
2.2700000000e+01	9.5633635101e-02	4.9762045253e-01	-9.5633635101e-02	-4.9762045253e-01
2.2710000000e+01	8.9672472222e-02	4.9274260614e-01	-8.9672472222e-02	-4.9274260614e-01
2.2720000000e+01	8.3691658814e-02	4.8775674497e-01	-8.3691658814e-02	-4.8775674497e-01
2.2730000000e+01	7.7691823745e-02	4.8265998338e-01	-7.7691823745e-02	-4.8265998338e-01
2.2740000000e+01	7.1673659638e-02	4.7744930498e-01	-7.1673659638e-02	-4.7744930498e-01
2.2750000000e+01	6.5637929214e-02	4.7212155472e-01	-6.5637929214e-02	-4.7212155472e-01
2.2760000000e+01	5.9585472340e-02	4.6667343031e-01	-5.9585472340e-02	-4.6667343031e-01
2.2770000000e+01	5.3517213892e-02	4.6110147305e-01	-5.3517213892e-02	-4.6110147305e-01
2.2780000000e+01	4.7434172518e-02	4.5540205794e-01	-4.7434172518e-02	-4.5540205794e-01
2.2790000000e+01	4.1337470439e-02	4.4957138314e-01	-4.1337470439e-02	-4.4957138314e-01
2.2800000000e+01	3.5228344408e-02	4.4360545852e-01	-3.5228344408e-02	-4.4360545852e-01
2.2810000000e+01	2.9108158004e-02	4.3750009345e-01	-2.9108158004e-02	-4.3750009345e-01
2.2820000000e+01	2.2978415439e-02	4.3125088366e-01	-2.2978415439e-02	-4.3125088366e-01
2.2830000000e+01	1.6840777077e-02	4.2485319707e-01	-1.6840777077e-02	-4.2485319707e-01
2.2840000000e+01	1.0697076930e-02	4.1830215863e-01	-1.0697076930e-02	-4.1830215863e-01
2.2850000000e+01	4.5493424072e-03	4.1159263409e-01	-4.5493424072e-03	-4.1159263409e-01
2.2860000000e+01	-1.6001833617e-03	4.0471921249e-01	1.6001833617e-03	-4.0471921249e-01
2.2870000000e+01	-7.7490162289e-03	3.9767618757e-01	7.7490162289e-03	-3.9767618757e-01
2.2880000000e+01	-1.3894402323e-02	3.9045753781e-01	1.3894402323e-02	-3.9045753781e-01
2.2890000000e+01	-2.0033285410e-02	3.8305690530e-01	2.0033285410e-02	-3.8305690530e-01
2.2900000000e+01	-2.6162269714e-02	3.7546757322e-01	2.6162269714e-02	-3.7546757322e-01
2.2910000000e+01	-3.2277577490e-02	3.6768244220e-01	3.2277577490e-02	-3.6768244220e-01
2.2920000000e+01	-3.8375000528e-02	3.5969400548e-01	3.8375000528e-02	-3.5969400548e-01
2.2930000000e+01	-4.4449844608e-02	3.5149432315e-01	4.4449844608e-02	-3.5149432315e-01
2.2940000000e+01	-5.0496865803e-02	3.4307499572e-01	5.0496865803e-02	-3.4307499572e-01
2.2950000000e+01	-5.6510197300e-02	3.3442713747e-01	5.6510197300e-02	-3.3442713747e-01
2.2960000000e+01	-6.2483265235e-02	3.2554135020e-01	6.2483265235e-02	-3.2554135020e-01
2.2970000000e+01	-6.8408691778e-02	3.1640769833e-01	6.8408691778e-02	-3.1640769833e-01
2.2980000000e+01	-7.4278183458e-02	3.0701568661e-01	7.4278183458e-02	-3.0701568661e-01
2.2990000000e+01	-8.0082402443e-02	2.9735424228e-01	8.0082402443e-02	-2.9735424228e-01
2.3000000000e+01	-8.5810818206e-02	2.8741170417e-01	8.5810818206e-02	-2.8741170417e-01
2.3010000000e+01	-9.1451536768e-02	2.7717582212e-01	9.1451536768e-02	-2.7717582212e-01
2.3020000000e+01	-9.6991104549e-02	2.6663377142e-01	9.6991104549e-02	-2.6663377142e-01
2.3030000000e+01	-1.0241428382e-01	2.5577218856e-01	1.0241428382e-01	-2.5577218856e-01
2.3040000000e+01	-1.0770379704e-01	2.4457723669e-01	1.0770379704e-01	-2.4457723669e-01
2.3050000000e+01	-1.1284003816e-01	2.3303471214e-01	1.1284003816e-01	-2.3303471214e-01
2.3060000000e+01	-1.1780075040e-01	2.2113020688e-01	1.1780075040e-01	-2.2113020688e-01
2.3070000000e+01	-1.2256067318e-01	2.0884934627e-01	1.2256067318e-01	-2.0884934627e-01
2.3080000000e+01	-1.2709116526e-01	1.9617812708e-01	1.2709116526e-01	-1.9617812708e-01
2.3090000000e+01	-1.3135981927e-01	1.8310338677e-01	1.3135981927e-01	-1.8310338677e-01
2.3100000000e+01	-1.3533009459e-01	1.6961344152e-01	1.3533009459e-01	-1.6961344152e-01
2.3110000000e+01	-1.3896101299e-01	1.5569893517e-01	1.3896101299e-01	-1.5569893517e-01
2.3120000000e+01	-1.4220698598e-01	1.4135394209e-01	1.4220698598e-01	-1.4135394209e-01
2.3130000000e+01	-1.4501787433e-01	1.2657735812e-01	1.4501787433e-01	-1.2657735812e-01
2.3140000000e+01	-1.4733941562e-01	1.1137458792e-01	1.4733941562e-01	-1.1137458792e-01
2.3150000000e+01	-1.4911418643e-01	9.5759483772e-02	1.4911418643e-01	-9.5759483772e-02
2.3160000000e+01	-1.5028327081e-01	7.9756400375e-02	1.5028327081e-01	-7.9756400375e-02
2.3170000000e+01	-1.5078875205e-01	6.3402102710e-02	1.5078875205e-01	-6.3402102710e-02
2.3180000000e+01	-1.5057698972e-01	4.6747125147e-02	1.5057698972e-01	-4.6747125147e-02
2.3190000000e+01	-1.4960236493e-01	2.9856100604e-02	1.4960236493e-01	-2.9856100604e-02
2.3200000000e+01	-1.4783083550e-01	1.2806670141e-02	1.4783083550e-01	-1.2806670141e-02
2.3210000000e+01	-1.4524243291e-01	-4.3130704861e-03	1.4524243291e-01	4.3130704861e-03
2.3220000000e+01	-1.4183204062e-01	-2.1408118538e-02	1.4183204062e-01	2.1408118538e-02
2.3230000000e+01	-1.3760852397e-01	-3.8380303703e-02	1.3760852397e-01	3.8380303703e-02
2.3240000000e+01	-1.3259313384e-01	-5.5131636378e-02	1.3259313384e-01	5.5131636378e-02
2.3250000000e+01	-1.2681831106e-01	-7.1567358574e-02	1.2681831106e-01	7.1567358574e-02
2.3260000000e+01	-1.2032725184e-01	-8.7599235281e-02	1.2032725184e-01	8.7599235281e-02
2.3270000000e+01	-1.1317354738e-01	-1.0314928879e-01	1.1317354738e-01	1.0314928879e-01
2.3280000000e+01	-1.0541989555e-01	-1.1815339829e-01	1.0541989555e-01	1.1815339829e-01
2.3290000000e+01	-9.7135485672e-02	-1.3256378695e-01	9.7135485672e-02	1.3256378695e-01
2.3300000000e+01	-8.8392486867e-02	-1.4634973731e-01	8.8392486867e-02	1.4634973731e-01
2.3310000000e+01	-7.9262462853e-02	-1.5949654450e-01	7.9262462853e-02	1.5949654450e-01
2.3320000000e+01	-6.9813405292e-02	-1.7200322625e-01	6.9813405292e-02	1.7200322625e-01
2.3330000000e+01	-6.0107710994e-02	-1.8387965925e-01	6.0107710994e-02	1.8387965925e-01
2.3340000000e+01	-5.0201100733e-02	-1.9514369431e-01	5.0201100733e-02	1.9514369431e-01
2.3350000000e+01	-4.0142295905e-02	-2.0581859045e-01	4.0142295905e-02	2.0581859045e-01
2.3360000000e+01	-2.9973217924e-02	-2.1593091521e-01	2.9973217924e-02	2.1593091521e-01
2.3370000000e+01	-1.9729499039e-02	-2.2550892929e-01	1.9729499039e-02	2.2550892929e-01
2.3380000000e+01	-9.4411448060e-03	-2.3458140473e-01	9.4411448060e-03	2.3458140473e-01
2.3390000000e+01	8.6675901994e-04	-2.4317679882e-01	-8.6675901994e-04	2.4317679882e-01
2.3400000000e+01	1.1173360091e-02	-2.5132270459e-01	-1.1173360091e-02	2.5132270459e-01
2.3410000000e+01	2.1461408341e-02	-2.5904550701e-01	-2.1461408341e-02	2.5904550701e-01
2.3420000000e+01	3.1716695273e-02	-2.6637018791e-01	-3.1716695273e-02	2.6637018791e-01
2.3430000000e+01	4.1927566952e-02	-2.7332023511e-01	-4.1927566952e-02	2.7332023511e-01
2.3440000000e+01	5.2084507400e-02	-2.7991762259e-01	-5.2084507400e-02	2.7991762259e-01
2.3450000000e+01	6.2179785862e-02	-2.8618283753e-01	-6.2179785862e-02	2.8618283753e-01
2.3460000000e+01	7.2207160209e-02	-2.9213493696e-01	-7.2207160209e-02	2.9213493696e-01
2.3470000000e+01	8.2161628663e-02	-2.9779162188e-01	-8.2161628663e-02	2.9779162188e-01
2.3480000000e+01	9.2039222547e-02	-3.0316932055e-01	-9.2039222547e-02	3.0316932055e-01
2.3490000000e+01	1.0183683354e-01	-3.0828327515e-01	-1.0183683354e-01	3.0828327515e-01
2.3500000000e+01	1.1155206981e-01	-3.1314762836e-01	-1.1155206981e-01	3.1314762836e-01
2.3510000000e+01	1.2118313614e-01	-3.1777550717e-01	-1.2118313614e-01	3.1777550717e-01
2.3520000000e+01	1.3072873407e-01	-3.2217910276e-01	-1.3072873407e-01	3.2217910276e-01
2.3530000000e+01	1.4018797858e-01	-3.2636974545e-01	-1.4018797858e-01	3.2636974545e-01
2.3540000000e+01	1.4956032856e-01	-3.3035797448e-01	-1.4956032856e-01	3.3035797448e-01
2.3550000000e+01	1.5884552864e-01	-3.3415360255e-01	-1.5884552864e-01	3.3415360255e-01
2.3560000000e+01	1.6804356057e-01	-3.3776577507e-01	-1.6804356057e-01	3.3776577507e-01
2.3570000000e+01	1.7715460245e-01	-3.4120302460e-01	-1.7715460245e-01	3.4120302460e-01
2.3580000000e+01	1.8617899449e-01	-3.4447332057e-01	-1.8617899449e-01	3.4447332057e-01
2.3590000000e+01	1.9511721034e-01	-3.4758411464e-01	-1.9511721034e-01	3.4758411464e-01
2.3600000000e+01	2.0396983287e-01	-3.5054238213e-01	-2.0396983287e-01	3.5054238213e-01
2.3610000000e+01	2.1273753390e-01	-3.5335465972e-01	-2.1273753390e-01	3.5335465972e-01
2.3620000000e+01	2.2142105703e-01	-3.5602707983e-01	-2.2142105703e-01	3.5602707983e-01
2.3630000000e+01	2.3002120325e-01	-3.5856540196e-01	-2.3002120325e-01	3.5856540196e-01
2.3640000000e+01	2.3853881875e-01	-3.6097504121e-01	-2.3853881875e-01	3.6097504121e-01
2.3650000000e+01	2.4697478467e-01	-3.6326109430e-01	-2.4697478467e-01	3.6326109430e-01
2.3660000000e+01	2.5533000844e-01	-3.6542836335e-01	-2.5533000844e-01	3.6542836335e-01
2.3670000000e+01	2.6360541651e-01	-3.6748137757e-01	-2.6360541651e-01	3.6748137757e-01
2.3680000000e+01	2.7180194818e-01	-3.6942441304e-01	-2.7180194818e-01	3.6942441304e-01
2.3690000000e+01	2.7992055047e-01	-3.7126151086e-01	-2.7992055047e-01	3.7126151086e-01
2.3700000000e+01	2.8796217374e-01	-3.7299649376e-01	-2.8796217374e-01	3.7299649376e-01
2.3710000000e+01	2.9592776810e-01	-3.7463298126e-01	-2.9592776810e-01	3.7463298126e-01
2.3720000000e+01	3.0381828032e-01	-3.7617440365e-01	-3.0381828032e-01	3.7617440365e-01
2.3730000000e+01	3.1163465134e-01	-3.7762401479e-01	-3.1163465134e-01	3.7762401479e-01
2.3740000000e+01	3.1937781415e-01	-3.7898490388e-01	-3.1937781415e-01	3.7898490388e-01
2.3750000000e+01	3.2704869203e-01	-3.8026000628e-01	-3.2704869203e-01	3.8026000628e-01
2.3760000000e+01	3.3464819720e-01	-3.8145211349e-01	-3.3464819720e-01	3.8145211349e-01
2.3770000000e+01	3.4217722961e-01	-3.8256388237e-01	-3.4217722961e-01	3.8256388237e-01
2.3780000000e+01	3.4963667602e-01	-3.8359784359e-01	-3.4963667602e-01	3.8359784359e-01
2.3790000000e+01	3.5702740933e-01	-3.8455640948e-01	-3.5702740933e-01	3.8455640948e-01
2.3800000000e+01	3.6435028794e-01	-3.8544188130e-01	-3.6435028794e-01	3.8544188130e-01
2.3810000000e+01	3.7160615536e-01	-3.8625645596e-01	-3.7160615536e-01	3.8625645596e-01
2.3820000000e+01	3.7879583994e-01	-3.8700223221e-01	-3.7879583994e-01	3.8700223221e-01
2.3830000000e+01	3.8592015462e-01	-3.8768121643e-01	-3.8592015462e-01	3.8768121643e-01
2.3840000000e+01	3.9297989684e-01	-3.8829532800e-01	-3.9297989684e-01	3.8829532800e-01
2.3850000000e+01	3.9997584849e-01	-3.8884640427e-01	-3.9997584849e-01	3.8884640427e-01
2.3860000000e+01	4.0690877594e-01	-3.8933620517e-01	-4.0690877594e-01	3.8933620517e-01
2.3870000000e+01	4.1377943011e-01	-3.8976641757e-01	-4.1377943011e-01	3.8976641757e-01
2.3880000000e+01	4.2058854658e-01	-3.9013865926e-01	-4.2058854658e-01	3.9013865926e-01
2.3890000000e+01	4.2733684575e-01	-3.9045448273e-01	-4.2733684575e-01	3.9045448273e-01
2.3900000000e+01	4.3402503299e-01	-3.9071537864e-01	-4.3402503299e-01	3.9071537864e-01
2.3910000000e+01	4.4065379890e-01	-3.9092277912e-01	-4.4065379890e-01	3.9092277912e-01
2.3920000000e+01	4.4722381951e-01	-3.9107806080e-01	-4.4722381951e-01	3.9107806080e-01
2.3930000000e+01	4.5373575649e-01	-3.9118254772e-01	-4.5373575649e-01	3.9118254772e-01
2.3940000000e+01	4.6019025747e-01	-3.9123751395e-01	-4.6019025747e-01	3.9123751395e-01
2.3950000000e+01	4.6658795622e-01	-3.9124418615e-01	-4.6658795622e-01	3.9124418615e-01
2.3960000000e+01	4.7292947301e-01	-3.9120374591e-01	-4.7292947301e-01	3.9120374591e-01
2.3970000000e+01	4.7921541483e-01	-3.9111733196e-01	-4.7921541483e-01	3.9111733196e-01
2.3980000000e+01	4.8544637567e-01	-3.9098604227e-01	-4.8544637567e-01	3.9098604227e-01
2.3990000000e+01	4.9162293682e-01	-3.9081093599e-01	-4.9162293682e-01	3.9081093599e-01
2.4000000000e+01	4.9774566716e-01	-3.9059303528e-01	-4.9774566716e-01	3.9059303528e-01
2.4010000000e+01	5.0381512339e-01	-3.9033332707e-01	-5.0381512339e-01	3.9033332707e-01
2.4020000000e+01	5.0983185037e-01	-3.9003276469e-01	-5.0983185037e-01	3.9003276469e-01
2.4030000000e+01	5.1579638136e-01	-3.8969226938e-01	-5.1579638136e-01	3.8969226938e-01
2.4040000000e+01	5.2170923829e-01	-3.8931273177e-01	-5.2170923829e-01	3.8931273177e-01
2.4050000000e+01	5.2757093205e-01	-3.8889501324e-01	-5.2757093205e-01	3.8889501324e-01
2.4060000000e+01	5.3338196275e-01	-3.8843994723e-01	-5.3338196275e-01	3.8843994723e-01
2.4070000000e+01	5.3914281994e-01	-3.8794834044e-01	-5.3914281994e-01	3.8794834044e-01
2.4080000000e+01	5.4485398294e-01	-3.8742097400e-01	-5.4485398294e-01	3.8742097400e-01
2.4090000000e+01	5.5051592102e-01	-3.8685860458e-01	-5.5051592102e-01	3.8685860458e-01
2.4100000000e+01	5.5612909369e-01	-3.8626196541e-01	-5.5612909369e-01	3.8626196541e-01
2.4110000000e+01	5.6169395091e-01	-3.8563176728e-01	-5.6169395091e-01	3.8563176728e-01
2.4120000000e+01	5.6721093333e-01	-3.8496869945e-01	-5.6721093333e-01	3.8496869945e-01
2.4130000000e+01	5.7268047255e-01	-3.8427343054e-01	-5.7268047255e-01	3.8427343054e-01
2.4140000000e+01	5.7810299130e-01	-3.8354660940e-01	-5.7810299130e-01	3.8354660940e-01
2.4150000000e+01	5.8347890368e-01	-3.8278886587e-01	-5.8347890368e-01	3.8278886587e-01
2.4160000000e+01	5.8880861535e-01	-3.8200081156e-01	-5.8880861535e-01	3.8200081156e-01
2.4170000000e+01	5.9409252378e-01	-3.8118304056e-01	-5.9409252378e-01	3.8118304056e-01
2.4180000000e+01	5.9933101841e-01	-3.8033613011e-01	-5.9933101841e-01	3.8033613011e-01
2.4190000000e+01	6.0452448086e-01	-3.7946064131e-01	-6.0452448086e-01	3.7946064131e-01
2.4200000000e+01	6.0967328513e-01	-3.7855711965e-01	-6.0967328513e-01	3.7855711965e-01
2.4210000000e+01	6.1477779775e-01	-3.7762609570e-01	-6.1477779775e-01	3.7762609570e-01
2.4220000000e+01	6.1983837802e-01	-3.7666808559e-01	-6.1983837802e-01	3.7666808559e-01
2.4230000000e+01	6.2485537813e-01	-3.7568359160e-01	-6.2485537813e-01	3.7568359160e-01
2.4240000000e+01	6.2982914336e-01	-3.7467310264e-01	-6.2982914336e-01	3.7467310264e-01
2.4250000000e+01	6.3476001222e-01	-3.7363709476e-01	-6.3476001222e-01	3.7363709476e-01
2.4260000000e+01	6.3964831666e-01	-3.7257603162e-01	-6.3964831666e-01	3.7257603162e-01
2.4270000000e+01	6.4449438217e-01	-3.7149036491e-01	-6.4449438217e-01	3.7149036491e-01
2.4280000000e+01	6.4929852795e-01	-3.7038053479e-01	-6.4929852795e-01	3.7038053479e-01
2.4290000000e+01	6.5406106710e-01	-3.6924697031e-01	-6.5406106710e-01	3.6924697031e-01
2.4300000000e+01	6.5878230669e-01	-3.6809008979e-01	-6.5878230669e-01	3.6809008979e-01
2.4310000000e+01	6.6346254796e-01	-3.6691030117e-01	-6.6346254796e-01	3.6691030117e-01
2.4320000000e+01	6.6810208643e-01	-3.6570800240e-01	-6.6810208643e-01	3.6570800240e-01
2.4330000000e+01	6.7270121204e-01	-3.6448358177e-01	-6.7270121204e-01	3.6448358177e-01
2.4340000000e+01	6.7726020926e-01	-3.6323741823e-01	-6.7726020926e-01	3.6323741823e-01
2.4350000000e+01	6.8177935723e-01	-3.6196988171e-01	-6.8177935723e-01	3.6196988171e-01
2.4360000000e+01	6.8625892990e-01	-3.6068133341e-01	-6.8625892990e-01	3.6068133341e-01
2.4370000000e+01	6.9069919610e-01	-3.5937212611e-01	-6.9069919610e-01	3.5937212611e-01
2.4380000000e+01	6.9510041969e-01	-3.5804260442e-01	-6.9510041969e-01	3.5804260442e-01
2.4390000000e+01	6.9946285967e-01	-3.5669310506e-01	-6.9946285967e-01	3.5669310506e-01
2.4400000000e+01	7.0378677027e-01	-3.5532395712e-01	-7.0378677027e-01	3.5532395712e-01
2.4410000000e+01	7.0807240107e-01	-3.5393548228e-01	-7.0807240107e-01	3.5393548228e-01
2.4420000000e+01	7.1231999709e-01	-3.5252799506e-01	-7.1231999709e-01	3.5252799506e-01
2.4430000000e+01	7.1652979890e-01	-3.5110180307e-01	-7.1652979890e-01	3.5110180307e-01
2.4440000000e+01	7.2070204270e-01	-3.4965720718e-01	-7.2070204270e-01	3.4965720718e-01
2.4450000000e+01	7.2483696045e-01	-3.4819450174e-01	-7.2483696045e-01	3.4819450174e-01
2.4460000000e+01	7.2893477992e-01	-3.4671397482e-01	-7.2893477992e-01	3.4671397482e-01
2.4470000000e+01	7.3299572478e-01	-3.4521590836e-01	-7.3299572478e-01	3.4521590836e-01
2.4480000000e+01	7.3702001473e-01	-3.4370057836e-01	-7.3702001473e-01	3.4370057836e-01
2.4490000000e+01	7.4100786554e-01	-3.4216825509e-01	-7.4100786554e-01	3.4216825509e-01
2.4500000000e+01	7.4495948913e-01	-3.4061920320e-01	-7.4495948913e-01	3.4061920320e-01
2.4510000000e+01	7.4887509370e-01	-3.3905368197e-01	-7.4887509370e-01	3.3905368197e-01
2.4520000000e+01	7.5275488374e-01	-3.3747194541e-01	-7.5275488374e-01	3.3747194541e-01
2.4530000000e+01	7.5659906014e-01	-3.3587424240e-01	-7.5659906014e-01	3.3587424240e-01
2.4540000000e+01	7.6040782028e-01	-3.3426081691e-01	-7.6040782028e-01	3.3426081691e-01
2.4550000000e+01	7.6418135806e-01	-3.3263190808e-01	-7.6418135806e-01	3.3263190808e-01
2.4560000000e+01	7.6791986400e-01	-3.3098775038e-01	-7.6791986400e-01	3.3098775038e-01
2.4570000000e+01	7.7162352529e-01	-3.2932857373e-01	-7.7162352529e-01	3.2932857373e-01
2.4580000000e+01	7.7529252586e-01	-3.2765460366e-01	-7.7529252586e-01	3.2765460366e-01
2.4590000000e+01	7.7892704645e-01	-3.2596606140e-01	-7.7892704645e-01	3.2596606140e-01
2.4600000000e+01	7.8252726467e-01	-3.2426316402e-01	-7.8252726467e-01	3.2426316402e-01
2.4610000000e+01	7.8609335504e-01	-3.2254612455e-01	-7.8609335504e-01	3.2254612455e-01
2.4620000000e+01	7.8962548908e-01	-3.2081515205e-01	-7.8962548908e-01	3.2081515205e-01
2.4630000000e+01	7.9312383535e-01	-3.1907045179e-01	-7.9312383535e-01	3.1907045179e-01
2.4640000000e+01	7.9658855951e-01	-3.1731222529e-01	-7.9658855951e-01	3.1731222529e-01
2.4650000000e+01	8.0001982437e-01	-3.1554067044e-01	-8.0001982437e-01	3.1554067044e-01
2.4660000000e+01	8.0341778994e-01	-3.1375598163e-01	-8.0341778994e-01	3.1375598163e-01
2.4670000000e+01	8.0678261350e-01	-3.1195834978e-01	-8.0678261350e-01	3.1195834978e-01
2.4680000000e+01	8.1011444962e-01	-3.1014796251e-01	-8.1011444962e-01	3.1014796251e-01
2.4690000000e+01	8.1341345023e-01	-3.0832500416e-01	-8.1341345023e-01	3.0832500416e-01
2.4700000000e+01	8.1667976467e-01	-3.0648965592e-01	-8.1667976467e-01	3.0648965592e-01
2.4710000000e+01	8.1991353972e-01	-3.0464209588e-01	-8.1991353972e-01	3.0464209588e-01
2.4720000000e+01	8.2311491966e-01	-3.0278249914e-01	-8.2311491966e-01	3.0278249914e-01
2.4730000000e+01	8.2628404631e-01	-3.0091103788e-01	-8.2628404631e-01	3.0091103788e-01
2.4740000000e+01	8.2942105905e-01	-2.9902788142e-01	-8.2942105905e-01	2.9902788142e-01
2.4750000000e+01	8.3252609490e-01	-2.9713319630e-01	-8.3252609490e-01	2.9713319630e-01
2.4760000000e+01	8.3559928855e-01	-2.9522714636e-01	-8.3559928855e-01	2.9522714636e-01
2.4770000000e+01	8.3864077237e-01	-2.9330989283e-01	-8.3864077237e-01	2.9330989283e-01
2.4780000000e+01	8.4165067650e-01	-2.9138159433e-01	-8.4165067650e-01	2.9138159433e-01
2.4790000000e+01	8.4462912882e-01	-2.8944240699e-01	-8.4462912882e-01	2.8944240699e-01
2.4800000000e+01	8.4757625506e-01	-2.8749248451e-01	-8.4757625506e-01	2.8749248451e-01
2.4810000000e+01	8.5049217878e-01	-2.8553197821e-01	-8.5049217878e-01	2.8553197821e-01
2.4820000000e+01	8.5337702143e-01	-2.8356103706e-01	-8.5337702143e-01	2.8356103706e-01
2.4830000000e+01	8.5623090240e-01	-2.8157980781e-01	-8.5623090240e-01	2.8157980781e-01
2.4840000000e+01	8.5905393900e-01	-2.7958843496e-01	-8.5905393900e-01	2.7958843496e-01
2.4850000000e+01	8.6184624655e-01	-2.7758706089e-01	-8.6184624655e-01	2.7758706089e-01
2.4860000000e+01	8.6460793837e-01	-2.7557582586e-01	-8.6460793837e-01	2.7557582586e-01
2.4870000000e+01	8.6733912585e-01	-2.7355486808e-01	-8.6733912585e-01	2.7355486808e-01
2.4880000000e+01	8.7003991842e-01	-2.7152432378e-01	-8.7003991842e-01	2.7152432378e-01
2.4890000000e+01	8.7271042367e-01	-2.6948432722e-01	-8.7271042367e-01	2.6948432722e-01
2.4900000000e+01	8.7535074727e-01	-2.6743501076e-01	-8.7535074727e-01	2.6743501076e-01
2.4910000000e+01	8.7796099309e-01	-2.6537650491e-01	-8.7796099309e-01	2.6537650491e-01
2.4920000000e+01	8.8054126319e-01	-2.6330893835e-01	-8.8054126319e-01	2.6330893835e-01
2.4930000000e+01	8.8309165782e-01	-2.6123243801e-01	-8.8309165782e-01	2.6123243801e-01
2.4940000000e+01	8.8561227551e-01	-2.5914712908e-01	-8.8561227551e-01	2.5914712908e-01
2.4950000000e+01	8.8810321302e-01	-2.5705313507e-01	-8.8810321302e-01	2.5705313507e-01
2.4960000000e+01	8.9056456542e-01	-2.5495057783e-01	-8.9056456542e-01	2.5495057783e-01
2.4970000000e+01	8.9299642612e-01	-2.5283957763e-01	-8.9299642612e-01	2.5283957763e-01
2.4980000000e+01	8.9539888682e-01	-2.5072025313e-01	-8.9539888682e-01	2.5072025313e-01
2.4990000000e+01	8.9777203764e-01	-2.4859272150e-01	-8.9777203764e-01	2.4859272150e-01
2.5000000000e+01	9.0011596703e-01	-2.4645709838e-01	-9.0011596703e-01	2.4645709838e-01
2.5010000000e+01	9.0243076189e-01	-2.4431349798e-01	-9.0243076189e-01	2.4431349798e-01
2.5020000000e+01	9.0471650753e-01	-2.4216203304e-01	-9.0471650753e-01	2.4216203304e-01
2.5030000000e+01	9.0697328771e-01	-2.4000281496e-01	-9.0697328771e-01	2.4000281496e-01
2.5040000000e+01	9.0920118466e-01	-2.3783595373e-01	-9.0920118466e-01	2.3783595373e-01
2.5050000000e+01	9.1140027911e-01	-2.3566155804e-01	-9.1140027911e-01	2.3566155804e-01
2.5060000000e+01	9.1357065027e-01	-2.3347973527e-01	-9.1357065027e-01	2.3347973527e-01
2.5070000000e+01	9.1571237590e-01	-2.3129059154e-01	-9.1571237590e-01	2.3129059154e-01
2.5080000000e+01	9.1782553232e-01	-2.2909423173e-01	-9.1782553232e-01	2.2909423173e-01
2.5090000000e+01	9.1991019437e-01	-2.2689075950e-01	-9.1991019437e-01	2.2689075950e-01
2.5100000000e+01	9.2196643551e-01	-2.2468027734e-01	-9.2196643551e-01	2.2468027734e-01
2.5110000000e+01	9.2399432778e-01	-2.2246288659e-01	-9.2399432778e-01	2.2246288659e-01
2.5120000000e+01	9.2599394183e-01	-2.2023868745e-01	-9.2599394183e-01	2.2023868745e-01
2.5130000000e+01	9.2796534695e-01	-2.1800777902e-01	-9.2796534695e-01	2.1800777902e-01
2.5140000000e+01	9.2990861109e-01	-2.1577025935e-01	-9.2990861109e-01	2.1577025935e-01
2.5150000000e+01	9.3182380082e-01	-2.1352622540e-01	-9.3182380082e-01	2.1352622540e-01
2.5160000000e+01	9.3371098143e-01	-2.1127577315e-01	-9.3371098143e-01	2.1127577315e-01
2.5170000000e+01	9.3557021688e-01	-2.0901899753e-01	-9.3557021688e-01	2.0901899753e-01
2.5180000000e+01	9.3740156984e-01	-2.0675599253e-01	-9.3740156984e-01	2.0675599253e-01
2.5190000000e+01	9.3920510170e-01	-2.0448685118e-01	-9.3920510170e-01	2.0448685118e-01
2.5200000000e+01	9.4098087257e-01	-2.0221166556e-01	-9.4098087257e-01	2.0221166556e-01
2.5210000000e+01	9.4272894134e-01	-1.9993052686e-01	-9.4272894134e-01	1.9993052686e-01
2.5220000000e+01	9.4444936562e-01	-1.9764352536e-01	-9.4444936562e-01	1.9764352536e-01
2.5230000000e+01	9.4614220181e-01	-1.9535075050e-01	-9.4614220181e-01	1.9535075050e-01
2.5240000000e+01	9.4780750510e-01	-1.9305229085e-01	-9.4780750510e-01	1.9305229085e-01
2.5250000000e+01	9.4944532947e-01	-1.9074823416e-01	-9.4944532947e-01	1.9074823416e-01
2.5260000000e+01	9.5105572771e-01	-1.8843866738e-01	-9.5105572771e-01	1.8843866738e-01
2.5270000000e+01	9.5263875141e-01	-1.8612367667e-01	-9.5263875141e-01	1.8612367667e-01
2.5280000000e+01	9.5419445101e-01	-1.8380334742e-01	-9.5419445101e-01	1.8380334742e-01
2.5290000000e+01	9.5572287580e-01	-1.8147776426e-01	-9.5572287580e-01	1.8147776426e-01
2.5300000000e+01	9.5722407389e-01	-1.7914701111e-01	-9.5722407389e-01	1.7914701111e-01
2.5310000000e+01	9.5869809228e-01	-1.7681117117e-01	-9.5869809228e-01	1.7681117117e-01
2.5320000000e+01	9.6014497682e-01	-1.7447032694e-01	-9.6014497682e-01	1.7447032694e-01
2.5330000000e+01	9.6156477224e-01	-1.7212456023e-01	-9.6156477224e-01	1.7212456023e-01
2.5340000000e+01	9.6295752219e-01	-1.6977395223e-01	-9.6295752219e-01	1.6977395223e-01
2.5350000000e+01	9.6432326919e-01	-1.6741858344e-01	-9.6432326919e-01	1.6741858344e-01
2.5360000000e+01	9.6566205466e-01	-1.6505853376e-01	-9.6566205466e-01	1.6505853376e-01
2.5370000000e+01	9.6697391897e-01	-1.6269388246e-01	-9.6697391897e-01	1.6269388246e-01
2.5380000000e+01	9.6825890138e-01	-1.6032470825e-01	-9.6825890138e-01	1.6032470825e-01
2.5390000000e+01	9.6951704011e-01	-1.5795108921e-01	-9.6951704011e-01	1.5795108921e-01
2.5400000000e+01	9.7074837230e-01	-1.5557310289e-01	-9.7074837230e-01	1.5557310289e-01
2.5410000000e+01	9.7195293406e-01	-1.5319082628e-01	-9.7195293406e-01	1.5319082628e-01
2.5420000000e+01	9.7313076042e-01	-1.5080433584e-01	-9.7313076042e-01	1.5080433584e-01
2.5430000000e+01	9.7428188540e-01	-1.4841370751e-01	-9.7428188540e-01	1.4841370751e-01
2.5440000000e+01	9.7540634200e-01	-1.4601901671e-01	-9.7540634200e-01	1.4601901671e-01
2.5450000000e+01	9.7650416215e-01	-1.4362033840e-01	-9.7650416215e-01	1.4362033840e-01
2.5460000000e+01	9.7757537681e-01	-1.4121774703e-01	-9.7757537681e-01	1.4121774703e-01
2.5470000000e+01	9.7862001590e-01	-1.3881131660e-01	-9.7862001590e-01	1.3881131660e-01
2.5480000000e+01	9.7963810835e-01	-1.3640112067e-01	-9.7963810835e-01	1.3640112067e-01
2.5490000000e+01	9.8062968208e-01	-1.3398723235e-01	-9.8062968208e-01	1.3398723235e-01
2.5500000000e+01	9.8159476401e-01	-1.3156972433e-01	-9.8159476401e-01	1.3156972433e-01
2.5510000000e+01	9.8253338009e-01	-1.2914866889e-01	-9.8253338009e-01	1.2914866889e-01
2.5520000000e+01	9.8344555527e-01	-1.2672413792e-01	-9.8344555527e-01	1.2672413792e-01
2.5530000000e+01	9.8433131353e-01	-1.2429620291e-01	-9.8433131353e-01	1.2429620291e-01
2.5540000000e+01	9.8519067787e-01	-1.2186493500e-01	-9.8519067787e-01	1.2186493500e-01
2.5550000000e+01	9.8602367033e-01	-1.1943040496e-01	-9.8602367033e-01	1.1943040496e-01
2.5560000000e+01	9.8683031197e-01	-1.1699268319e-01	-9.8683031197e-01	1.1699268319e-01
2.5570000000e+01	9.8761062291e-01	-1.1455183980e-01	-9.8761062291e-01	1.1455183980e-01
2.5580000000e+01	9.8836462228e-01	-1.1210794455e-01	-9.8836462228e-01	1.1210794455e-01
2.5590000000e+01	9.8909232829e-01	-1.0966106688e-01	-9.8909232829e-01	1.0966106688e-01
2.5600000000e+01	9.8979375818e-01	-1.0721127595e-01	-9.8979375818e-01	1.0721127595e-01
2.5610000000e+01	9.9046892825e-01	-1.0475864063e-01	-9.9046892825e-01	1.0475864063e-01
2.5620000000e+01	9.9111785386e-01	-1.0230322950e-01	-9.9111785386e-01	1.0230322950e-01
2.5630000000e+01	9.9174054943e-01	-9.9845110901e-02	-9.9174054943e-01	9.9845110901e-02
2.5640000000e+01	9.9233702844e-01	-9.7384352889e-02	-9.9233702844e-01	9.7384352889e-02
2.5650000000e+01	9.9290730343e-01	-9.4921023298e-02	-9.9290730343e-01	9.4921023298e-02
2.5660000000e+01	9.9345138601e-01	-9.2455189727e-02	-9.9345138601e-01	9.2455189727e-02
2.5670000000e+01	9.9396928687e-01	-8.9986919552e-02	-9.9396928687e-01	8.9986919552e-02
2.5680000000e+01	9.9446101576e-01	-8.7516279945e-02	-9.9446101576e-01	8.7516279945e-02
2.5690000000e+01	9.9492658151e-01	-8.5043337874e-02	-9.9492658151e-01	8.5043337874e-02
2.5700000000e+01	9.9536599204e-01	-8.2568160125e-02	-9.9536599204e-01	8.2568160125e-02
2.5710000000e+01	9.9577925431e-01	-8.0090813304e-02	-9.9577925431e-01	8.0090813304e-02
2.5720000000e+01	9.9616637440e-01	-7.7611363853e-02	-9.9616637440e-01	7.7611363853e-02
2.5730000000e+01	9.9652735744e-01	-7.5129878057e-02	-9.9652735744e-01	7.5129878057e-02
2.5740000000e+01	9.9686220766e-01	-7.2646422059e-02	-9.9686220766e-01	7.2646422059e-02
2.5750000000e+01	9.9717092836e-01	-7.0161061865e-02	-9.9717092836e-01	7.0161061865e-02
2.5760000000e+01	9.9745352194e-01	-6.7673863360e-02	-9.9745352194e-01	6.7673863360e-02
2.5770000000e+01	9.9770998987e-01	-6.5184892313e-02	-9.9770998987e-01	6.5184892313e-02
2.5780000000e+01	9.9794033270e-01	-6.2694214394e-02	-9.9794033270e-01	6.2694214394e-02
2.5790000000e+01	9.9814455008e-01	-6.0201895177e-02	-9.9814455008e-01	6.0201895177e-02
2.5800000000e+01	9.9832264072e-01	-5.7708000156e-02	-9.9832264072e-01	5.7708000156e-02
2.5810000000e+01	9.9847460245e-01	-5.5212594753e-02	-9.9847460245e-01	5.5212594753e-02
2.5820000000e+01	9.9860043214e-01	-5.2715744329e-02	-9.9860043214e-01	5.2715744329e-02
2.5830000000e+01	9.9870012578e-01	-5.0217514193e-02	-9.9870012578e-01	5.0217514193e-02
2.5840000000e+01	9.9877367842e-01	-4.7717969614e-02	-9.9877367842e-01	4.7717969614e-02
2.5850000000e+01	9.9882108421e-01	-4.5217175830e-02	-9.9882108421e-01	4.5217175830e-02
2.5860000000e+01	9.9884233637e-01	-4.2715198059e-02	-9.9884233637e-01	4.2715198059e-02
2.5870000000e+01	9.9883742720e-01	-4.0212101510e-02	-9.9883742720e-01	4.0212101510e-02
2.5880000000e+01	9.9880634807e-01	-3.7707951392e-02	-9.9880634807e-01	3.7707951392e-02
2.5890000000e+01	9.9874908944e-01	-3.5202812923e-02	-9.9874908944e-01	3.5202812923e-02
2.5900000000e+01	9.9866564085e-01	-3.2696751344e-02	-9.9866564085e-01	3.2696751344e-02
2.5910000000e+01	9.9855599089e-01	-3.0189831927e-02	-9.9855599089e-01	3.0189831927e-02
2.5920000000e+01	9.9842012725e-01	-2.7682119985e-02	-9.9842012725e-01	2.7682119985e-02
2.5930000000e+01	9.9825803666e-01	-2.5173680885e-02	-9.9825803666e-01	2.5173680885e-02
2.5940000000e+01	9.9806970495e-01	-2.2664580054e-02	-9.9806970495e-01	2.2664580054e-02
2.5950000000e+01	9.9785511698e-01	-2.0154882994e-02	-9.9785511698e-01	2.0154882994e-02
2.5960000000e+01	9.9761425668e-01	-1.7644655289e-02	-9.9761425668e-01	1.7644655289e-02
2.5970000000e+01	9.9734710706e-01	-1.5133962620e-02	-9.9734710706e-01	1.5133962620e-02
2.5980000000e+01	9.9705365017e-01	-1.2622870768e-02	-9.9705365017e-01	1.2622870768e-02
2.5990000000e+01	9.9673386710e-01	-1.0111445635e-02	-9.9673386710e-01	1.0111445635e-02
2.6000000000e+01	9.9638773801e-01	-7.5997532439e-03	-9.9638773801e-01	7.5997532439e-03
2.6010000000e+01	9.9601524209e-01	-5.0878597581e-03	-9.9601524209e-01	5.0878597581e-03
2.6020000000e+01	9.9561635758e-01	-2.5758314874e-03	-9.9561635758e-01	2.5758314874e-03
2.6030000000e+01	9.9519106174e-01	-6.3734900336e-05	-9.9519106174e-01	6.3734900336e-05
2.6040000000e+01	9.9473933089e-01	2.4483633646e-03	-9.9473933089e-01	-2.4483633646e-03
2.6050000000e+01	9.9426114036e-01	4.9603964883e-03	-9.9426114036e-01	-4.9603964883e-03
2.6060000000e+01	9.9375646450e-01	7.4722974595e-03	-9.9375646450e-01	-7.4722974595e-03
2.6070000000e+01	9.9322527670e-01	9.9839990636e-03	-9.9322527670e-01	-9.9839990636e-03
2.6080000000e+01	9.9266754933e-01	1.2495433871e-02	-9.9266754933e-01	-1.2495433871e-02
2.6090000000e+01	9.9208325379e-01	1.5006534227e-02	-9.9208325379e-01	-1.5006534227e-02
2.6100000000e+01	9.9147236050e-01	1.7517232239e-02	-9.9147236050e-01	-1.7517232239e-02
2.6110000000e+01	9.9083483883e-01	2.0027459762e-02	-9.9083483883e-01	-2.0027459762e-02
2.6120000000e+01	9.9017065719e-01	2.2537148395e-02	-9.9017065719e-01	-2.2537148395e-02
2.6130000000e+01	9.8947978295e-01	2.5046229458e-02	-9.8947978295e-01	-2.5046229458e-02
2.6140000000e+01	9.8876218245e-01	2.7554633990e-02	-9.8876218245e-01	-2.7554633990e-02
2.6150000000e+01	9.8801782103e-01	3.0062292731e-02	-9.8801782103e-01	-3.0062292731e-02
2.6160000000e+01	9.8724666298e-01	3.2569136109e-02	-9.8724666298e-01	-3.2569136109e-02
2.6170000000e+01	9.8644867154e-01	3.5075094233e-02	-9.8644867154e-01	-3.5075094233e-02
2.6180000000e+01	9.8562380892e-01	3.7580096874e-02	-9.8562380892e-01	-3.7580096874e-02
2.6190000000e+01	9.8477203626e-01	4.0084073456e-02	-9.8477203626e-01	-4.0084073456e-02
2.6200000000e+01	9.8389331365e-01	4.2586953041e-02	-9.8389331365e-01	-4.2586953041e-02
2.6210000000e+01	9.8298760010e-01	4.5088664320e-02	-9.8298760010e-01	-4.5088664320e-02
2.6220000000e+01	9.8205485354e-01	4.7589135592e-02	-9.8205485354e-01	-4.7589135592e-02
2.6230000000e+01	9.8109503080e-01	5.0088294757e-02	-9.8109503080e-01	-5.0088294757e-02
2.6240000000e+01	9.8010808765e-01	5.2586069299e-02	-9.8010808765e-01	-5.2586069299e-02
2.6250000000e+01	9.7909397871e-01	5.5082386275e-02	-9.7909397871e-01	-5.5082386275e-02
2.6260000000e+01	9.7805265753e-01	5.7577172297e-02	-9.7805265753e-01	-5.7577172297e-02
2.6270000000e+01	9.7698407649e-01	6.0070353520e-02	-9.7698407649e-01	-6.0070353520e-02
2.6280000000e+01	9.7588818687e-01	6.2561855626e-02	-9.7588818687e-01	-6.2561855626e-02
2.6290000000e+01	9.7476493880e-01	6.5051603812e-02	-9.7476493880e-01	-6.5051603812e-02
2.6300000000e+01	9.7361428124e-01	6.7539522770e-02	-9.7361428124e-01	-6.7539522770e-02
2.6310000000e+01	9.7243616200e-01	7.0025536677e-02	-9.7243616200e-01	-7.0025536677e-02
2.6320000000e+01	9.7123052772e-01	7.2509569175e-02	-9.7123052772e-01	-7.2509569175e-02
2.6330000000e+01	9.6999732384e-01	7.4991543359e-02	-9.6999732384e-01	-7.4991543359e-02
2.6340000000e+01	9.6873649460e-01	7.7471381756e-02	-9.6873649460e-01	-7.7471381756e-02
2.6350000000e+01	9.6744798305e-01	7.9949006313e-02	-9.6744798305e-01	-7.9949006313e-02
2.6360000000e+01	9.6613173101e-01	8.2424338378e-02	-9.6613173101e-01	-8.2424338378e-02
2.6370000000e+01	9.6478767904e-01	8.4897298683e-02	-9.6478767904e-01	-8.4897298683e-02
2.6380000000e+01	9.6341576650e-01	8.7367807329e-02	-9.6341576650e-01	-8.7367807329e-02
2.6390000000e+01	9.6201593145e-01	8.9835783764e-02	-9.6201593145e-01	-8.9835783764e-02
2.6400000000e+01	9.6058811070e-01	9.2301146767e-02	-9.6058811070e-01	-9.2301146767e-02
2.6410000000e+01	9.5913223977e-01	9.4763814431e-02	-9.5913223977e-01	-9.4763814431e-02
2.6420000000e+01	9.5764825288e-01	9.7223704143e-02	-9.5764825288e-01	-9.7223704143e-02
2.6430000000e+01	9.5613608292e-01	9.9680732564e-02	-9.5613608292e-01	-9.9680732564e-02
2.6440000000e+01	9.5459566147e-01	1.0213481561e-01	-9.5459566147e-01	-1.0213481561e-01
2.6450000000e+01	9.5302691875e-01	1.0458586843e-01	-9.5302691875e-01	-1.0458586843e-01
2.6460000000e+01	9.5142978364e-01	1.0703380540e-01	-9.5142978364e-01	-1.0703380540e-01
2.6470000000e+01	9.4980418362e-01	1.0947854007e-01	-9.4980418362e-01	-1.0947854007e-01
2.6480000000e+01	9.4815004478e-01	1.1191998517e-01	-9.4815004478e-01	-1.1191998517e-01
2.6490000000e+01	9.4646729183e-01	1.1435805260e-01	-9.4646729183e-01	-1.1435805260e-01
2.6500000000e+01	9.4475584801e-01	1.1679265335e-01	-9.4475584801e-01	-1.1679265335e-01
2.6510000000e+01	9.4301563515e-01	1.1922369756e-01	-9.4301563515e-01	-1.1922369756e-01
2.6520000000e+01	9.4124657360e-01	1.2165109442e-01	-9.4124657360e-01	-1.2165109442e-01
2.6530000000e+01	9.3944858224e-01	1.2407475219e-01	-9.3944858224e-01	-1.2407475219e-01
2.6540000000e+01	9.3762157844e-01	1.2649457817e-01	-9.3762157844e-01	-1.2649457817e-01
2.6550000000e+01	9.3576547806e-01	1.2891047866e-01	-9.3576547806e-01	-1.2891047866e-01
2.6560000000e+01	9.3388019541e-01	1.3132235895e-01	-9.3388019541e-01	-1.3132235895e-01
2.6570000000e+01	9.3196564326e-01	1.3373012329e-01	-9.3196564326e-01	-1.3373012329e-01
2.6580000000e+01	9.3002173278e-01	1.3613367485e-01	-9.3002173278e-01	-1.3613367485e-01
2.6590000000e+01	9.2804837354e-01	1.3853291573e-01	-9.2804837354e-01	-1.3853291573e-01
2.6600000000e+01	9.2604547351e-01	1.4092774687e-01	-9.2604547351e-01	-1.4092774687e-01
2.6610000000e+01	9.2401293899e-01	1.4331806809e-01	-9.2401293899e-01	-1.4331806809e-01
2.6620000000e+01	9.2195067461e-01	1.4570377801e-01	-9.2195067461e-01	-1.4570377801e-01
2.6630000000e+01	9.1985858332e-01	1.4808477406e-01	-9.1985858332e-01	-1.4808477406e-01
2.6640000000e+01	9.1773656635e-01	1.5046095238e-01	-9.1773656635e-01	-1.5046095238e-01
2.6650000000e+01	9.1558452319e-01	1.5283220790e-01	-9.1558452319e-01	-1.5283220790e-01
2.6660000000e+01	9.1340235156e-01	1.5519843419e-01	-9.1340235156e-01	-1.5519843419e-01
2.6670000000e+01	9.1118994737e-01	1.5755952350e-01	-9.1118994737e-01	-1.5755952350e-01
2.6680000000e+01	9.0894720474e-01	1.5991536671e-01	-9.0894720474e-01	-1.5991536671e-01
2.6690000000e+01	9.0667401593e-01	1.6226585329e-01	-9.0667401593e-01	-1.6226585329e-01
2.6700000000e+01	9.0437027132e-01	1.6461087126e-01	-9.0437027132e-01	-1.6461087126e-01
2.6710000000e+01	9.0203585938e-01	1.6695030715e-01	-9.0203585938e-01	-1.6695030715e-01
2.6720000000e+01	8.9967066667e-01	1.6928404599e-01	-8.9967066667e-01	-1.6928404599e-01
2.6730000000e+01	8.9727457776e-01	1.7161197122e-01	-8.9727457776e-01	-1.7161197122e-01
2.6740000000e+01	8.9484747524e-01	1.7393396472e-01	-8.9484747524e-01	-1.7393396472e-01
2.6750000000e+01	8.9238923967e-01	1.7624990669e-01	-8.9238923967e-01	-1.7624990669e-01
2.6760000000e+01	8.8989974954e-01	1.7855967567e-01	-8.8989974954e-01	-1.7855967567e-01
2.6770000000e+01	8.8737888127e-01	1.8086314847e-01	-8.8737888127e-01	-1.8086314847e-01
2.6780000000e+01	8.8482650912e-01	1.8316020012e-01	-8.8482650912e-01	-1.8316020012e-01
2.6790000000e+01	8.8224250521e-01	1.8545070384e-01	-8.8224250521e-01	-1.8545070384e-01
2.6800000000e+01	8.7962673947e-01	1.8773453098e-01	-8.7962673947e-01	-1.8773453098e-01
2.6810000000e+01	8.7697907956e-01	1.9001155098e-01	-8.7697907956e-01	-1.9001155098e-01
2.6820000000e+01	8.7429939089e-01	1.9228163131e-01	-8.7429939089e-01	-1.9228163131e-01
2.6830000000e+01	8.7158753657e-01	1.9454463742e-01	-8.7158753657e-01	-1.9454463742e-01
2.6840000000e+01	8.6884337731e-01	1.9680043272e-01	-8.6884337731e-01	-1.9680043272e-01
2.6850000000e+01	8.6606677148e-01	1.9904887845e-01	-8.6606677148e-01	-1.9904887845e-01
2.6860000000e+01	8.6325757498e-01	2.0128983370e-01	-8.6325757498e-01	-2.0128983370e-01
2.6870000000e+01	8.6041564124e-01	2.0352315531e-01	-8.6041564124e-01	-2.0352315531e-01
2.6880000000e+01	8.5754082116e-01	2.0574869782e-01	-8.5754082116e-01	-2.0574869782e-01
2.6890000000e+01	8.5463296307e-01	2.0796631342e-01	-8.5463296307e-01	-2.0796631342e-01
2.6900000000e+01	8.5169191270e-01	2.1017585186e-01	-8.5169191270e-01	-2.1017585186e-01
2.6910000000e+01	8.4871751310e-01	2.1237716039e-01	-8.4871751310e-01	-2.1237716039e-01
2.6920000000e+01	8.4570960461e-01	2.1457008374e-01	-8.4570960461e-01	-2.1457008374e-01
2.6930000000e+01	8.4266802479e-01	2.1675446397e-01	-8.4266802479e-01	-2.1675446397e-01
2.6940000000e+01	8.3959260842e-01	2.1893014045e-01	-8.3959260842e-01	-2.1893014045e-01
2.6950000000e+01	8.3648318737e-01	2.2109694978e-01	-8.3648318737e-01	-2.2109694978e-01
2.6960000000e+01	8.3333959061e-01	2.2325472570e-01	-8.3333959061e-01	-2.2325472570e-01
2.6970000000e+01	8.3016164412e-01	2.2540329901e-01	-8.3016164412e-01	-2.2540329901e-01
2.6980000000e+01	8.2694917084e-01	2.2754249752e-01	-8.2694917084e-01	-2.2754249752e-01
2.6990000000e+01	8.2370199060e-01	2.2967214590e-01	-8.2370199060e-01	-2.2967214590e-01
2.7000000000e+01	8.2041992009e-01	2.3179206566e-01	-8.2041992009e-01	-2.3179206566e-01
2.7010000000e+01	8.1710277276e-01	2.3390207502e-01	-8.1710277276e-01	-2.3390207502e-01
2.7020000000e+01	8.1375035879e-01	2.3600198881e-01	-8.1375035879e-01	-2.3600198881e-01
2.7030000000e+01	8.1036248498e-01	2.3809161840e-01	-8.1036248498e-01	-2.3809161840e-01
2.7040000000e+01	8.0693895472e-01	2.4017077160e-01	-8.0693895472e-01	-2.4017077160e-01
2.7050000000e+01	8.0347956791e-01	2.4223925252e-01	-8.0347956791e-01	-2.4223925252e-01
2.7060000000e+01	7.9998412087e-01	2.4429686148e-01	-7.9998412087e-01	-2.4429686148e-01
2.7070000000e+01	7.9645240630e-01	2.4634339493e-01	-7.9645240630e-01	-2.4634339493e-01
2.7080000000e+01	7.9288421316e-01	2.4837864529e-01	-7.9288421316e-01	-2.4837864529e-01
2.7090000000e+01	7.8927932663e-01	2.5040240083e-01	-7.8927932663e-01	-2.5040240083e-01
2.7100000000e+01	7.8563752800e-01	2.5241444558e-01	-7.8563752800e-01	-2.5241444558e-01
2.7110000000e+01	7.8195859462e-01	2.5441455918e-01	-7.8195859462e-01	-2.5441455918e-01
2.7120000000e+01	7.7824229976e-01	2.5640251675e-01	-7.7824229976e-01	-2.5640251675e-01
2.7130000000e+01	7.7448841259e-01	2.5837808873e-01	-7.7448841259e-01	-2.5837808873e-01
2.7140000000e+01	7.7069669803e-01	2.6034104077e-01	-7.7069669803e-01	-2.6034104077e-01
