# Two-body Weber reference run
# m1=1.0  m2=1.0  q1=1.0  q2=-1.0  c=4.0
# q0=[-1.0, 0.0, 1.0, 0.0]
# p0=[0.0, -0.25, 0.0, 0.25]
# tspan=(0.0, 27.14080941082802)  (5 Kepler periods, T=5.428162)
# dt=1e-3  stride=10
# total Hamiltonian H = T + U with kinetic T and potential U components
t	H	T	U
0.0000000000e+00	-4.3750000000e-01	6.2500000000e-02	-5.0000000000e-01
1.0000000000e-02	-4.3750000000e-01	6.2504760802e-02	-5.0000476080e-01
2.0000000000e-02	-4.3750000000e-01	6.2519043925e-02	-5.0001904392e-01
3.0000000000e-02	-4.3750000000e-01	6.2542851523e-02	-5.0004285152e-01
4.0000000000e-02	-4.3750000000e-01	6.2576187189e-02	-5.0007618719e-01
5.0000000000e-02	-4.3750000000e-01	6.2619055952e-02	-5.0011905595e-01
6.0000000000e-02	-4.3750000000e-01	6.2671464282e-02	-5.0017146428e-01
7.0000000000e-02	-4.3750000000e-01	6.2733420094e-02	-5.0023342010e-01
8.0000000000e-02	-4.3750000000e-01	6.2804932748e-02	-5.0030493275e-01
9.0000000000e-02	-4.3750000000e-01	6.2886013054e-02	-5.0038601306e-01
1.0000000000e-01	-4.3750000001e-01	6.2976673278e-02	-5.0047667328e-01
1.1000000000e-01	-4.3750000001e-01	6.3076927143e-02	-5.0057692715e-01
1.2000000000e-01	-4.3750000001e-01	6.3186789841e-02	-5.0068678985e-01
1.3000000000e-01	-4.3750000001e-01	6.3306278031e-02	-5.0080627804e-01
1.4000000000e-01	-4.3750000001e-01	6.3435409854e-02	-5.0093540986e-01
1.5000000000e-01	-4.3750000001e-01	6.3574204933e-02	-5.0107420495e-01
1.6000000000e-01	-4.3750000001e-01	6.3722684387e-02	-5.0122268440e-01
1.7000000000e-01	-4.3750000002e-01	6.3880870836e-02	-5.0138087085e-01
1.8000000000e-01	-4.3750000002e-01	6.4048788411e-02	-5.0154878843e-01
1.9000000000e-01	-4.3750000002e-01	6.4226462765e-02	-5.0172646279e-01
2.0000000000e-01	-4.3750000002e-01	6.4413921082e-02	-5.0191392110e-01
2.1000000000e-01	-4.3750000003e-01	6.4611192090e-02	-5.0211119212e-01
2.2000000000e-01	-4.3750000003e-01	6.4818306071e-02	-5.0231830610e-01
2.3000000000e-01	-4.3750000003e-01	6.5035294874e-02	-5.0253529490e-01
2.4000000000e-01	-4.3750000003e-01	6.5262191930e-02	-5.0276219196e-01
2.5000000000e-01	-4.3750000004e-01	6.5499032263e-02	-5.0299903230e-01
2.6000000000e-01	-4.3750000004e-01	6.5745852507e-02	-5.0324585255e-01
2.7000000000e-01	-4.3750000004e-01	6.6002690920e-02	-5.0350269096e-01
2.8000000000e-01	-4.3750000004e-01	6.6269587401e-02	-5.0376958745e-01
2.9000000000e-01	-4.3750000005e-01	6.6546583504e-02	-5.0404658355e-01
3.0000000000e-01	-4.3750000005e-01	6.6833722462e-02	-5.0433372251e-01
3.1000000000e-01	-4.3750000005e-01	6.7131049198e-02	-5.0463104925e-01
3.2000000000e-01	-4.3750000006e-01	6.7438610347e-02	-5.0493861041e-01
3.3000000000e-01	-4.3750000006e-01	6.7756454279e-02	-5.0525645434e-01
3.4000000000e-01	-4.3750000007e-01	6.8084631113e-02	-5.0558463118e-01
3.5000000000e-01	-4.3750000007e-01	6.8423192746e-02	-5.0592319282e-01
3.6000000000e-01	-4.3750000007e-01	6.8772192871e-02	-5.0627219295e-01
3.7000000000e-01	-4.3750000008e-01	6.9131686999e-02	-5.0663168708e-01
3.8000000000e-01	-4.3750000008e-01	6.9501732488e-02	-5.0700173257e-01
3.9000000000e-01	-4.3750000009e-01	6.9882388564e-02	-5.0738238865e-01
4.0000000000e-01	-4.3750000009e-01	7.0273716348e-02	-5.0777371644e-01
4.1000000000e-01	-4.3750000010e-01	7.0675778887e-02	-5.0817577898e-01
4.2000000000e-01	-4.3750000010e-01	7.1088641173e-02	-5.0858864127e-01
4.3000000000e-01	-4.3750000011e-01	7.1512370181e-02	-5.0901237029e-01
4.4000000000e-01	-4.3750000011e-01	7.1947034895e-02	-5.0944703501e-01
4.5000000000e-01	-4.3750000012e-01	7.2392706339e-02	-5.0989270646e-01
4.6000000000e-01	-4.3750000012e-01	7.2849457610e-02	-5.1034945773e-01
4.7000000000e-01	-4.3750000013e-01	7.3317363909e-02	-5.1081736404e-01
4.8000000000e-01	-4.3750000013e-01	7.3796502580e-02	-5.1129650271e-01
4.9000000000e-01	-4.3750000014e-01	7.4286953142e-02	-5.1178695328e-01
5.0000000000e-01	-4.3750000015e-01	7.4788797325e-02	-5.1228879747e-01
5.1000000000e-01	-4.3750000015e-01	7.5302119112e-02	-5.1280211926e-01
5.2000000000e-01	-4.3750000016e-01	7.5827004774e-02	-5.1332700493e-01
5.3000000000e-01	-4.3750000016e-01	7.6363542915e-02	-5.1386354308e-01
5.4000000000e-01	-4.3750000017e-01	7.6911824509e-02	-5.1441182468e-01
5.5000000000e-01	-4.3750000018e-01	7.7471942947e-02	-5.1497194312e-01
5.6000000000e-01	-4.3750000018e-01	7.8043994081e-02	-5.1554399426e-01
5.7000000000e-01	-4.3750000019e-01	7.8628076270e-02	-5.1612807646e-01
5.8000000000e-01	-4.3750000020e-01	7.9224290428e-02	-5.1672429062e-01
5.9000000000e-01	-4.3750000020e-01	7.9832740071e-02	-5.1733274028e-01
6.0000000000e-01	-4.3750000021e-01	8.0453531374e-02	-5.1795353159e-01
6.1000000000e-01	-4.3750000022e-01	8.1086773216e-02	-5.1858677343e-01
6.2000000000e-01	-4.3750000023e-01	8.1732577241e-02	-5.1923257747e-01
6.3000000000e-01	-4.3750000023e-01	8.2391057909e-02	-5.1989105814e-01
6.4000000000e-01	-4.3750000024e-01	8.3062332559e-02	-5.2056233280e-01
6.5000000000e-01	-4.3750000025e-01	8.3746521464e-02	-5.2124652171e-01
6.6000000000e-01	-4.3750000026e-01	8.4443747895e-02	-5.2194374815e-01
6.7000000000e-01	-4.3750000027e-01	8.5154138186e-02	-5.2265413845e-01
6.8000000000e-01	-4.3750000027e-01	8.5877821799e-02	-5.2337782207e-01
6.9000000000e-01	-4.3750000028e-01	8.6614931390e-02	-5.2411493167e-01
7.0000000000e-01	-4.3750000029e-01	8.7365602883e-02	-5.2486560317e-01
7.1000000000e-01	-4.3750000030e-01	8.8129975540e-02	-5.2562997584e-01
7.2000000000e-01	-4.3750000031e-01	8.8908192037e-02	-5.2640819235e-01
7.3000000000e-01	-4.3750000032e-01	8.9700398542e-02	-5.2720039886e-01
7.4000000000e-01	-4.3750000033e-01	9.0506744793e-02	-5.2800674512e-01
7.5000000000e-01	-4.3750000034e-01	9.1327384184e-02	-5.2882738452e-01
7.6000000000e-01	-4.3750000035e-01	9.2162473845e-02	-5.2966247419e-01
7.7000000000e-01	-4.3750000036e-01	9.3012174738e-02	-5.3051217509e-01
7.8000000000e-01	-4.3750000037e-01	9.3876651742e-02	-5.3137665211e-01
7.9000000000e-01	-4.3750000038e-01	9.4756073748e-02	-5.3225607412e-01
8.0000000000e-01	-4.3750000039e-01	9.5650613760e-02	-5.3315061415e-01
8.1000000000e-01	-4.3750000040e-01	9.6560448991e-02	-5.3406044939e-01
8.2000000000e-01	-4.3750000041e-01	9.7485760972e-02	-5.3498576138e-01
8.3000000000e-01	-4.3750000042e-01	9.8426735654e-02	-5.3592673607e-01
8.4000000000e-01	-4.3750000043e-01	9.9383563525e-02	-5.3688356395e-01
8.5000000000e-01	-4.3750000044e-01	1.0035643972e-01	-5.3785644016e-01
8.6000000000e-01	-4.3750000045e-01	1.0134556415e-01	-5.3884556459e-01
8.7000000000e-01	-4.3750000046e-01	1.0235114159e-01	-5.3985114206e-01
8.8000000000e-01	-4.3750000047e-01	1.0337338188e-01	-5.4087338236e-01
8.9000000000e-01	-4.3750000048e-01	1.0441249998e-01	-5.4191250046e-01
9.0000000000e-01	-4.3750000050e-01	1.0546871612e-01	-5.4296871662e-01
9.1000000000e-01	-4.3750000051e-01	1.0654225601e-01	-5.4404225652e-01
9.2000000000e-01	-4.3750000052e-01	1.0763335088e-01	-5.4513335140e-01
9.3000000000e-01	-4.3750000053e-01	1.0874223772e-01	-5.4624223826e-01
9.4000000000e-01	-4.3750000054e-01	1.0986915939e-01	-5.4736915994e-01
9.5000000000e-01	-4.3750000056e-01	1.1101436480e-01	-5.4851436535e-01
9.6000000000e-01	-4.3750000057e-01	1.1217810905e-01	-5.4967810962e-01
9.7000000000e-01	-4.3750000058e-01	1.1336065365e-01	-5.5086065424e-01
9.8000000000e-01	-4.3750000060e-01	1.1456226668e-01	-5.5206226727e-01
9.9000000000e-01	-4.3750000061e-01	1.1578322294e-01	-5.5328322355e-01
1.0000000000e+00	-4.3750000062e-01	1.1702380422e-01	-5.5452380484e-01
1.0100000000e+00	-4.3750000064e-01	1.1828429941e-01	-5.5578430005e-01
1.0200000000e+00	-4.3750000065e-01	1.1956500481e-01	-5.5706500546e-01
1.0300000000e+00	-4.3750000066e-01	1.2086622424e-01	-5.5836622491e-01
1.0400000000e+00	-4.3750000068e-01	1.2218826936e-01	-5.5968827003e-01
1.0500000000e+00	-4.3750000069e-01	1.2353145982e-01	-5.6103146051e-01
1.0600000000e+00	-4.3750000071e-01	1.2489612356e-01	-5.6239612427e-01
1.0700000000e+00	-4.3750000072e-01	1.2628259705e-01	-5.6378259777e-01
1.0800000000e+00	-4.3750000073e-01	1.2769122551e-01	-5.6519122625e-01
1.0900000000e+00	-4.3750000075e-01	1.2912236324e-01	-5.6662236399e-01
1.1000000000e+00	-4.3750000076e-01	1.3057637386e-01	-5.6807637462e-01
1.1100000000e+00	-4.3750000078e-01	1.3205363060e-01	-5.6955363138e-01
1.1200000000e+00	-4.3750000080e-01	1.3355451663e-01	-5.7105451743e-01
1.1300000000e+00	-4.3750000081e-01	1.3507942536e-01	-5.7257942617e-01
1.1400000000e+00	-4.3750000083e-01	1.3662876076e-01	-5.7412876159e-01
1.1500000000e+00	-4.3750000084e-01	1.3820293772e-01	-5.7570293856e-01
1.1600000000e+00	-4.3750000086e-01	1.3980238237e-01	-5.7730238323e-01
1.1700000000e+00	-4.3750000087e-01	1.4142753249e-01	-5.7892753336e-01
1.1800000000e+00	-4.3750000089e-01	1.4307883786e-01	-5.8057883875e-01
1.1900000000e+00	-4.3750000091e-01	1.4475676069e-01	-5.8225676160e-01
1.2000000000e+00	-4.3750000092e-01	1.4646177601e-01	-5.8396177694e-01
1.2100000000e+00	-4.3750000094e-01	1.4819437211e-01	-5.8569437305e-01
1.2200000000e+00	-4.3750000096e-01	1.4995505100e-01	-5.8745505196e-01
1.2300000000e+00	-4.3750000097e-01	1.5174432886e-01	-5.8924432983e-01
1.2400000000e+00	-4.3750000099e-01	1.5356273656e-01	-5.9106273755e-01
1.2500000000e+00	-4.3750000101e-01	1.5541082015e-01	-5.9291082116e-01
1.2600000000e+00	-4.3750000103e-01	1.5728914140e-01	-5.9478914243e-01
1.2700000000e+00	-4.3750000104e-01	1.5919827835e-01	-5.9669827939e-01
1.2800000000e+00	-4.3750000106e-01	1.6113882590e-01	-5.9863882696e-01
1.2900000000e+00	-4.3750000108e-01	1.6311139641e-01	-6.0061139749e-01
1.3000000000e+00	-4.3750000110e-01	1.6511662035e-01	-6.0261662144e-01
1.3100000000e+00	-4.3750000112e-01	1.6715514692e-01	-6.0465514803e-01
1.3200000000e+00	-4.3750000113e-01	1.6922764479e-01	-6.0672764592e-01
1.3300000000e+00	-4.3750000115e-01	1.7133480281e-01	-6.0883480396e-01
1.3400000000e+00	-4.3750000117e-01	1.7347733073e-01	-6.1097733190e-01
1.3500000000e+00	-4.3750000119e-01	1.7565596005e-01	-6.1315596124e-01
1.3600000000e+00	-4.3750000121e-01	1.7787144480e-01	-6.1537144600e-01
1.3700000000e+00	-4.3750000123e-01	1.8012456242e-01	-6.1762456365e-01
1.3800000000e+00	-4.3750000124e-01	1.8241611469e-01	-6.1991611594e-01
1.3900000000e+00	-4.3750000126e-01	1.8474692865e-01	-6.2224692991e-01
1.4000000000e+00	-4.3750000128e-01	1.8711785761e-01	-6.2461785889e-01
1.4100000000e+00	-4.3750000130e-01	1.8952978220e-01	-6.2702978350e-01
1.4200000000e+00	-4.3750000132e-01	1.9198361145e-01	-6.2948361277e-01
1.4300000000e+00	-4.3750000134e-01	1.9448028395e-01	-6.3198028529e-01
1.4400000000e+00	-4.3750000135e-01	1.9702076907e-01	-6.3452077043e-01
1.4500000000e+00	-4.3750000137e-01	1.9960606821e-01	-6.3710606958e-01
1.4600000000e+00	-4.3750000139e-01	2.0223721611e-01	-6.3973721750e-01
1.4700000000e+00	-4.3750000141e-01	2.0491528231e-01	-6.4241528372e-01
1.4800000000e+00	-4.3750000143e-01	2.0764137257e-01	-6.4514137400e-01
1.4900000000e+00	-4.3750000145e-01	2.1041663043e-01	-6.4791663188e-01
1.5000000000e+00	-4.3750000146e-01	2.1324223885e-01	-6.5074224031e-01
1.5100000000e+00	-4.3750000148e-01	2.1611942190e-01	-6.5361942338e-01
1.5200000000e+00	-4.3750000150e-01	2.1904944660e-01	-6.5654944810e-01
1.5300000000e+00	-4.3750000152e-01	2.2203362480e-01	-6.5953362631e-01
1.5400000000e+00	-4.3750000153e-01	2.2507331518e-01	-6.6257331671e-01
1.5500000000e+00	-4.3750000155e-01	2.2816992540e-01	-6.6566992695e-01
1.5600000000e+00	-4.3750000156e-01	2.3132491430e-01	-6.6882491586e-01
1.5700000000e+00	-4.3750000158e-01	2.3453979425e-01	-6.7203979583e-01
1.5800000000e+00	-4.3750000159e-01	2.3781613369e-01	-6.7531613529e-01
1.5900000000e+00	-4.3750000161e-01	2.4115555972e-01	-6.7865556133e-01
1.6000000000e+00	-4.3750000162e-01	2.4455976090e-01	-6.8205976252e-01
1.6100000000e+00	-4.3750000164e-01	2.4803049017e-01	-6.8553049181e-01
1.6200000000e+00	-4.3750000165e-01	2.5156956803e-01	-6.8906956968e-01
1.6300000000e+00	-4.3750000166e-01	2.5517888578e-01	-6.9267888744e-01
1.6400000000e+00	-4.3750000167e-01	2.5886040904e-01	-6.9636041072e-01
1.6500000000e+00	-4.3750000168e-01	2.6261618149e-01	-7.0011618318e-01
1.6600000000e+00	-4.3750000169e-01	2.6644832878e-01	-7.0394833047e-01
1.6700000000e+00	-4.3750000170e-01	2.7035906269e-01	-7.0785906439e-01
1.6800000000e+00	-4.3750000170e-01	2.7435068566e-01	-7.1185068736e-01
1.6900000000e+00	-4.3750000171e-01	2.7842559540e-01	-7.1592559711e-01
1.7000000000e+00	-4.3750000171e-01	2.8258629002e-01	-7.2008629173e-01
1.7100000000e+00	-4.3750000172e-01	2.8683537329e-01	-7.2433537501e-01
1.7200000000e+00	-4.3750000172e-01	2.9117556041e-01	-7.2867556213e-01
1.7300000000e+00	-4.3750000172e-01	2.9560968405e-01	-7.3310968576e-01
1.7400000000e+00	-4.3750000171e-01	3.0014070080e-01	-7.3764070251e-01
1.7500000000e+00	-4.3750000171e-01	3.0477169814e-01	-7.4227169985e-01
1.7600000000e+00	-4.3750000170e-01	3.0950590180e-01	-7.4700590350e-01
1.7700000000e+00	-4.3750000169e-01	3.1434668364e-01	-7.5184668532e-01
1.7800000000e+00	-4.3750000168e-01	3.1929757010e-01	-7.5679757178e-01
1.7900000000e+00	-4.3750000166e-01	3.2436225129e-01	-7.6186225295e-01
1.8000000000e+00	-4.3750000164e-01	3.2954459061e-01	-7.6704459226e-01
1.8100000000e+00	-4.3750000162e-01	3.3484863519e-01	-7.7234863681e-01
1.8200000000e+00	-4.3750000159e-01	3.4027862700e-01	-7.7777862859e-01
1.8300000000e+00	-4.3750000156e-01	3.4583901487e-01	-7.8333901643e-01
1.8400000000e+00	-4.3750000153e-01	3.5153446736e-01	-7.8903446888e-01
1.8500000000e+00	-4.3750000149e-01	3.5736988657e-01	-7.9486988805e-01
1.8600000000e+00	-4.3750000144e-01	3.6335042313e-01	-8.0085042458e-01
1.8700000000e+00	-4.3750000139e-01	3.6948149227e-01	-8.0698149366e-01
1.8800000000e+00	-4.3750000133e-01	3.7576879115e-01	-8.1326879248e-01
1.8900000000e+00	-4.3750000127e-01	3.8221831764e-01	-8.1971831891e-01
1.9000000000e+00	-4.3750000120e-01	3.8883639061e-01	-8.2633639181e-01
1.9100000000e+00	-4.3750000112e-01	3.9562967186e-01	-8.3312967298e-01
1.9200000000e+00	-4.3750000104e-01	4.0260518989e-01	-8.4010519093e-01
1.9300000000e+00	-4.3750000094e-01	4.0977036571e-01	-8.4727036665e-01
1.9400000000e+00	-4.3750000084e-01	4.1713304084e-01	-8.5463304168e-01
1.9500000000e+00	-4.3750000072e-01	4.2470150775e-01	-8.6220150847e-01
1.9600000000e+00	-4.3750000059e-01	4.3248454300e-01	-8.6998454359e-01
1.9700000000e+00	-4.3750000045e-01	4.4049144333e-01	-8.7799144378e-01
1.9800000000e+00	-4.3750000030e-01	4.4873206508e-01	-8.8623206537e-01
1.9900000000e+00	-4.3750000013e-01	4.5721686717e-01	-8.9471686730e-01
2.0000000000e+00	-4.3749999994e-01	4.6595695820e-01	-9.0345695815e-01
2.0100000000e+00	-4.3749999974e-01	4.7496414798e-01	-9.1246414772e-01
2.0200000000e+00	-4.3749999952e-01	4.8425100400e-01	-9.2175100352e-01
2.0300000000e+00	-4.3749999928e-01	4.9383091357e-01	-9.3133091284e-01
2.0400000000e+00	-4.3749999901e-01	5.0371815203e-01	-9.4121815104e-01
2.0500000000e+00	-4.3749999872e-01	5.1392795793e-01	-9.5142795665e-01
2.0600000000e+00	-4.3749999840e-01	5.2447661597e-01	-9.6197661438e-01
2.0700000000e+00	-4.3749999806e-01	5.3538154856e-01	-9.7288154662e-01
2.0800000000e+00	-4.3749999768e-01	5.4666141717e-01	-9.8416141485e-01
2.0900000000e+00	-4.3749999727e-01	5.5833623464e-01	-9.9583623190e-01
2.1000000000e+00	-4.3749999681e-01	5.7042748980e-01	-1.0079274866e+00
2.1100000000e+00	-4.3749999632e-01	5.8295828609e-01	-1.0204582824e+00
2.1200000000e+00	-4.3749999578e-01	5.9595349591e-01	-1.0334534917e+00
2.1300000000e+00	-4.3749999520e-01	6.0943993280e-01	-1.0469399280e+00
2.1400000000e+00	-4.3749999456e-01	6.2344654395e-01	-1.0609465385e+00
2.1500000000e+00	-4.3749999386e-01	6.3800462570e-01	-1.0755046196e+00
2.1600000000e+00	-4.3749999310e-01	6.5314806531e-01	-1.0906480584e+00
2.1700000000e+00	-4.3749999227e-01	6.6891361263e-01	-1.1064136049e+00
2.1800000000e+00	-4.3749999137e-01	6.8534118606e-01	-1.1228411774e+00
2.1900000000e+00	-4.3749999039e-01	7.0247421763e-01	-1.1399742080e+00
2.2000000000e+00	-4.3749998932e-01	7.2036004308e-01	-1.1578600324e+00
2.2100000000e+00	-4.3749998817e-01	7.3905034351e-01	-1.1765503317e+00
2.2200000000e+00	-4.3749998692e-01	7.5860164643e-01	-1.1961016333e+00
2.2300000000e+00	-4.3749998557e-01	7.7907589521e-01	-1.2165758808e+00
2.2400000000e+00	-4.3749998412e-01	8.0054109731e-01	-1.2380410814e+00
2.2500000000e+00	-4.3749998258e-01	8.2307206351e-01	-1.2605720461e+00
2.2600000000e+00	-4.3749998093e-01	8.4675125198e-01	-1.2842512329e+00
2.2700000000e+00	-4.3749997920e-01	8.7166973341e-01	-1.3091697126e+00
2.2800000000e+00	-4.3749997739e-01	8.9792829554e-01	-1.3354282729e+00
2.2900000000e+00	-4.3749997555e-01	9.2563870790e-01	-1.3631386835e+00
2.3000000000e+00	-4.3749997371e-01	9.5492517016e-01	-1.3924251439e+00
2.3100000000e+00	-4.3749997194e-01	9.8592596951e-01	-1.4234259415e+00
2.3200000000e+00	-4.3749997034e-01	1.0187953743e+00	-1.4562953446e+00
2.3300000000e+00	-4.3749996908e-01	1.0537057907e+00	-1.4912057597e+00
2.3400000000e+00	-4.3749996836e-01	1.0908502077e+00	-1.5283501761e+00
2.3500000000e+00	-4.3749996852e-01	1.1304449478e+00	-1.5679449164e+00
2.3600000000e+00	-4.3749997002e-01	1.1727327250e+00	-1.6102326950e+00
2.3700000000e+00	-4.3749997353e-01	1.2179859865e+00	-1.6554859601e+00
2.3800000000e+00	-4.3749998006e-01	1.2665104621e+00	-1.7040104421e+00
2.3900000000e+00	-4.3749999101e-01	1.3186487636e+00	-1.7561487546e+00
2.4000000000e+00	-4.3750000849e-01	1.3747837392e+00	-1.8122837476e+00
2.4100000000e+00	-4.3750003553e-01	1.4353410615e+00	-1.8728410970e+00
2.4200000000e+00	-4.3750007658e-01	1.5007901731e+00	-1.9382902497e+00
2.4300000000e+00	-4.3750013817e-01	1.5716421469e+00	-2.0091422850e+00
2.4400000000e+00	-4.3750022987e-01	1.6484421484e+00	-2.0859423783e+00
2.4500000000e+00	-4.3750036566e-01	1.7317528720e+00	-2.1692532377e+00
2.4600000000e+00	-4.3750056591e-01	1.8221234016e+00	-2.2596239675e+00
2.4700000000e+00	-4.3750085986e-01	1.9200353009e+00	-2.3575361608e+00
2.4800000000e+00	-4.3750128876e-01	2.0258144182e+00	-2.4633157069e+00
2.4900000000e+00	-4.3750190883e-01	2.1394934968e+00	-2.5769954056e+00
2.5000000000e+00	-4.3750279262e-01	2.2606090579e+00	-2.6981118505e+00
2.5100000000e+00	-4.3750402522e-01	2.3879203379e+00	-2.8254243631e+00
2.5200000000e+00	-4.3750568947e-01	2.5190560382e+00	-2.9565617277e+00
2.5300000000e+00	-4.3750783291e-01	2.6501369302e+00	-3.0876447631e+00
2.5400000000e+00	-4.3751041258e-01	2.7754960665e+00	-3.2130064791e+00
2.5500000000e+00	-4.3751323002e-01	2.8877090087e+00	-3.3252222387e+00
2.5600000000e+00	-4.3751589655e-01	2.9781919578e+00	-3.4157078544e+00
2.5700000000e+00	-4.3751788882e-01	3.0385152796e+00	-3.4760331684e+00
2.5800000000e+00	-4.3751872222e-01	3.0622399637e+00	-3.4997586859e+00
2.5900000000e+00	-4.3751817111e-01	3.0466435884e+00	-3.4841617595e+00
2.6000000000e+00	-4.3751638620e-01	2.9935281895e+00	-3.4310445757e+00
2.6100000000e+00	-4.3751381518e-01	2.9086804622e+00	-3.3461942774e+00
2.6200000000e+00	-4.3751099103e-01	2.8002745854e+00	-3.2377855764e+00
2.6300000000e+00	-4.3750833914e-01	2.6769938972e+00	-3.1145022364e+00
2.6400000000e+00	-4.3750609688e-01	2.5465773062e+00	-2.9840834031e+00
2.6500000000e+00	-4.3750433449e-01	2.4150761615e+00	-2.8525804960e+00
2.6600000000e+00	-4.3750301812e-01	2.2867262571e+00	-2.7242292752e+00
2.6700000000e+00	-4.3750206880e-01	2.1641832685e+00	-2.6016853374e+00
2.6800000000e+00	-4.3750140021e-01	2.0488928226e+00	-2.4863942228e+00
2.6900000000e+00	-4.3750093659e-01	1.9414547311e+00	-2.3789556677e+00
2.7000000000e+00	-4.3750061834e-01	1.8419205643e+00	-2.2794211826e+00
2.7100000000e+00	-4.3750040131e-01	1.7500123571e+00	-2.1875127584e+00
2.7200000000e+00	-4.3750025400e-01	1.6652723660e+00	-2.1027726200e+00
2.7300000000e+00	-4.3750015443e-01	1.5871602013e+00	-2.0246603557e+00
2.7400000000e+00	-4.3750008747e-01	1.5151128226e+00	-1.9526129101e+00
2.7500000000e+00	-4.3750004276e-01	1.4485796515e+00	-1.8860796942e+00
2.7600000000e+00	-4.3750001322e-01	1.3870416419e+00	-1.8245416551e+00
2.7700000000e+00	-4.3749999404e-01	1.3300203485e+00	-1.7675203426e+00
2.7800000000e+00	-4.3749998192e-01	1.2770809657e+00	-1.7145809477e+00
2.7900000000e+00	-4.3749997461e-01	1.2278318832e+00	-1.6653318578e+00
2.8000000000e+00	-4.3749997056e-01	1.1819223530e+00	-1.6194223235e+00
2.8100000000e+00	-4.3749996870e-01	1.1390392428e+00	-1.5765392115e+00
2.8200000000e+00	-4.3749996831e-01	1.0989034574e+00	-1.5364034257e+00
2.8300000000e+00	-4.3749996887e-01	1.0612663618e+00	-1.4987663307e+00
2.8400000000e+00	-4.3749997005e-01	1.0259063885e+00	-1.4634063586e+00
2.8500000000e+00	-4.3749997159e-01	9.9262591637e-01	-1.4301258880e+00
2.8600000000e+00	-4.3749997333e-01	9.6124845541e-01	-1.3987484287e+00
2.8700000000e+00	-4.3749997516e-01	9.3161613939e-01	-1.3691161146e+00
2.8800000000e+00	-4.3749997701e-01	9.0358751064e-01	-1.3410874877e+00
2.8900000000e+00	-4.3749997883e-01	8.7703557378e-01	-1.3145355526e+00
2.9000000000e+00	-4.3749998058e-01	8.5184609133e-01	-1.2893460719e+00
2.9100000000e+00	-4.3749998224e-01	8.2791609388e-01	-1.2654160761e+00
2.9200000000e+00	-4.3749998381e-01	8.0515257905e-01	-1.2426525629e+00
2.9300000000e+00	-4.3749998528e-01	7.8347137530e-01	-1.2209713606e+00
2.9400000000e+00	-4.3749998665e-01	7.6279614936e-01	-1.2002961360e+00
2.9500000000e+00	-4.3749998792e-01	7.4305753824e-01	-1.1805575262e+00
2.9600000000e+00	-4.3749998909e-01	7.2419238939e-01	-1.1616923785e+00
2.9700000000e+00	-4.3749999017e-01	7.0614309451e-01	-1.1436430847e+00
2.9800000000e+00	-4.3749999117e-01	6.8885700458e-01	-1.1263569958e+00
2.9900000000e+00	-4.3749999209e-01	6.7228591533e-01	-1.1097859074e+00
3.0000000000e+00	-4.3749999293e-01	6.5638561386e-01	-1.0938856068e+00
3.0100000000e+00	-4.3749999371e-01	6.4111547840e-01	-1.0786154721e+00
3.0200000000e+00	-4.3749999442e-01	6.2643812430e-01	-1.0639381187e+00
3.0300000000e+00	-4.3749999507e-01	6.1231909041e-01	-1.0498190855e+00
3.0400000000e+00	-4.3749999567e-01	5.9872656058e-01	-1.0362265562e+00
3.0500000000e+00	-4.3749999621e-01	5.8563111599e-01	-1.0231311122e+00
3.0600000000e+00	-4.3749999672e-01	5.7300551441e-01	-1.0105055111e+00
3.0700000000e+00	-4.3749999717e-01	5.6082449320e-01	-9.9832449038e-01
3.0800000000e+00	-4.3749999760e-01	5.4906459306e-01	-9.8656459066e-01
3.0900000000e+00	-4.3749999798e-01	5.3770400013e-01	-9.7520399811e-01
3.1000000000e+00	-4.3749999833e-01	5.2672240427e-01	-9.6422240260e-01
3.1100000000e+00	-4.3749999866e-01	5.1610087164e-01	-9.5360087030e-01
3.1200000000e+00	-4.3749999895e-01	5.0582172996e-01	-9.4332172891e-01
3.1300000000e+00	-4.3749999922e-01	4.9586846497e-01	-9.3336846420e-01
3.1400000000e+00	-4.3749999947e-01	4.8622562692e-01	-9.2372562639e-01
3.1500000000e+00	-4.3749999970e-01	4.7687874589e-01	-9.1437874559e-01
3.1600000000e+00	-4.3749999990e-01	4.6781425512e-01	-9.0531425502e-01
3.1700000000e+00	-4.3750000009e-01	4.5901942131e-01	-8.9651942141e-01
3.1800000000e+00	-4.3750000026e-01	4.5048228140e-01	-8.8798228167e-01
3.1900000000e+00	-4.3750000042e-01	4.4219158486e-01	-8.7969158528e-01
3.2000000000e+00	-4.3750000056e-01	4.3413674120e-01	-8.7163674176e-01
3.2100000000e+00	-4.3750000069e-01	4.2630777201e-01	-8.6380777271e-01
3.2200000000e+00	-4.3750000081e-01	4.1869526714e-01	-8.5619526795e-01
3.2300000000e+00	-4.3750000092e-01	4.1129034455e-01	-8.4879034547e-01
3.2400000000e+00	-4.3750000102e-01	4.0408461357e-01	-8.4158461459e-01
3.2500000000e+00	-4.3750000111e-01	3.9707014117e-01	-8.3457014228e-01
3.2600000000e+00	-4.3750000119e-01	3.9023942098e-01	-8.2773942216e-01
3.2700000000e+00	-4.3750000126e-01	3.8358534477e-01	-8.2108534603e-01
3.2800000000e+00	-4.3750000132e-01	3.7710117625e-01	-8.1460117757e-01
3.2900000000e+00	-4.3750000138e-01	3.7078052685e-01	-8.0828052823e-01
3.3000000000e+00	-4.3750000143e-01	3.6461733344e-01	-8.0211733487e-01
3.3100000000e+00	-4.3750000148e-01	3.5860583769e-01	-7.9610583917e-01
3.3200000000e+00	-4.3750000152e-01	3.5274056702e-01	-7.9024056854e-01
3.3300000000e+00	-4.3750000155e-01	3.4701631695e-01	-7.8451631851e-01
3.3400000000e+00	-4.3750000159e-01	3.4142813478e-01	-7.7892813636e-01
3.3500000000e+00	-4.3750000161e-01	3.3597130438e-01	-7.7347130599e-01
3.3600000000e+00	-4.3750000164e-01	3.3064133218e-01	-7.6814133381e-01
3.3700000000e+00	-4.3750000166e-01	3.2543393403e-01	-7.6293393569e-01
3.3800000000e+00	-4.3750000167e-01	3.2034502310e-01	-7.5784502477e-01
3.3900000000e+00	-4.3750000169e-01	3.1537069852e-01	-7.5287070021e-01
3.4000000000e+00	-4.3750000170e-01	3.1050723486e-01	-7.4800723656e-01
3.4100000000e+00	-4.3750000171e-01	3.0575107227e-01	-7.4325107398e-01
3.4200000000e+00	-4.3750000171e-01	3.0109880735e-01	-7.3859880906e-01
3.4300000000e+00	-4.3750000171e-01	2.9654718454e-01	-7.3404718626e-01
3.4400000000e+00	-4.3750000172e-01	2.9209308815e-01	-7.2959308987e-01
3.4500000000e+00	-4.3750000172e-01	2.8773353484e-01	-7.2523353656e-01
3.4600000000e+00	-4.3750000171e-01	2.8346566664e-01	-7.2096566835e-01
3.4700000000e+00	-4.3750000171e-01	2.7928674434e-01	-7.1678674605e-01
3.4800000000e+00	-4.3750000171e-01	2.7519414140e-01	-7.1269414311e-01
3.4900000000e+00	-4.3750000170e-01	2.7118533813e-01	-7.0868533983e-01
3.5000000000e+00	-4.3750000169e-01	2.6725791626e-01	-7.0475791795e-01
3.5100000000e+00	-4.3750000168e-01	2.6340955390e-01	-7.0090955558e-01
3.5200000000e+00	-4.3750000167e-01	2.5963802070e-01	-6.9713802237e-01
3.5300000000e+00	-4.3750000166e-01	2.5594117339e-01	-6.9344117506e-01
3.5400000000e+00	-4.3750000165e-01	2.5231695154e-01	-6.8981695319e-01
3.5500000000e+00	-4.3750000164e-01	2.4876337353e-01	-6.8626337517e-01
3.5600000000e+00	-4.3750000163e-01	2.4527853286e-01	-6.8277853448e-01
3.5700000000e+00	-4.3750000161e-01	2.4186059453e-01	-6.7936059614e-01
3.5800000000e+00	-4.3750000160e-01	2.3850779175e-01	-6.7600779335e-01
3.5900000000e+00	-4.3750000158e-01	2.3521842279e-01	-6.7271842437e-01
3.6000000000e+00	-4.3750000157e-01	2.3199084795e-01	-6.6949084952e-01
3.6100000000e+00	-4.3750000155e-01	2.2882348678e-01	-6.6632348833e-01
3.6200000000e+00	-4.3750000154e-01	2.2571481541e-01	-6.6321481695e-01
3.6300000000e+00	-4.3750000152e-01	2.2266336402e-01	-6.6016336554e-01
3.6400000000e+00	-4.3750000150e-01	2.1966771448e-01	-6.5716771598e-01
3.6500000000e+00	-4.3750000148e-01	2.1672649805e-01	-6.5422649953e-01
3.6600000000e+00	-4.3750000147e-01	2.1383839328e-01	-6.5133839474e-01
3.6700000000e+00	-4.3750000145e-01	2.1100212395e-01	-6.4850212540e-01
3.6800000000e+00	-4.3750000143e-01	2.0821645719e-01	-6.4571645862e-01
3.6900000000e+00	-4.3750000141e-01	2.0548020160e-01	-6.4298020301e-01
3.7000000000e+00	-4.3750000140e-01	2.0279220554e-01	-6.4029220693e-01
3.7100000000e+00	-4.3750000138e-01	2.0015135550e-01	-6.3765135688e-01
3.7200000000e+00	-4.3750000136e-01	1.9755657452e-01	-6.3505657588e-01
3.7300000000e+00	-4.3750000134e-01	1.9500682070e-01	-6.3250682204e-01
3.7400000000e+00	-4.3750000132e-01	1.9250108580e-01	-6.3000108712e-01
3.7500000000e+00	-4.3750000130e-01	1.9003839387e-01	-6.2753839518e-01
3.7600000000e+00	-4.3750000128e-01	1.8761780001e-01	-6.2511780129e-01
3.7700000000e+00	-4.3750000127e-01	1.8523838910e-01	-6.2273839036e-01
3.7800000000e+00	-4.3750000125e-01	1.8289927468e-01	-6.2039927592e-01
3.7900000000e+00	-4.3750000123e-01	1.8059959782e-01	-6.1809959905e-01
3.8000000000e+00	-4.3750000121e-01	1.7833852610e-01	-6.1583852731e-01
3.8100000000e+00	-4.3750000119e-01	1.7611525254e-01	-6.1361525373e-01
3.8200000000e+00	-4.3750000117e-01	1.7392899469e-01	-6.1142899587e-01
3.8300000000e+00	-4.3750000116e-01	1.7177899372e-01	-6.0927899487e-01
3.8400000000e+00	-4.3750000114e-01	1.6966451349e-01	-6.0716451462e-01
3.8500000000e+00	-4.3750000112e-01	1.6758483977e-01	-6.0508484089e-01
3.8600000000e+00	-4.3750000110e-01	1.6553927942e-01	-6.0303928052e-01
3.8700000000e+00	-4.3750000108e-01	1.6352715962e-01	-6.0102716071e-01
3.8800000000e+00	-4.3750000107e-01	1.6154782717e-01	-5.9904782823e-01
3.8900000000e+00	-4.3750000105e-01	1.5960064773e-01	-5.9710064878e-01
3.9000000000e+00	-4.3750000103e-01	1.5768500523e-01	-5.9518500626e-01
3.9100000000e+00	-4.3750000101e-01	1.5580030118e-01	-5.9330030219e-01
3.9200000000e+00	-4.3750000100e-01	1.5394595405e-01	-5.9144595504e-01
3.9300000000e+00	-4.3750000098e-01	1.5212139873e-01	-5.8962139971e-01
3.9400000000e+00	-4.3750000096e-01	1.5032608594e-01	-5.8782608690e-01
3.9500000000e+00	-4.3750000094e-01	1.4855948169e-01	-5.8605948263e-01
3.9600000000e+00	-4.3750000093e-01	1.4682106676e-01	-5.8432106769e-01
3.9700000000e+00	-4.3750000091e-01	1.4511033623e-01	-5.8261033714e-01
3.9800000000e+00	-4.3750000089e-01	1.4342679898e-01	-5.8092679987e-01
3.9900000000e+00	-4.3750000088e-01	1.4176997725e-01	-5.7926997813e-01
4.0000000000e+00	-4.3750000086e-01	1.4013940620e-01	-5.7763940706e-01
4.0100000000e+00	-4.3750000085e-01	1.3853463349e-01	-5.7603463433e-01
4.0200000000e+00	-4.3750000083e-01	1.3695521885e-01	-5.7445521968e-01
4.0300000000e+00	-4.3750000081e-01	1.3540073376e-01	-5.7290073458e-01
4.0400000000e+00	-4.3750000080e-01	1.3387076101e-01	-5.7137076181e-01
4.0500000000e+00	-4.3750000078e-01	1.3236489439e-01	-5.6986489517e-01
4.0600000000e+00	-4.3750000077e-01	1.3088273830e-01	-5.6838273907e-01
4.0700000000e+00	-4.3750000075e-01	1.2942390747e-01	-5.6692390823e-01
4.0800000000e+00	-4.3750000074e-01	1.2798802662e-01	-5.6548802736e-01
4.0900000000e+00	-4.3750000072e-01	1.2657473014e-01	-5.6407473086e-01
4.1000000000e+00	-4.3750000071e-01	1.2518366182e-01	-5.6268366252e-01
4.1100000000e+00	-4.3750000069e-01	1.2381447455e-01	-5.6131447525e-01
4.1200000000e+00	-4.3750000068e-01	1.2246683008e-01	-5.5996683076e-01
4.1300000000e+00	-4.3750000067e-01	1.2114039870e-01	-5.5864039936e-01
4.1400000000e+00	-4.3750000065e-01	1.1983485904e-01	-5.5733485969e-01
4.1500000000e+00	-4.3750000064e-01	1.1854989780e-01	-5.5604989844e-01
4.1600000000e+00	-4.3750000062e-01	1.1728520954e-01	-5.5478521017e-01
4.1700000000e+00	-4.3750000061e-01	1.1604049643e-01	-5.5354049704e-01
4.1800000000e+00	-4.3750000060e-01	1.1481546802e-01	-5.5231546861e-01
4.1900000000e+00	-4.3750000058e-01	1.1360984107e-01	-5.5110984165e-01
4.2000000000e+00	-4.3750000057e-01	1.1242333933e-01	-5.4992333991e-01
4.2100000000e+00	-4.3750000056e-01	1.1125569335e-01	-5.4875569390e-01
4.2200000000e+00	-4.3750000055e-01	1.1010664025e-01	-5.4760664079e-01
4.2300000000e+00	-4.3750000053e-01	1.0897592360e-01	-5.4647592414e-01
4.2400000000e+00	-4.3750000052e-01	1.0786329323e-01	-5.4536329375e-01
4.2500000000e+00	-4.3750000051e-01	1.0676850502e-01	-5.4426850553e-01
4.2600000000e+00	-4.3750000050e-01	1.0569132077e-01	-5.4319132127e-01
4.2700000000e+00	-4.3750000049e-01	1.0463150806e-01	-5.4213150855e-01
4.2800000000e+00	-4.3750000047e-01	1.0358884005e-01	-5.4108884052e-01
4.2900000000e+00	-4.3750000046e-01	1.0256309537e-01	-5.4006309583e-01
4.3000000000e+00	-4.3750000045e-01	1.0155405796e-01	-5.3905405841e-01
4.3100000000e+00	-4.3750000044e-01	1.0056151694e-01	-5.3806151738e-01
4.3200000000e+00	-4.3750000043e-01	9.9585266482e-02	-5.3708526691e-01
4.3300000000e+00	-4.3750000042e-01	9.8625105671e-02	-5.3612510609e-01
4.3400000000e+00	-4.3750000041e-01	9.7680838384e-02	-5.3518083879e-01
4.3500000000e+00	-4.3750000040e-01	9.6752273175e-02	-5.3425227357e-01
4.3600000000e+00	-4.3750000039e-01	9.5839223154e-02	-5.3333922354e-01
4.3700000000e+00	-4.3750000038e-01	9.4941505877e-02	-5.3244150625e-01
4.3800000000e+00	-4.3750000037e-01	9.4058943238e-02	-5.3155894361e-01
4.3900000000e+00	-4.3750000036e-01	9.3191361364e-02	-5.3069136172e-01
4.4000000000e+00	-4.3750000035e-01	9.2338590513e-02	-5.2983859086e-01
4.4100000000e+00	-4.3750000034e-01	9.1500464976e-02	-5.2900046531e-01
4.4200000000e+00	-4.3750000033e-01	9.0676822983e-02	-5.2817682331e-01
4.4300000000e+00	-4.3750000032e-01	8.9867506611e-02	-5.2736750693e-01
4.4400000000e+00	-4.3750000031e-01	8.9072361692e-02	-5.2657236200e-01
4.4500000000e+00	-4.3750000030e-01	8.8291237733e-02	-5.2579123803e-01
4.4600000000e+00	-4.3750000029e-01	8.7523987828e-02	-5.2502398812e-01
4.4700000000e+00	-4.3750000028e-01	8.6770468578e-02	-5.2427046886e-01
4.4800000000e+00	-4.3750000028e-01	8.6030540016e-02	-5.2353054029e-01
4.4900000000e+00	-4.3750000027e-01	8.5304065526e-02	-5.2280406579e-01
4.5000000000e+00	-4.3750000026e-01	8.4590911777e-02	-5.2209091204e-01
4.5100000000e+00	-4.3750000025e-01	8.3890948645e-02	-5.2139094890e-01
4.5200000000e+00	-4.3750000024e-01	8.3204049150e-02	-5.2070404939e-01
4.5300000000e+00	-4.3750000024e-01	8.2530089386e-02	-5.2003008962e-01
4.5400000000e+00	-4.3750000023e-01	8.1868948459e-02	-5.1936894869e-01
4.5500000000e+00	-4.3750000022e-01	8.1220508425e-02	-5.1872050864e-01
4.5600000000e+00	-4.3750000021e-01	8.0584654226e-02	-5.1808465444e-01
4.5700000000e+00	-4.3750000021e-01	7.9961273636e-02	-5.1746127384e-01
4.5800000000e+00	-4.3750000020e-01	7.9350257203e-02	-5.1685025740e-01
4.5900000000e+00	-4.3750000019e-01	7.8751498193e-02	-5.1625149838e-01
4.6000000000e+00	-4.3750000018e-01	7.8164892538e-02	-5.1566489272e-01
4.6100000000e+00	-4.3750000018e-01	7.7590338785e-02	-5.1509033896e-01
4.6200000000e+00	-4.3750000017e-01	7.7027738047e-02	-5.1452773822e-01
4.6300000000e+00	-4.3750000016e-01	7.6476993952e-02	-5.1397699412e-01
4.6400000000e+00	-4.3750000016e-01	7.5938012600e-02	-5.1343801276e-01
4.6500000000e+00	-4.3750000015e-01	7.5410702515e-02	-5.1291070267e-01
4.6600000000e+00	-4.3750000015e-01	7.4894974602e-02	-5.1239497475e-01
4.6700000000e+00	-4.3750000014e-01	7.4390742107e-02	-5.1189074225e-01
4.6800000000e+00	-4.3750000013e-01	7.3897920574e-02	-5.1139792071e-01
4.6900000000e+00	-4.3750000013e-01	7.3416427804e-02	-5.1091642793e-01
4.7000000000e+00	-4.3750000012e-01	7.2946183819e-02	-5.1044618394e-01
4.7100000000e+00	-4.3750000012e-01	7.2487110827e-02	-5.0998711095e-01
4.7200000000e+00	-4.3750000011e-01	7.2039133181e-02	-5.0953913329e-01
4.7300000000e+00	-4.3750000011e-01	7.1602177348e-02	-5.0910217746e-01
4.7400000000e+00	-4.3750000010e-01	7.1176171873e-02	-5.0867617198e-01
4.7500000000e+00	-4.3750000010e-01	7.0761047350e-02	-5.0826104745e-01
4.7600000000e+00	-4.3750000009e-01	7.0356736387e-02	-5.0785673648e-01
4.7700000000e+00	-4.3750000009e-01	6.9963173580e-02	-5.0746317367e-01
4.7800000000e+00	-4.3750000008e-01	6.9580295480e-02	-5.0708029556e-01
4.7900000000e+00	-4.3750000008e-01	6.9208040565e-02	-5.0670804064e-01
4.8000000000e+00	-4.3750000008e-01	6.8846349215e-02	-5.0634634929e-01
4.8100000000e+00	-4.3750000007e-01	6.8495163687e-02	-5.0599516376e-01
4.8200000000e+00	-4.3750000007e-01	6.8154428083e-02	-5.0565442815e-01
4.8300000000e+00	-4.3750000006e-01	6.7824088335e-02	-5.0532408840e-01
4.8400000000e+00	-4.3750000006e-01	6.7504092173e-02	-5.0500409223e-01
4.8500000000e+00	-4.3750000006e-01	6.7194389107e-02	-5.0469438916e-01
4.8600000000e+00	-4.3750000005e-01	6.6894930406e-02	-5.0439493046e-01
4.8700000000e+00	-4.3750000005e-01	6.6605669073e-02	-5.0410566912e-01
4.8800000000e+00	-4.3750000005e-01	6.6326559830e-02	-5.0382655987e-01
4.8900000000e+00	-4.3750000004e-01	6.6057559092e-02	-5.0355755913e-01
4.9000000000e+00	-4.3750000004e-01	6.5798624958e-02	-5.0329862500e-01
4.9100000000e+00	-4.3750000004e-01	6.5549717182e-02	-5.0304971722e-01
4.9200000000e+00	-4.3750000003e-01	6.5310797168e-02	-5.0281079720e-01
4.9300000000e+00	-4.3750000003e-01	6.5081827942e-02	-5.0258182797e-01
4.9400000000e+00	-4.3750000003e-01	6.4862774147e-02	-5.0236277417e-01
4.9500000000e+00	-4.3750000003e-01	6.4653602019e-02	-5.0215360204e-01
4.9600000000e+00	-4.3750000002e-01	6.4454279382e-02	-5.0195427941e-01
4.9700000000e+00	-4.3750000002e-01	6.4264775626e-02	-5.0176477565e-01
4.9800000000e+00	-4.3750000002e-01	6.4085061701e-02	-5.0158506172e-01
4.9900000000e+00	-4.3750000002e-01	6.3915110102e-02	-5.0141511012e-01
5.0000000000e+00	-4.3750000001e-01	6.3754894856e-02	-5.0125489487e-01
5.0100000000e+00	-4.3750000001e-01	6.3604391516e-02	-5.0110439153e-01
5.0200000000e+00	-4.3750000001e-01	6.3463577147e-02	-5.0096357716e-01
5.0300000000e+00	-4.3750000001e-01	6.3332430319e-02	-5.0083243033e-01
5.0400000000e+00	-4.3750000001e-01	6.3210931095e-02	-5.0071093110e-01
5.0500000000e+00	-4.3750000001e-01	6.3099061027e-02	-5.0059906103e-01
5.0600000000e+00	-4.3750000001e-01	6.2996803147e-02	-5.0049680315e-01
5.0700000000e+00	-4.3750000000e-01	6.2904141957e-02	-5.0040414196e-01
5.0800000000e+00	-4.3750000000e-01	6.2821063429e-02	-5.0032106343e-01
5.0900000000e+00	-4.3750000000e-01	6.2747554993e-02	-5.0024755500e-01
5.1000000000e+00	-4.3750000000e-01	6.2683605534e-02	-5.0018360554e-01
5.1100000000e+00	-4.3750000000e-01	6.2629205391e-02	-5.0012920539e-01
5.1200000000e+00	-4.3750000000e-01	6.2584346348e-02	-5.0008434635e-01
5.1300000000e+00	-4.3750000000e-01	6.2549021633e-02	-5.0004902163e-01
5.1400000000e+00	-4.3750000000e-01	6.2523225916e-02	-5.0002322592e-01
5.1500000000e+00	-4.3750000000e-01	6.2506955306e-02	-5.0000695531e-01
5.1600000000e+00	-4.3750000000e-01	6.2500207348e-02	-5.0000020735e-01
5.1700000000e+00	-4.3750000000e-01	6.2502981025e-02	-5.0000298102e-01
5.1800000000e+00	-4.3750000000e-01	6.2515276754e-02	-5.0001527675e-01
5.1900000000e+00	-4.3750000000e-01	6.2537096391e-02	-5.0003709639e-01
5.2000000000e+00	-4.3750000000e-01	6.2568443227e-02	-5.0006844323e-01
5.2100000000e+00	-4.3750000000e-01	6.2609321991e-02	-5.0010932199e-01
5.2200000000e+00	-4.3750000000e-01	6.2659738853e-02	-5.0015973886e-01
5.2300000000e+00	-4.3750000000e-01	6.2719701426e-02	-5.0021970143e-01
5.2400000000e+00	-4.3750000000e-01	6.2789218768e-02	-5.0028921877e-01
5.2500000000e+00	-4.3750000000e-01	6.2868301386e-02	-5.0036830139e-01
5.2600000000e+00	-4.3750000001e-01	6.2956961242e-02	-5.0045696125e-01
5.2700000000e+00	-4.3750000001e-01	6.3055211754e-02	-5.0055521176e-01
5.2800000000e+00	-4.3750000001e-01	6.3163067807e-02	-5.0066306782e-01
5.2900000000e+00	-4.3750000001e-01	6.3280545755e-02	-5.0078054576e-01
5.3000000000e+00	-4.3750000001e-01	6.3407663426e-02	-5.0090766344e-01
5.3100000000e+00	-4.3750000001e-01	6.3544440135e-02	-5.0104444015e-01
5.3200000000e+00	-4.3750000001e-01	6.3690896689e-02	-5.0119089670e-01
5.3300000000e+00	-4.3750000002e-01	6.3847055391e-02	-5.0134705541e-01
5.3400000000e+00	-4.3750000002e-01	6.4012940059e-02	-5.0151294008e-01
5.3500000000e+00	-4.3750000002e-01	6.4188576026e-02	-5.0168857605e-01
5.3600000000e+00	-4.3750000002e-01	6.4373990156e-02	-5.0187399018e-01
5.3700000000e+00	-4.3750000002e-01	6.4569210853e-02	-5.0206921088e-01
5.3800000000e+00	-4.3750000003e-01	6.4774268074e-02	-5.0227426810e-01
5.3900000000e+00	-4.3750000003e-01	6.4989193341e-02	-5.0248919337e-01
5.4000000000e+00	-4.3750000003e-01	6.5214019753e-02	-5.0271401979e-01
5.4100000000e+00	-4.3750000003e-01	6.5448782000e-02	-5.0294878204e-01
5.4200000000e+00	-4.3750000004e-01	6.5693516379e-02	-5.0319351642e-01
5.4300000000e+00	-4.3750000004e-01	6.5948260808e-02	-5.0344826085e-01
5.4400000000e+00	-4.3750000004e-01	6.6213054842e-02	-5.0371305489e-01
5.4500000000e+00	-4.3750000005e-01	6.6487939688e-02	-5.0398793974e-01
5.4600000000e+00	-4.3750000005e-01	6.6772958228e-02	-5.0427295828e-01
5.4700000000e+00	-4.3750000005e-01	6.7068155029e-02	-5.0456815508e-01
5.4800000000e+00	-4.3750000006e-01	6.7373576369e-02	-5.0487357643e-01
5.4900000000e+00	-4.3750000006e-01	6.7689270252e-02	-5.0518927031e-01
5.5000000000e+00	-4.3750000007e-01	6.8015286433e-02	-5.0551528650e-01
5.5100000000e+00	-4.3750000007e-01	6.8351676435e-02	-5.0585167650e-01
5.5200000000e+00	-4.3750000007e-01	6.8698493573e-02	-5.0619849365e-01
5.5300000000e+00	-4.3750000008e-01	6.9055792977e-02	-5.0655579306e-01
5.5400000000e+00	-4.3750000008e-01	6.9423631619e-02	-5.0692363170e-01
5.5500000000e+00	-4.3750000009e-01	6.9802068333e-02	-5.0730206842e-01
5.5600000000e+00	-4.3750000009e-01	7.0191163841e-02	-5.0769116393e-01
5.5700000000e+00	-4.3750000010e-01	7.0590980786e-02	-5.0809098088e-01
5.5800000000e+00	-4.3750000010e-01	7.1001583752e-02	-5.0850158385e-01
5.5900000000e+00	-4.3750000011e-01	7.1423039298e-02	-5.0892303940e-01
5.6000000000e+00	-4.3750000011e-01	7.1855415986e-02	-5.0935541610e-01
5.6100000000e+00	-4.3750000012e-01	7.2298784411e-02	-5.0979878453e-01
5.6200000000e+00	-4.3750000012e-01	7.2753217235e-02	-5.1025321736e-01
5.6300000000e+00	-4.3750000013e-01	7.3218789218e-02	-5.1071878934e-01
5.6400000000e+00	-4.3750000013e-01	7.3695577254e-02	-5.1119557739e-01
5.6500000000e+00	-4.3750000014e-01	7.4183660403e-02	-5.1168366054e-01
5.6600000000e+00	-4.3750000014e-01	7.4683119932e-02	-5.1218312008e-01
5.6700000000e+00	-4.3750000015e-01	7.5194039351e-02	-5.1269403950e-01
5.6800000000e+00	-4.3750000016e-01	7.5716504449e-02	-5.1321650461e-01
5.6900000000e+00	-4.3750000016e-01	7.6250603341e-02	-5.1375060350e-01
5.7000000000e+00	-4.3750000017e-01	7.6796426501e-02	-5.1429642667e-01
5.7100000000e+00	-4.3750000017e-01	7.7354066814e-02	-5.1485406699e-01
5.7200000000e+00	-4.3750000018e-01	7.7923619613e-02	-5.1542361979e-01
5.7300000000e+00	-4.3750000019e-01	7.8505182731e-02	-5.1600518292e-01
5.7400000000e+00	-4.3750000020e-01	7.9098856544e-02	-5.1659885674e-01
5.7500000000e+00	-4.3750000020e-01	7.9704744022e-02	-5.1720474422e-01
5.7600000000e+00	-4.3750000021e-01	8.0322950779e-02	-5.1782295099e-01
5.7700000000e+00	-4.3750000022e-01	8.0953585127e-02	-5.1845358534e-01
5.7800000000e+00	-4.3750000022e-01	8.1596758127e-02	-5.1909675835e-01
5.7900000000e+00	-4.3750000023e-01	8.2252583648e-02	-5.1975258388e-01
5.8000000000e+00	-4.3750000024e-01	8.2921178422e-02	-5.2042117866e-01
5.8100000000e+00	-4.3750000025e-01	8.3602662105e-02	-5.2110266235e-01
5.8200000000e+00	-4.3750000026e-01	8.4297157337e-02	-5.2179715759e-01
5.8300000000e+00	-4.3750000026e-01	8.5004789809e-02	-5.2250479007e-01
5.8400000000e+00	-4.3750000027e-01	8.5725688322e-02	-5.2322568859e-01
5.8500000000e+00	-4.3750000028e-01	8.6459984861e-02	-5.2395998514e-01
5.8600000000e+00	-4.3750000029e-01	8.7207814663e-02	-5.2470781495e-01
5.8700000000e+00	-4.3750000030e-01	8.7969316286e-02	-5.2546931658e-01
5.8800000000e+00	-4.3750000031e-01	8.8744631687e-02	-5.2624463199e-01
5.8900000000e+00	-4.3750000032e-01	8.9533906299e-02	-5.2703390662e-01
5.9000000000e+00	-4.3750000033e-01	9.0337289109e-02	-5.2783728943e-01
5.9100000000e+00	-4.3750000033e-01	9.1154932740e-02	-5.2865493307e-01
5.9200000000e+00	-4.3750000034e-01	9.1986993537e-02	-5.2948699388e-01
5.9300000000e+00	-4.3750000035e-01	9.2833631652e-02	-5.3033363201e-01
5.9400000000e+00	-4.3750000036e-01	9.3695011141e-02	-5.3119501150e-01
5.9500000000e+00	-4.3750000037e-01	9.4571300049e-02	-5.3207130042e-01
5.9600000000e+00	-4.3750000038e-01	9.5462670514e-02	-5.3296267090e-01
5.9700000000e+00	-4.3750000039e-01	9.6369298861e-02	-5.3386929925e-01
5.9800000000e+00	-4.3750000040e-01	9.7291365712e-02	-5.3479136612e-01
5.9900000000e+00	-4.3750000041e-01	9.8229056087e-02	-5.3572905650e-01
6.0000000000e+00	-4.3750000043e-01	9.9182559516e-02	-5.3668255994e-01
6.0100000000e+00	-4.3750000044e-01	1.0015207016e-01	-5.3765207059e-01
6.0200000000e+00	-4.3750000045e-01	1.0113778691e-01	-5.3863778735e-01
6.0300000000e+00	-4.3750000046e-01	1.0213991353e-01	-5.3963991399e-01
6.0400000000e+00	-4.3750000047e-01	1.0315865879e-01	-5.4065865926e-01
6.0500000000e+00	-4.3750000048e-01	1.0419423656e-01	-5.4169423704e-01
6.0600000000e+00	-4.3750000049e-01	1.0524686597e-01	-5.4274686646e-01
6.0700000000e+00	-4.3750000050e-01	1.0631677156e-01	-5.4381677207e-01
6.0800000000e+00	-4.3750000052e-01	1.0740418342e-01	-5.4490418394e-01
6.0900000000e+00	-4.3750000053e-01	1.0850933731e-01	-5.4600933784e-01
6.1000000000e+00	-4.3750000054e-01	1.0963247485e-01	-5.4713247539e-01
6.1100000000e+00	-4.3750000055e-01	1.1077384366e-01	-5.4827384422e-01
6.1200000000e+00	-4.3750000057e-01	1.1193369757e-01	-5.4943369814e-01
6.1300000000e+00	-4.3750000058e-01	1.1311229671e-01	-5.5061229729e-01
6.1400000000e+00	-4.3750000059e-01	1.1430990778e-01	-5.5180990838e-01
6.1500000000e+00	-4.3750000061e-01	1.1552680417e-01	-5.5302680478e-01
6.1600000000e+00	-4.3750000062e-01	1.1676326619e-01	-5.5426326681e-01
6.1700000000e+00	-4.3750000063e-01	1.1801958123e-01	-5.5551958186e-01
6.1800000000e+00	-4.3750000065e-01	1.1929604402e-01	-5.5679604466e-01
6.1900000000e+00	-4.3750000066e-01	1.2059295680e-01	-5.5809295746e-01
6.2000000000e+00	-4.3750000067e-01	1.2191062957e-01	-5.5941063024e-01
6.2100000000e+00	-4.3750000069e-01	1.2324938029e-01	-5.6074938098e-01
6.2200000000e+00	-4.3750000070e-01	1.2460953517e-01	-5.6210953587e-01
6.2300000000e+00	-4.3750000072e-01	1.2599142886e-01	-5.6349142957e-01
6.2400000000e+00	-4.3750000073e-01	1.2739540473e-01	-5.6489540546e-01
6.2500000000e+00	-4.3750000075e-01	1.2882181518e-01	-5.6632181592e-01
6.2600000000e+00	-4.3750000076e-01	1.3027102184e-01	-5.6777102260e-01
6.2700000000e+00	-4.3750000078e-01	1.3174339592e-01	-5.6924339669e-01
6.2800000000e+00	-4.3750000079e-01	1.3323931849e-01	-5.7073931928e-01
6.2900000000e+00	-4.3750000081e-01	1.3475918080e-01	-5.7225918161e-01
6.3000000000e+00	-4.3750000082e-01	1.3630338458e-01	-5.7380338540e-01
6.3100000000e+00	-4.3750000084e-01	1.3787234241e-01	-5.7537234325e-01
6.3200000000e+00	-4.3750000085e-01	1.3946647806e-01	-5.7696647891e-01
6.3300000000e+00	-4.3750000087e-01	1.4108622683e-01	-5.7858622770e-01
6.3400000000e+00	-4.3750000089e-01	1.4273203598e-01	-5.8023203687e-01
6.3500000000e+00	-4.3750000090e-01	1.4440436509e-01	-5.8190436599e-01
6.3600000000e+00	-4.3750000092e-01	1.4610368646e-01	-5.8360368738e-01
6.3700000000e+00	-4.3750000094e-01	1.4783048560e-01	-5.8533048653e-01
6.3800000000e+00	-4.3750000095e-01	1.4958526160e-01	-5.8708526255e-01
6.3900000000e+00	-4.3750000097e-01	1.5136852765e-01	-5.8886852862e-01
6.4000000000e+00	-4.3750000099e-01	1.5318081152e-01	-5.9068081250e-01
6.4100000000e+00	-4.3750000101e-01	1.5502265603e-01	-5.9252265704e-01
6.4200000000e+00	-4.3750000102e-01	1.5689461965e-01	-5.9439462067e-01
6.4300000000e+00	-4.3750000104e-01	1.5879727695e-01	-5.9629727799e-01
6.4400000000e+00	-4.3750000106e-01	1.6073121929e-01	-5.9823122034e-01
6.4500000000e+00	-4.3750000108e-01	1.6269705531e-01	-6.0019705639e-01
6.4600000000e+00	-4.3750000109e-01	1.6469541166e-01	-6.0219541275e-01
6.4700000000e+00	-4.3750000111e-01	1.6672693357e-01	-6.0422693468e-01
6.4800000000e+00	-4.3750000113e-01	1.6879228560e-01	-6.0629228673e-01
6.4900000000e+00	-4.3750000115e-01	1.7089215231e-01	-6.0839215346e-01
6.5000000000e+00	-4.3750000117e-01	1.7302723904e-01	-6.1052724020e-01
6.5100000000e+00	-4.3750000118e-01	1.7519827267e-01	-6.1269827385e-01
6.5200000000e+00	-4.3750000120e-01	1.7740600246e-01	-6.1490600366e-01
6.5300000000e+00	-4.3750000122e-01	1.7965120090e-01	-6.1715120212e-01
6.5400000000e+00	-4.3750000124e-01	1.8193466461e-01	-6.1943466585e-01
6.5500000000e+00	-4.3750000126e-01	1.8425721527e-01	-6.2175721653e-01
6.5600000000e+00	-4.3750000128e-01	1.8661970063e-01	-6.2411970191e-01
6.5700000000e+00	-4.3750000130e-01	1.8902299553e-01	-6.2652299682e-01
6.5800000000e+00	-4.3750000131e-01	1.9146800297e-01	-6.2896800428e-01
6.5900000000e+00	-4.3750000133e-01	1.9395565529e-01	-6.3145565662e-01
6.6000000000e+00	-4.3750000135e-01	1.9648691533e-01	-6.3398691668e-01
6.6100000000e+00	-4.3750000137e-01	1.9906277768e-01	-6.3656277905e-01
6.6200000000e+00	-4.3750000139e-01	2.0168427003e-01	-6.3918427141e-01
6.6300000000e+00	-4.3750000141e-01	2.0435245453e-01	-6.4185245593e-01
6.6400000000e+00	-4.3750000142e-01	2.0706842925e-01	-6.4456843067e-01
6.6500000000e+00	-4.3750000144e-01	2.0983332972e-01	-6.4733333116e-01
6.6600000000e+00	-4.3750000146e-01	2.1264833053e-01	-6.5014833199e-01
6.6700000000e+00	-4.3750000148e-01	2.1551464704e-01	-6.5301464852e-01
6.6800000000e+00	-4.3750000149e-01	2.1843353714e-01	-6.5593353863e-01
6.6900000000e+00	-4.3750000151e-01	2.2140630316e-01	-6.5890630467e-01
6.7000000000e+00	-4.3750000153e-01	2.2443429385e-01	-6.6193429537e-01
6.7100000000e+00	-4.3750000154e-01	2.2751890645e-01	-6.6501890799e-01
6.7200000000e+00	-4.3750000156e-01	2.3066158893e-01	-6.6816159049e-01
6.7300000000e+00	-4.3750000158e-01	2.3386384230e-01	-6.7136384387e-01
6.7400000000e+00	-4.3750000159e-01	2.3712722308e-01	-6.7462722467e-01
6.7500000000e+00	-4.3750000161e-01	2.4045334589e-01	-6.7795334750e-01
6.7600000000e+00	-4.3750000162e-01	2.4384388625e-01	-6.8134388787e-01
6.7700000000e+00	-4.3750000163e-01	2.4730058340e-01	-6.8480058503e-01
6.7800000000e+00	-4.3750000165e-01	2.5082524347e-01	-6.8832524512e-01
6.7900000000e+00	-4.3750000166e-01	2.5441974271e-01	-6.9191974437e-01
6.8000000000e+00	-4.3750000167e-01	2.5808603093e-01	-6.9558603260e-01
6.8100000000e+00	-4.3750000168e-01	2.6182613520e-01	-6.9932613688e-01
6.8200000000e+00	-4.3750000169e-01	2.6564216372e-01	-7.0314216540e-01
6.8300000000e+00	-4.3750000170e-01	2.6953630995e-01	-7.0703631164e-01
6.8400000000e+00	-4.3750000170e-01	2.7351085701e-01	-7.1101085871e-01
6.8500000000e+00	-4.3750000171e-01	2.7756818234e-01	-7.1506818405e-01
6.8600000000e+00	-4.3750000171e-01	2.8171076266e-01	-7.1921076438e-01
6.8700000000e+00	-4.3750000172e-01	2.8594117924e-01	-7.2344118096e-01
6.8800000000e+00	-4.3750000172e-01	2.9026212353e-01	-7.2776212525e-01
6.8900000000e+00	-4.3750000172e-01	2.9467640315e-01	-7.3217640487e-01
6.9000000000e+00	-4.3750000171e-01	2.9918694830e-01	-7.3668695001e-01
6.9100000000e+00	-4.3750000171e-01	3.0379681853e-01	-7.4129682023e-01
6.9200000000e+00	-4.3750000170e-01	3.0850921008e-01	-7.4600921178e-01
6.9300000000e+00	-4.3750000169e-01	3.1332746364e-01	-7.5082746534e-01
6.9400000000e+00	-4.3750000168e-01	3.1825507269e-01	-7.5575507437e-01
6.9500000000e+00	-4.3750000166e-01	3.2329569237e-01	-7.6079569403e-01
6.9600000000e+00	-4.3750000164e-01	3.2845314909e-01	-7.6595315074e-01
6.9700000000e+00	-4.3750000162e-01	3.3373145075e-01	-7.7123145237e-01
6.9800000000e+00	-4.3750000160e-01	3.3913479769e-01	-7.7663479929e-01
6.9900000000e+00	-4.3750000157e-01	3.4466759455e-01	-7.8216759611e-01
7.0000000000e+00	-4.3750000153e-01	3.5033446290e-01	-7.8783446443e-01
7.0100000000e+00	-4.3750000149e-01	3.5614025492e-01	-7.9364025642e-01
7.0200000000e+00	-4.3750000145e-01	3.6209006810e-01	-7.9959006955e-01
7.0300000000e+00	-4.3750000140e-01	3.6818926103e-01	-8.0568926243e-01
7.0400000000e+00	-4.3750000135e-01	3.7444347055e-01	-8.1194347189e-01
7.0500000000e+00	-4.3750000128e-01	3.8085863014e-01	-8.1835863143e-01
7.0600000000e+00	-4.3750000122e-01	3.8744098994e-01	-8.2494099116e-01
7.0700000000e+00	-4.3750000114e-01	3.9419713827e-01	-8.3169713941e-01
7.0800000000e+00	-4.3750000106e-01	4.0113402505e-01	-8.3863402611e-01
7.0900000000e+00	-4.3750000096e-01	4.0825898713e-01	-8.4575898810e-01
7.1000000000e+00	-4.3750000086e-01	4.1557977585e-01	-8.5307977671e-01
7.1100000000e+00	-4.3750000074e-01	4.2310458693e-01	-8.6060458767e-01
7.1200000000e+00	-4.3750000062e-01	4.3084209301e-01	-8.6834209363e-01
7.1300000000e+00	-4.3750000048e-01	4.3880147914e-01	-8.7630147963e-01
7.1400000000e+00	-4.3750000033e-01	4.4699248146e-01	-8.8449248179e-01
7.1500000000e+00	-4.3750000017e-01	4.5542542937e-01	-8.9292542954e-01
7.1600000000e+00	-4.3749999998e-01	4.6411129180e-01	-9.0161129179e-01
7.1700000000e+00	-4.3749999979e-01	4.7306172772e-01	-9.1056172750e-01
7.1800000000e+00	-4.3749999957e-01	4.8228914156e-01	-9.1978914113e-01
7.1900000000e+00	-4.3749999933e-01	4.9180674413e-01	-9.2930674346e-01
7.2000000000e+00	-4.3749999907e-01	5.0162861947e-01	-9.3912861854e-01
7.2100000000e+00	-4.3749999878e-01	5.1176979855e-01	-9.4926979733e-01
7.2200000000e+00	-4.3749999847e-01	5.2224634046e-01	-9.5974633893e-01
7.2300000000e+00	-4.3749999813e-01	5.3307542216e-01	-9.7057542030e-01
7.2400000000e+00	-4.3749999776e-01	5.4427543765e-01	-9.8177543541e-01
7.2500000000e+00	-4.3749999735e-01	5.5586610788e-01	-9.9336610524e-01
7.2600000000e+00	-4.3749999691e-01	5.6786860270e-01	-1.0053685996e+00
7.2700000000e+00	-4.3749999643e-01	5.8030567640e-01	-1.0178056728e+00
7.2800000000e+00	-4.3749999590e-01	5.9320181860e-01	-1.0307018145e+00
7.2900000000e+00	-4.3749999532e-01	6.0658342256e-01	-1.0440834179e+00
7.3000000000e+00	-4.3749999470e-01	6.2047897321e-01	-1.0579789679e+00
7.3100000000e+00	-4.3749999401e-01	6.3491925760e-01	-1.0724192516e+00
7.3200000000e+00	-4.3749999326e-01	6.4993760088e-01	-1.0874375941e+00
7.3300000000e+00	-4.3749999245e-01	6.6557013145e-01	-1.1030701239e+00
7.3400000000e+00	-4.3749999156e-01	6.8185607933e-01	-1.1193560709e+00
7.3500000000e+00	-4.3749999060e-01	6.9883811266e-01	-1.1363381033e+00
7.3600000000e+00	-4.3749998955e-01	7.1656271785e-01	-1.1540627074e+00
7.3700000000e+00	-4.3749998842e-01	7.3508062987e-01	-1.1725806183e+00
7.3800000000e+00	-4.3749998719e-01	7.5444732021e-01	-1.1919473074e+00
7.3900000000e+00	-4.3749998586e-01	7.7472355124e-01	-1.2122235371e+00
7.4000000000e+00	-4.3749998443e-01	7.9597600705e-01	-1.2334759915e+00
7.4100000000e+00	-4.3749998291e-01	8.1827801263e-01	-1.2557779955e+00
7.4200000000e+00	-4.3749998128e-01	8.4171035477e-01	-1.2792103360e+00
7.4300000000e+00	-4.3749997957e-01	8.6636222049e-01	-1.3038622001e+00
7.4400000000e+00	-4.3749997777e-01	8.9233227086e-01	-1.3298322486e+00
7.4500000000e+00	-4.3749997593e-01	9.1972987044e-01	-1.3572298464e+00
7.4600000000e+00	-4.3749997409e-01	9.4867649529e-01	-1.3861764694e+00
7.4700000000e+00	-4.3749997230e-01	9.7930734452e-01	-1.4168073168e+00
7.4800000000e+00	-4.3749997065e-01	1.0117731823e+00	-1.4492731530e+00
7.4900000000e+00	-4.3749996930e-01	1.0462424377e+00	-1.4837424070e+00
7.5000000000e+00	-4.3749996845e-01	1.0829035873e+00	-1.5204035557e+00
7.5100000000e+00	-4.3749996839e-01	1.1219678415e+00	-1.5594678099e+00
7.5200000000e+00	-4.3749996956e-01	1.1636721394e+00	-1.6011721090e+00
7.5300000000e+00	-4.3749997259e-01	1.2082824353e+00	-1.6457824078e+00
7.5400000000e+00	-4.3749997838e-01	1.2560972139e+00	-1.6935971923e+00
7.5500000000e+00	-4.3749998827e-01	1.3074510993e+00	-1.7449510875e+00
7.5600000000e+00	-4.3750000417e-01	1.3627182928e+00	-1.8002182969e+00
7.5700000000e+00	-4.3750002890e-01	1.4223153802e+00	-1.8598154091e+00
7.5800000000e+00	-4.3750006657e-01	1.4867027159e+00	-1.9242027825e+00
7.5900000000e+00	-4.3750012320e-01	1.5563830838e+00	-1.9938832070e+00
7.6000000000e+00	-4.3750020763e-01	1.6318955341e+00	-2.0693957417e+00
7.6100000000e+00	-4.3750033279e-01	1.7138010866e+00	-2.1513014194e+00
7.6200000000e+00	-4.3750051751e-01	1.8026552117e+00	-2.2401557292e+00
7.6300000000e+00	-4.3750078895e-01	1.8989595044e+00	-2.3364602934e+00
7.6400000000e+00	-4.3750118558e-01	2.0030817721e+00	-2.4405829576e+00
7.6500000000e+00	-4.3750176030e-01	2.1151302737e+00	-2.5526320340e+00
7.6600000000e+00	-4.3750258232e-01	2.2347656132e+00	-2.6722681955e+00
7.6700000000e+00	-4.3750373485e-01	2.3609363538e+00	-2.7984400887e+00
7.6800000000e+00	-4.3750530324e-01	2.4915387259e+00	-2.9290440292e+00
7.6900000000e+00	-4.3750734623e-01	2.6230371269e+00	-3.0605444731e+00
7.7000000000e+00	-4.3750984518e-01	2.7501493604e+00	-3.1876592056e+00
7.7100000000e+00	-4.3751263882e-01	2.8657908755e+00	-3.3033035143e+00
7.7200000000e+00	-4.3751537744e-01	2.9615352194e+00	-3.3990505969e+00
7.7300000000e+00	-4.3751755511e-01	3.0287796113e+00	-3.4662971665e+00
7.7400000000e+00	-4.3751866051e-01	3.0605110000e+00	-3.4980296605e+00
7.7500000000e+00	-4.3751839857e-01	3.0531234474e+00	-3.4906418459e+00
7.7600000000e+00	-4.3751684132e-01	3.0074739529e+00	-3.4449907943e+00
7.7700000000e+00	-4.3751438975e-01	2.9286243347e+00	-3.3661387245e+00
7.7800000000e+00	-4.3751157769e-01	2.8244088850e+00	-3.2619204627e+00
7.7900000000e+00	-4.3750886380e-01	2.7035462194e+00	-3.1410550832e+00
7.8000000000e+00	-4.3750652554e-01	2.5740578033e+00	-3.0115643289e+00
7.8100000000e+00	-4.3750466334e-01	2.4423747729e+00	-2.8798794362e+00
7.8200000000e+00	-4.3750325962e-01	2.3131005610e+00	-2.7506038206e+00
7.8300000000e+00	-4.3750224096e-01	2.1891918177e+00	-2.6266940587e+00
7.8400000000e+00	-4.3750152052e-01	2.0723150919e+00	-2.5098166125e+00
7.8500000000e+00	-4.3750101961e-01	1.9632195186e+00	-2.4007205382e+00
7.8600000000e+00	-4.3750067514e-01	1.8620504660e+00	-2.2995511412e+00
7.8700000000e+00	-4.3750043996e-01	1.7685843148e+00	-2.2060847548e+00
7.8800000000e+00	-4.3750028018e-01	1.6823913176e+00	-2.1198915977e+00
7.8900000000e+00	-4.3750017210e-01	1.6029423493e+00	-2.0404425214e+00
7.9000000000e+00	-4.3750009932e-01	1.5296755225e+00	-1.9671756218e+00
7.9100000000e+00	-4.3750005064e-01	1.4620356557e+00	-1.8995357064e+00
7.9200000000e+00	-4.3750001840e-01	1.3994961113e+00	-1.8369961297e+00
7.9300000000e+00	-4.3749999737e-01	1.3415695651e+00	-1.7790695625e+00
7.9400000000e+00	-4.3749998399e-01	1.2878120535e+00	-1.7253120374e+00
7.9500000000e+00	-4.3749997582e-01	1.2378230991e+00	-1.6753230749e+00
7.9600000000e+00	-4.3749997119e-01	1.1912436746e+00	-1.6287436458e+00
7.9700000000e+00	-4.3749996895e-01	1.1477530883e+00	-1.5852530573e+00
7.9800000000e+00	-4.3749996830e-01	1.1070654404e+00	-1.5445654087e+00
7.9900000000e+00	-4.3749996870e-01	1.0689260271e+00	-1.5064259958e+00
8.0000000000e+00	-4.3749996976e-01	1.0331078996e+00	-1.4706078694e+00
8.0100000000e+00	-4.3749997124e-01	9.9940868193e-01	-1.4369086532e+00
8.0200000000e+00	-4.3749997295e-01	9.6764769138e-01	-1.4051476643e+00
8.0300000000e+00	-4.3749997478e-01	9.3766336733e-01	-1.3751633421e+00
8.0400000000e+00	-4.3749997663e-01	9.0931099697e-01	-1.3468109736e+00
8.0500000000e+00	-4.3749997845e-01	8.8246071508e-01	-1.3199606935e+00
8.0600000000e+00	-4.3749998022e-01	8.5699575142e-01	-1.2944957316e+00
8.0700000000e+00	-4.3749998190e-01	8.3281089833e-01	-1.2703108802e+00
8.0800000000e+00	-4.3749998349e-01	8.0981117231e-01	-1.2473111558e+00
8.0900000000e+00	-4.3749998498e-01	7.8791064532e-01	-1.2254106303e+00
8.1000000000e+00	-4.3749998637e-01	7.6703142383e-01	-1.2045314102e+00
8.1100000000e+00	-4.3749998766e-01	7.4710275629e-01	-1.1846027439e+00
8.1200000000e+00	-4.3749998885e-01	7.2806025199e-01	-1.1655602408e+00
8.1300000000e+00	-4.3749998995e-01	7.0984519641e-01	-1.1473451864e+00
8.1400000000e+00	-4.3749999097e-01	6.9240395021e-01	-1.1299039412e+00
8.1500000000e+00	-4.3749999190e-01	6.7568742089e-01	-1.1131874128e+00
8.1600000000e+00	-4.3749999276e-01	6.5965059727e-01	-1.0971505900e+00
8.1700000000e+00	-4.3749999355e-01	6.4425213879e-01	-1.0817521323e+00
8.1800000000e+00	-4.3749999427e-01	6.2945401240e-01	-1.0669540067e+00
8.1900000000e+00	-4.3749999494e-01	6.1522117092e-01	-1.0527211659e+00
8.2000000000e+00	-4.3749999555e-01	6.0152126762e-01	-1.0390212632e+00
8.2100000000e+00	-4.3749999610e-01	5.8832440243e-01	-1.0258243985e+00
8.2200000000e+00	-4.3749999661e-01	5.7560289590e-01	-1.0131028925e+00
8.2300000000e+00	-4.3749999708e-01	5.6333108745e-01	-1.0008310845e+00
8.2400000000e+00	-4.3749999751e-01	5.5148515506e-01	-9.8898515257e-01
8.2500000000e+00	-4.3749999790e-01	5.4004295366e-01	-9.7754295156e-01
8.2600000000e+00	-4.3749999826e-01	5.2898387028e-01	-9.6648386855e-01
8.2700000000e+00	-4.3749999859e-01	5.1828869373e-01	-9.5578869232e-01
8.2800000000e+00	-4.3749999889e-01	5.0793949735e-01	-9.4543949624e-01
8.2900000000e+00	-4.3749999917e-01	4.9791953323e-01	-9.3541953240e-01
8.3000000000e+00	-4.3749999942e-01	4.8821313674e-01	-9.2571313616e-01
8.3100000000e+00	-4.3749999965e-01	4.7880564007e-01	-9.1630563972e-01
8.3200000000e+00	-4.3749999986e-01	4.6968329392e-01	-9.0718329379e-01
8.3300000000e+00	-4.3750000005e-01	4.6083319652e-01	-8.9833319657e-01
8.3400000000e+00	-4.3750000023e-01	4.5224322896e-01	-8.8974322919e-01
8.3500000000e+00	-4.3750000039e-01	4.4390199653e-01	-8.8140199692e-01
8.3600000000e+00	-4.3750000054e-01	4.3579877510e-01	-8.7329877564e-01
8.3700000000e+00	-4.3750000067e-01	4.2792346227e-01	-8.6542346294e-01
8.3800000000e+00	-4.3750000079e-01	4.2026653272e-01	-8.5776653351e-01
8.3900000000e+00	-4.3750000090e-01	4.1281899734e-01	-8.5031899824e-01
8.4000000000e+00	-4.3750000100e-01	4.0557236579e-01	-8.4307236679e-01
8.4100000000e+00	-4.3750000109e-01	3.9851861219e-01	-8.3601861328e-01
8.4200000000e+00	-4.3750000117e-01	3.9165014356e-01	-8.2915014473e-01
8.4300000000e+00	-4.3750000124e-01	3.8495977081e-01	-8.2245977205e-01
8.4400000000e+00	-4.3750000131e-01	3.7844068209e-01	-8.1594068340e-01
8.4500000000e+00	-4.3750000137e-01	3.7208641817e-01	-8.0958641954e-01
8.4600000000e+00	-4.3750000142e-01	3.6589084976e-01	-8.0339085118e-01
8.4700000000e+00	-4.3750000147e-01	3.5984815653e-01	-7.9734815800e-01
8.4800000000e+00	-4.3750000151e-01	3.5395280779e-01	-7.9145280929e-01
8.4900000000e+00	-4.3750000155e-01	3.4819954448e-01	-7.8569954602e-01
8.5000000000e+00	-4.3750000158e-01	3.4258336264e-01	-7.8008336422e-01
8.5100000000e+00	-4.3750000161e-01	3.3709949799e-01	-7.7459949960e-01
8.5200000000e+00	-4.3750000163e-01	3.3174341161e-01	-7.6924341324e-01
8.5300000000e+00	-4.3750000165e-01	3.2651077668e-01	-7.6401077833e-01
8.5400000000e+00	-4.3750000167e-01	3.2139746615e-01	-7.5889746782e-01
8.5500000000e+00	-4.3750000168e-01	3.1639954124e-01	-7.5389954293e-01
8.5600000000e+00	-4.3750000169e-01	3.1151324074e-01	-7.4901324243e-01
8.5700000000e+00	-4.3750000170e-01	3.0673497102e-01	-7.4423497272e-01
8.5800000000e+00	-4.3750000171e-01	3.0206129676e-01	-7.3956129847e-01
8.5900000000e+00	-4.3750000171e-01	2.9748893222e-01	-7.3498893393e-01
8.6000000000e+00	-4.3750000172e-01	2.9301473316e-01	-7.3051473487e-01
8.6100000000e+00	-4.3750000172e-01	2.8863568921e-01	-7.2613569093e-01
8.6200000000e+00	-4.3750000171e-01	2.8434891679e-01	-7.2184891850e-01
8.6300000000e+00	-4.3750000171e-01	2.8015165244e-01	-7.1765165415e-01
8.6400000000e+00	-4.3750000171e-01	2.7604124659e-01	-7.1354124829e-01
8.6500000000e+00	-4.3750000170e-01	2.7201515769e-01	-7.0951515939e-01
8.6600000000e+00	-4.3750000169e-01	2.6807094676e-01	-7.0557094846e-01
8.6700000000e+00	-4.3750000168e-01	2.6420627219e-01	-7.0170627388e-01
8.6800000000e+00	-4.3750000168e-01	2.6041888492e-01	-6.9791888659e-01
8.6900000000e+00	-4.3750000166e-01	2.5670662385e-01	-6.9420662551e-01
8.7000000000e+00	-4.3750000165e-01	2.5306741159e-01	-6.9056741324e-01
8.7100000000e+00	-4.3750000164e-01	2.4949925042e-01	-6.8699925206e-01
8.7200000000e+00	-4.3750000163e-01	2.4600021843e-01	-6.8350022006e-01
8.7300000000e+00	-4.3750000161e-01	2.4256846600e-01	-6.8006846761e-01
8.7400000000e+00	-4.3750000160e-01	2.3920221238e-01	-6.7670221398e-01
8.7500000000e+00	-4.3750000159e-01	2.3589974249e-01	-6.7339974408e-01
8.7600000000e+00	-4.3750000157e-01	2.3265940394e-01	-6.7015940551e-01
8.7700000000e+00	-4.3750000155e-01	2.2947960413e-01	-6.6697960569e-01
8.7800000000e+00	-4.3750000154e-01	2.2635880760e-01	-6.6385880914e-01
8.7900000000e+00	-4.3750000152e-01	2.2329553346e-01	-6.6079553498e-01
8.8000000000e+00	-4.3750000151e-01	2.2028835296e-01	-6.5778835447e-01
8.8100000000e+00	-4.3750000149e-01	2.1733588725e-01	-6.5483588874e-01
8.8200000000e+00	-4.3750000147e-01	2.1443680518e-01	-6.5193680665e-01
8.8300000000e+00	-4.3750000145e-01	2.1158982126e-01	-6.4908982271e-01
8.8400000000e+00	-4.3750000144e-01	2.0879369371e-01	-6.4629369515e-01
8.8500000000e+00	-4.3750000142e-01	2.0604722263e-01	-6.4354722404e-01
8.8600000000e+00	-4.3750000140e-01	2.0334924822e-01	-6.4084924962e-01
8.8700000000e+00	-4.3750000138e-01	2.0069864915e-01	-6.3819865053e-01
8.8800000000e+00	-4.3750000136e-01	1.9809434095e-01	-6.3559434231e-01
8.8900000000e+00	-4.3750000134e-01	1.9553527453e-01	-6.3303527587e-01
8.9000000000e+00	-4.3750000133e-01	1.9302043473e-01	-6.3052043605e-01
8.9100000000e+00	-4.3750000131e-01	1.9054883897e-01	-6.2804884028e-01
8.9200000000e+00	-4.3750000129e-01	1.8811953597e-01	-6.2561953726e-01
8.9300000000e+00	-4.3750000127e-01	1.8573160451e-01	-6.2323160578e-01
8.9400000000e+00	-4.3750000125e-01	1.8338415222e-01	-6.2088415347e-01
8.9500000000e+00	-4.3750000123e-01	1.8107631454e-01	-6.1857631577e-01
8.9600000000e+00	-4.3750000121e-01	1.7880725357e-01	-6.1630725478e-01
8.9700000000e+00	-4.3750000120e-01	1.7657615712e-01	-6.1407615832e-01
8.9800000000e+00	-4.3750000118e-01	1.7438223770e-01	-6.1188223888e-01
8.9900000000e+00	-4.3750000116e-01	1.7222473161e-01	-6.0972473277e-01
9.0000000000e+00	-4.3750000114e-01	1.7010289806e-01	-6.0760289920e-01
9.0100000000e+00	-4.3750000112e-01	1.6801601831e-01	-6.0551601943e-01
9.0200000000e+00	-4.3750000110e-01	1.6596339488e-01	-6.0346339599e-01
9.0300000000e+00	-4.3750000109e-01	1.6394435078e-01	-6.0144435187e-01
9.0400000000e+00	-4.3750000107e-01	1.6195822876e-01	-5.9945822983e-01
9.0500000000e+00	-4.3750000105e-01	1.6000439061e-01	-5.9750439166e-01
9.0600000000e+00	-4.3750000103e-01	1.5808221649e-01	-5.9558221753e-01
9.0700000000e+00	-4.3750000102e-01	1.5619110430e-01	-5.9369110532e-01
9.0800000000e+00	-4.3750000100e-01	1.5433046902e-01	-5.9183047002e-01
9.0900000000e+00	-4.3750000098e-01	1.5249974217e-01	-5.8999974315e-01
9.1000000000e+00	-4.3750000096e-01	1.5069837120e-01	-5.8819837216e-01
9.1100000000e+00	-4.3750000095e-01	1.4892581896e-01	-5.8642581991e-01
9.1200000000e+00	-4.3750000093e-01	1.4718156322e-01	-5.8468156415e-01
9.1300000000e+00	-4.3750000091e-01	1.4546509609e-01	-5.8296509700e-01
9.1400000000e+00	-4.3750000090e-01	1.4377592362e-01	-5.8127592451e-01
9.1500000000e+00	-4.3750000088e-01	1.4211356529e-01	-5.7961356617e-01
9.1600000000e+00	-4.3750000086e-01	1.4047755361e-01	-5.7797755448e-01
9.1700000000e+00	-4.3750000085e-01	1.3886743365e-01	-5.7636743450e-01
9.1800000000e+00	-4.3750000083e-01	1.3728276267e-01	-5.7478276351e-01
9.1900000000e+00	-4.3750000082e-01	1.3572310973e-01	-5.7322311054e-01
9.2000000000e+00	-4.3750000080e-01	1.3418805527e-01	-5.7168805607e-01
9.2100000000e+00	-4.3750000079e-01	1.3267719083e-01	-5.7017719161e-01
9.2200000000e+00	-4.3750000077e-01	1.3119011861e-01	-5.6869011938e-01
9.2300000000e+00	-4.3750000076e-01	1.2972645123e-01	-5.6722645198e-01
9.2400000000e+00	-4.3750000074e-01	1.2828581133e-01	-5.6578581207e-01
9.2500000000e+00	-4.3750000073e-01	1.2686783132e-01	-5.6436783204e-01
9.2600000000e+00	-4.3750000071e-01	1.2547215304e-01	-5.6297215375e-01
9.2700000000e+00	-4.3750000070e-01	1.2409842753e-01	-5.6159842822e-01
9.2800000000e+00	-4.3750000068e-01	1.2274631468e-01	-5.6024631536e-01
9.2900000000e+00	-4.3750000067e-01	1.2141548303e-01	-5.5891548370e-01
9.3000000000e+00	-4.3750000065e-01	1.2010560950e-01	-5.5760561016e-01
9.3100000000e+00	-4.3750000064e-01	1.1881637913e-01	-5.5631637977e-01
9.3200000000e+00	-4.3750000063e-01	1.1754748484e-01	-5.5504748547e-01
9.3300000000e+00	-4.3750000061e-01	1.1629862723e-01	-5.5379862784e-01
9.3400000000e+00	-4.3750000060e-01	1.1506951434e-01	-5.5256951494e-01
9.3500000000e+00	-4.3750000059e-01	1.1385986144e-01	-5.5135986202e-01
9.3600000000e+00	-4.3750000057e-01	1.1266939083e-01	-5.5016939141e-01
9.3700000000e+00	-4.3750000056e-01	1.1149783166e-01	-5.4899783222e-01
9.3800000000e+00	-4.3750000055e-01	1.1034491970e-01	-5.4784492025e-01
9.3900000000e+00	-4.3750000054e-01	1.0921039719e-01	-5.4671039772e-01
9.4000000000e+00	-4.3750000052e-01	1.0809401265e-01	-5.4559401318e-01
9.4100000000e+00	-4.3750000051e-01	1.0699552073e-01	-5.4449552124e-01
9.4200000000e+00	-4.3750000050e-01	1.0591468200e-01	-5.4341468250e-01
9.4300000000e+00	-4.3750000049e-01	1.0485126284e-01	-5.4235126333e-01
9.4400000000e+00	-4.3750000048e-01	1.0380503527e-01	-5.4130503575e-01
9.4500000000e+00	-4.3750000047e-01	1.0277577679e-01	-5.4027577725e-01
9.4600000000e+00	-4.3750000045e-01	1.0176327023e-01	-5.3926327068e-01
9.4700000000e+00	-4.3750000044e-01	1.0076730365e-01	-5.3826730410e-01
9.4800000000e+00	-4.3750000043e-01	9.9787670185e-02	-5.3728767062e-01
9.4900000000e+00	-4.3750000042e-01	9.8824167893e-02	-5.3632416831e-01
9.5000000000e+00	-4.3750000041e-01	9.7876599665e-02	-5.3537660008e-01
9.5100000000e+00	-4.3750000040e-01	9.6944773088e-02	-5.3444477349e-01
9.5200000000e+00	-4.3750000039e-01	9.6028500332e-02	-5.3352850072e-01
9.5300000000e+00	-4.3750000038e-01	9.5127598033e-02	-5.3262759841e-01
9.5400000000e+00	-4.3750000037e-01	9.4241887189e-02	-5.3174188756e-01
9.5500000000e+00	-4.3750000036e-01	9.3371193052e-02	-5.3087119341e-01
9.5600000000e+00	-4.3750000035e-01	9.2515345026e-02	-5.3001534538e-01
9.5700000000e+00	-4.3750000034e-01	9.1674176568e-02	-5.2917417691e-01
9.5800000000e+00	-4.3750000033e-01	9.0847525095e-02	-5.2834752543e-01
9.5900000000e+00	-4.3750000032e-01	9.0035231886e-02	-5.2753523221e-01
9.6000000000e+00	-4.3750000031e-01	8.9237141999e-02	-5.2673714231e-01
9.6100000000e+00	-4.3750000030e-01	8.8453104181e-02	-5.2595310448e-01
9.6200000000e+00	-4.3750000029e-01	8.7682970782e-02	-5.2518297108e-01
9.6300000000e+00	-4.3750000029e-01	8.6926597680e-02	-5.2442659797e-01
9.6400000000e+00	-4.3750000028e-01	8.6183844196e-02	-5.2368384447e-01
9.6500000000e+00	-4.3750000027e-01	8.5454573023e-02	-5.2295457329e-01
9.6600000000e+00	-4.3750000026e-01	8.4738650148e-02	-5.2223865041e-01
9.6700000000e+00	-4.3750000025e-01	8.4035944785e-02	-5.2153594504e-01
9.6800000000e+00	-4.3750000024e-01	8.3346329303e-02	-5.2084632955e-01
9.6900000000e+00	-4.3750000024e-01	8.2669679160e-02	-5.2016967940e-01
9.7000000000e+00	-4.3750000023e-01	8.2005872839e-02	-5.1950587307e-01
9.7100000000e+00	-4.3750000022e-01	8.1354791784e-02	-5.1885479201e-01
9.7200000000e+00	-4.3750000021e-01	8.0716320341e-02	-5.1821632055e-01
9.7300000000e+00	-4.3750000021e-01	8.0090345697e-02	-5.1759034590e-01
9.7400000000e+00	-4.3750000020e-01	7.9476757825e-02	-5.1697675802e-01
9.7500000000e+00	-4.3750000019e-01	7.8875449430e-02	-5.1637544962e-01
9.7600000000e+00	-4.3750000019e-01	7.8286315890e-02	-5.1578631608e-01
9.7700000000e+00	-4.3750000018e-01	7.7709255212e-02	-5.1520925539e-01
9.7800000000e+00	-4.3750000017e-01	7.7144167977e-02	-5.1464416815e-01
9.7900000000e+00	-4.3750000017e-01	7.6590957292e-02	-5.1409095746e-01
9.8000000000e+00	-4.3750000016e-01	7.6049528744e-02	-5.1354952890e-01
9.8100000000e+00	-4.3750000015e-01	7.5519790356e-02	-5.1301979051e-01
9.8200000000e+00	-4.3750000015e-01	7.5001652539e-02	-5.1250165269e-01
9.8300000000e+00	-4.3750000014e-01	7.4495028055e-02	-5.1199502820e-01
9.8400000000e+00	-4.3750000014e-01	7.3999831969e-02	-5.1149983211e-01
9.8500000000e+00	-4.3750000013e-01	7.3515981617e-02	-5.1101598175e-01
9.8600000000e+00	-4.3750000012e-01	7.3043396560e-02	-5.1054339668e-01
9.8700000000e+00	-4.3750000012e-01	7.2581998552e-02	-5.1008199867e-01
9.8800000000e+00	-4.3750000011e-01	7.2131711501e-02	-5.0963171161e-01
9.8900000000e+00	-4.3750000011e-01	7.1692461436e-02	-5.0919246154e-01
9.9000000000e+00	-4.3750000010e-01	7.1264176472e-02	-5.0876417658e-01
9.9100000000e+00	-4.3750000010e-01	7.0846786777e-02	-5.0834678688e-01
9.9200000000e+00	-4.3750000009e-01	7.0440224542e-02	-5.0794022464e-01
9.9300000000e+00	-4.3750000009e-01	7.0044423949e-02	-5.0754442404e-01
9.9400000000e+00	-4.3750000008e-01	6.9659321145e-02	-5.0715932123e-01
9.9500000000e+00	-4.3750000008e-01	6.9284854207e-02	-5.0678485429e-01
9.9600000000e+00	-4.3750000008e-01	6.8920963121e-02	-5.0642096320e-01
9.9700000000e+00	-4.3750000007e-01	6.8567589754e-02	-5.0606758983e-01
9.9800000000e+00	-4.3750000007e-01	6.8224677826e-02	-5.0572467789e-01
9.9900000000e+00	-4.3750000006e-01	6.7892172887e-02	-5.0539217295e-01
1.0000000000e+01	-4.3750000006e-01	6.7570022295e-02	-5.0507002236e-01
1.0010000000e+01	-4.3750000006e-01	6.7258175191e-02	-5.0475817525e-01
1.0020000000e+01	-4.3750000005e-01	6.6956582477e-02	-5.0445658253e-01
1.0030000000e+01	-4.3750000005e-01	6.6665196798e-02	-5.0416519685e-01
1.0040000000e+01	-4.3750000005e-01	6.6383972516e-02	-5.0388397256e-01
1.0050000000e+01	-4.3750000004e-01	6.6112865697e-02	-5.0361286574e-01
1.0060000000e+01	-4.3750000004e-01	6.5851834087e-02	-5.0335183413e-01
1.0070000000e+01	-4.3750000004e-01	6.5600837100e-02	-5.0310083714e-01
1.0080000000e+01	-4.3750000003e-01	6.5359835794e-02	-5.0285983583e-01
1.0090000000e+01	-4.3750000003e-01	6.5128792859e-02	-5.0262879289e-01
1.0100000000e+01	-4.3750000003e-01	6.4907672601e-02	-5.0240767263e-01
1.0110000000e+01	-4.3750000003e-01	6.4696440925e-02	-5.0219644095e-01
1.0120000000e+01	-4.3750000002e-01	6.4495065325e-02	-5.0199506535e-01
1.0130000000e+01	-4.3750000002e-01	6.4303514866e-02	-5.0180351489e-01
1.0140000000e+01	-4.3750000002e-01	6.4121760172e-02	-5.0162176019e-01
1.0150000000e+01	-4.3750000002e-01	6.3949773417e-02	-5.0144977343e-01
1.0160000000e+01	-4.3750000002e-01	6.3787528309e-02	-5.0128752832e-01
1.0170000000e+01	-4.3750000001e-01	6.3635000084e-02	-5.0113500010e-01
1.0180000000e+01	-4.3750000001e-01	6.3492165493e-02	-5.0099216550e-01
1.0190000000e+01	-4.3750000001e-01	6.3359002790e-02	-5.0085900280e-01
1.0200000000e+01	-4.3750000001e-01	6.3235491729e-02	-5.0073549174e-01
1.0210000000e+01	-4.3750000001e-01	6.3121613552e-02	-5.0062161356e-01
1.0220000000e+01	-4.3750000001e-01	6.3017350983e-02	-5.0051735099e-01
1.0230000000e+01	-4.3750000000e-01	6.2922688216e-02	-5.0042268822e-01
1.0240000000e+01	-4.3750000000e-01	6.2837610918e-02	-5.0033761092e-01
1.0250000000e+01	-4.3750000000e-01	6.2762106215e-02	-5.0026210622e-01
1.0260000000e+01	-4.3750000000e-01	6.2696162689e-02	-5.0019616269e-01
1.0270000000e+01	-4.3750000000e-01	6.2639770376e-02	-5.0013977038e-01
1.0280000000e+01	-4.3750000000e-01	6.2592920757e-02	-5.0009292076e-01
1.0290000000e+01	-4.3750000000e-01	6.2555606761e-02	-5.0005560676e-01
1.0300000000e+01	-4.3750000000e-01	6.2527822757e-02	-5.0002782276e-01
1.0310000000e+01	-4.3750000000e-01	6.2509564552e-02	-5.0000956455e-01
1.0320000000e+01	-4.3750000000e-01	6.2500829394e-02	-5.0000082939e-01
1.0330000000e+01	-4.3750000000e-01	6.2501615963e-02	-5.0000161596e-01
1.0340000000e+01	-4.3750000000e-01	6.2511924380e-02	-5.0001192438e-01
1.0350000000e+01	-4.3750000000e-01	6.2531756199e-02	-5.0003175620e-01
1.0360000000e+01	-4.3750000000e-01	6.2561114411e-02	-5.0006111441e-01
1.0370000000e+01	-4.3750000000e-01	6.2600003445e-02	-5.0010000345e-01
1.0380000000e+01	-4.3750000000e-01	6.2648429171e-02	-5.0014842917e-01
1.0390000000e+01	-4.3750000000e-01	6.2706398899e-02	-5.0020639890e-01
1.0400000000e+01	-4.3750000000e-01	6.2773921387e-02	-5.0027392139e-01
1.0410000000e+01	-4.3750000000e-01	6.2851006838e-02	-5.0035100684e-01
1.0420000000e+01	-4.3750000000e-01	6.2937666910e-02	-5.0043766691e-01
1.0430000000e+01	-4.3750000001e-01	6.3033914717e-02	-5.0053391472e-01
1.0440000000e+01	-4.3750000001e-01	6.3139764838e-02	-5.0063976485e-01
1.0450000000e+01	-4.3750000001e-01	6.3255233319e-02	-5.0075523333e-01
1.0460000000e+01	-4.3750000001e-01	6.3380337680e-02	-5.0088033769e-01
1.0470000000e+01	-4.3750000001e-01	6.3515096926e-02	-5.0101509694e-01
1.0480000000e+01	-4.3750000001e-01	6.3659531550e-02	-5.0115953156e-01
1.0490000000e+01	-4.3750000002e-01	6.3813663543e-02	-5.0131366356e-01
1.0500000000e+01	-4.3750000002e-01	6.3977516407e-02	-5.0147751642e-01
1.0510000000e+01	-4.3750000002e-01	6.4151115157e-02	-5.0165111518e-01
1.0520000000e+01	-4.3750000002e-01	6.4334486336e-02	-5.0183448636e-01
1.0530000000e+01	-4.3750000002e-01	6.4527658028e-02	-5.0202765805e-01
1.0540000000e+01	-4.3750000003e-01	6.4730659863e-02	-5.0223065989e-01
1.0550000000e+01	-4.3750000003e-01	6.4943523035e-02	-5.0244352306e-01
1.0560000000e+01	-4.3750000003e-01	6.5166280313e-02	-5.0266628034e-01
1.0570000000e+01	-4.3750000003e-01	6.5398966055e-02	-5.0289896609e-01
1.0580000000e+01	-4.3750000004e-01	6.5641616221e-02	-5.0314161626e-01
1.0590000000e+01	-4.3750000004e-01	6.5894268388e-02	-5.0339426843e-01
1.0600000000e+01	-4.3750000004e-01	6.6156961769e-02	-5.0365696181e-01
1.0610000000e+01	-4.3750000005e-01	6.6429737226e-02	-5.0392973727e-01
1.0620000000e+01	-4.3750000005e-01	6.6712637288e-02	-5.0421263734e-01
1.0630000000e+01	-4.3750000005e-01	6.7005706170e-02	-5.0450570622e-01
1.0640000000e+01	-4.3750000006e-01	6.7308989791e-02	-5.0480898985e-01
1.0650000000e+01	-4.3750000006e-01	6.7622535794e-02	-5.0512253585e-01
1.0660000000e+01	-4.3750000006e-01	6.7946393565e-02	-5.0544639363e-01
1.0670000000e+01	-4.3750000007e-01	6.8280614257e-02	-5.0578061433e-01
1.0680000000e+01	-4.3750000007e-01	6.8625250810e-02	-5.0612525088e-01
1.0690000000e+01	-4.3750000008e-01	6.8980357972e-02	-5.0648035805e-01
1.0700000000e+01	-4.3750000008e-01	6.9345992330e-02	-5.0684599241e-01
1.0710000000e+01	-4.3750000009e-01	6.9722212325e-02	-5.0722221241e-01
1.0720000000e+01	-4.3750000009e-01	7.0109078285e-02	-5.0760907837e-01
1.0730000000e+01	-4.3750000009e-01	7.0506652449e-02	-5.0800665254e-01
1.0740000000e+01	-4.3750000010e-01	7.0914998994e-02	-5.0841499909e-01
1.0750000000e+01	-4.3750000010e-01	7.1334184064e-02	-5.0883418417e-01
1.0760000000e+01	-4.3750000011e-01	7.1764275800e-02	-5.0926427591e-01
1.0770000000e+01	-4.3750000011e-01	7.2205344371e-02	-5.0970534449e-01
1.0780000000e+01	-4.3750000012e-01	7.2657462005e-02	-5.1015746212e-01
1.0790000000e+01	-4.3750000013e-01	7.3120703021e-02	-5.1062070315e-01
1.0800000000e+01	-4.3750000013e-01	7.3595143863e-02	-5.1109514399e-01
1.0810000000e+01	-4.3750000014e-01	7.4080863139e-02	-5.1158086328e-01
1.0820000000e+01	-4.3750000014e-01	7.4577941652e-02	-5.1207794179e-01
1.0830000000e+01	-4.3750000015e-01	7.5086462438e-02	-5.1258646259e-01
1.0840000000e+01	-4.3750000015e-01	7.5606510811e-02	-5.1310651096e-01
1.0850000000e+01	-4.3750000016e-01	7.6138174393e-02	-5.1363817455e-01
1.0860000000e+01	-4.3750000017e-01	7.6681543165e-02	-5.1418154333e-01
1.0870000000e+01	-4.3750000017e-01	7.7236709505e-02	-5.1473670968e-01
1.0880000000e+01	-4.3750000018e-01	7.7803768230e-02	-5.1530376841e-01
1.0890000000e+01	-4.3750000019e-01	7.8382816649e-02	-5.1588281684e-01
1.0900000000e+01	-4.3750000019e-01	7.8973954602e-02	-5.1647395480e-01
1.0910000000e+01	-4.3750000020e-01	7.9577284514e-02	-5.1707728471e-01
1.0920000000e+01	-4.3750000021e-01	8.0192911443e-02	-5.1769291165e-01
1.0930000000e+01	-4.3750000022e-01	8.0820943133e-02	-5.1832094335e-01
1.0940000000e+01	-4.3750000022e-01	8.1461490068e-02	-5.1896149029e-01
1.0950000000e+01	-4.3750000023e-01	8.2114665525e-02	-5.1961466576e-01
1.0960000000e+01	-4.3750000024e-01	8.2780585634e-02	-5.2028058587e-01
1.0970000000e+01	-4.3750000025e-01	8.3459369437e-02	-5.2095936968e-01
1.0980000000e+01	-4.3750000025e-01	8.4151138944e-02	-5.2165113920e-01
1.0990000000e+01	-4.3750000026e-01	8.4856019205e-02	-5.2235601947e-01
1.1000000000e+01	-4.3750000027e-01	8.5574138367e-02	-5.2307413864e-01
1.1010000000e+01	-4.3750000028e-01	8.6305627744e-02	-5.2380562802e-01
1.1020000000e+01	-4.3750000029e-01	8.7050621889e-02	-5.2455062218e-01
1.1030000000e+01	-4.3750000030e-01	8.7809258660e-02	-5.2530925896e-01
1.1040000000e+01	-4.3750000030e-01	8.8581679300e-02	-5.2608167960e-01
1.1050000000e+01	-4.3750000031e-01	8.9368028508e-02	-5.2686802882e-01
1.1060000000e+01	-4.3750000032e-01	9.0168454524e-02	-5.2766845485e-01
1.1070000000e+01	-4.3750000033e-01	9.0983109205e-02	-5.2848310954e-01
1.1080000000e+01	-4.3750000034e-01	9.1812148111e-02	-5.2931214845e-01
1.1090000000e+01	-4.3750000035e-01	9.2655730594e-02	-5.3015573095e-01
1.1100000000e+01	-4.3750000036e-01	9.3514019887e-02	-5.3101402025e-01
1.1110000000e+01	-4.3750000037e-01	9.4387183193e-02	-5.3188718356e-01
1.1120000000e+01	-4.3750000038e-01	9.5275391790e-02	-5.3277539217e-01
1.1130000000e+01	-4.3750000039e-01	9.6178821120e-02	-5.3367882151e-01
1.1140000000e+01	-4.3750000040e-01	9.7097650899e-02	-5.3459765130e-01
1.1150000000e+01	-4.3750000041e-01	9.8032065220e-02	-5.3553206563e-01
1.1160000000e+01	-4.3750000042e-01	9.8982252664e-02	-5.3648225309e-01
1.1170000000e+01	-4.3750000043e-01	9.9948406411e-02	-5.3744840685e-01
1.1180000000e+01	-4.3750000044e-01	1.0093072436e-01	-5.3843072481e-01
1.1190000000e+01	-4.3750000046e-01	1.0192940926e-01	-5.3942940971e-01
1.1200000000e+01	-4.3750000047e-01	1.0294466879e-01	-5.4044466926e-01
1.1210000000e+01	-4.3750000048e-01	1.0397671578e-01	-5.4147671626e-01
1.1220000000e+01	-4.3750000049e-01	1.0502576824e-01	-5.4252576873e-01
1.1230000000e+01	-4.3750000050e-01	1.0609204956e-01	-5.4359205006e-01
1.1240000000e+01	-4.3750000051e-01	1.0717578867e-01	-5.4467578918e-01
1.1250000000e+01	-4.3750000053e-01	1.0827722012e-01	-5.4577722065e-01
1.1260000000e+01	-4.3750000054e-01	1.0939658431e-01	-5.4689658485e-01
1.1270000000e+01	-4.3750000055e-01	1.1053412760e-01	-5.4803412815e-01
1.1280000000e+01	-4.3750000056e-01	1.1169010249e-01	-5.4919010305e-01
1.1290000000e+01	-4.3750000058e-01	1.1286476779e-01	-5.5036476837e-01
1.1300000000e+01	-4.3750000059e-01	1.1405838881e-01	-5.5155838940e-01
1.1310000000e+01	-4.3750000060e-01	1.1527123754e-01	-5.5277123814e-01
1.1320000000e+01	-4.3750000062e-01	1.1650359280e-01	-5.5400359342e-01
1.1330000000e+01	-4.3750000063e-01	1.1775574052e-01	-5.5525574115e-01
1.1340000000e+01	-4.3750000064e-01	1.1902797387e-01	-5.5652797451e-01
1.1350000000e+01	-4.3750000066e-01	1.2032059350e-01	-5.5782059416e-01
1.1360000000e+01	-4.3750000067e-01	1.2163390777e-01	-5.5913390844e-01
1.1370000000e+01	-4.3750000068e-01	1.2296823297e-01	-5.6046823366e-01
1.1380000000e+01	-4.3750000070e-01	1.2432389356e-01	-5.6182389426e-01
1.1390000000e+01	-4.3750000071e-01	1.2570122240e-01	-5.6320122311e-01
1.1400000000e+01	-4.3750000073e-01	1.2710056103e-01	-5.6460056176e-01
1.1410000000e+01	-4.3750000074e-01	1.2852225994e-01	-5.6602226068e-01
1.1420000000e+01	-4.3750000076e-01	1.2996667881e-01	-5.6746667956e-01
1.1430000000e+01	-4.3750000077e-01	1.3143418682e-01	-5.6893418760e-01
1.1440000000e+01	-4.3750000079e-01	1.3292516298e-01	-5.7042516376e-01
1.1450000000e+01	-4.3750000080e-01	1.3443999636e-01	-5.7193999716e-01
1.1460000000e+01	-4.3750000082e-01	1.3597908649e-01	-5.7347908731e-01
1.1470000000e+01	-4.3750000084e-01	1.3754284365e-01	-5.7504284449e-01
1.1480000000e+01	-4.3750000085e-01	1.3913168925e-01	-5.7663169011e-01
1.1490000000e+01	-4.3750000087e-01	1.4074605616e-01	-5.7824605703e-01
1.1500000000e+01	-4.3750000088e-01	1.4238638911e-01	-5.7988638999e-01
1.1510000000e+01	-4.3750000090e-01	1.4405314505e-01	-5.8155314595e-01
1.1520000000e+01	-4.3750000092e-01	1.4574679363e-01	-5.8324679454e-01
1.1530000000e+01	-4.3750000093e-01	1.4746781753e-01	-5.8496781846e-01
1.1540000000e+01	-4.3750000095e-01	1.4921671299e-01	-5.8671671394e-01
1.1550000000e+01	-4.3750000097e-01	1.5099399022e-01	-5.8849399118e-01
1.1560000000e+01	-4.3750000098e-01	1.5280017389e-01	-5.9030017488e-01
1.1570000000e+01	-4.3750000100e-01	1.5463580366e-01	-5.9213580466e-01
1.1580000000e+01	-4.3750000102e-01	1.5650143466e-01	-5.9400143568e-01
1.1590000000e+01	-4.3750000104e-01	1.5839763808e-01	-5.9589763911e-01
1.1600000000e+01	-4.3750000105e-01	1.6032500170e-01	-5.9782500275e-01
1.1610000000e+01	-4.3750000107e-01	1.6228413053e-01	-5.9978413160e-01
1.1620000000e+01	-4.3750000109e-01	1.6427564739e-01	-6.0177564848e-01
1.1630000000e+01	-4.3750000111e-01	1.6630019359e-01	-6.0380019469e-01
1.1640000000e+01	-4.3750000113e-01	1.6835842958e-01	-6.0585843071e-01
1.1650000000e+01	-4.3750000114e-01	1.7045103570e-01	-6.0795103685e-01
1.1660000000e+01	-4.3750000116e-01	1.7257871289e-01	-6.1007871405e-01
1.1670000000e+01	-4.3750000118e-01	1.7474218346e-01	-6.1224218464e-01
1.1680000000e+01	-4.3750000120e-01	1.7694219194e-01	-6.1444219313e-01
1.1690000000e+01	-4.3750000122e-01	1.7917950589e-01	-6.1667950710e-01
1.1700000000e+01	-4.3750000124e-01	1.8145491682e-01	-6.1895491805e-01
1.1710000000e+01	-4.3750000125e-01	1.8376924110e-01	-6.2126924235e-01
1.1720000000e+01	-4.3750000127e-01	1.8612332096e-01	-6.2362332223e-01
1.1730000000e+01	-4.3750000129e-01	1.8851802549e-01	-6.2601802678e-01
1.1740000000e+01	-4.3750000131e-01	1.9095425173e-01	-6.2845425304e-01
1.1750000000e+01	-4.3750000133e-01	1.9343292580e-01	-6.3093292713e-01
1.1760000000e+01	-4.3750000135e-01	1.9595500406e-01	-6.3345500541e-01
1.1770000000e+01	-4.3750000137e-01	1.9852147438e-01	-6.3602147575e-01
1.1780000000e+01	-4.3750000138e-01	2.0113335743e-01	-6.3863335882e-01
1.1790000000e+01	-4.3750000140e-01	2.0379170805e-01	-6.4129170945e-01
1.1800000000e+01	-4.3750000142e-01	2.0649761669e-01	-6.4399761811e-01
1.1810000000e+01	-4.3750000144e-01	2.0925221093e-01	-6.4675221236e-01
1.1820000000e+01	-4.3750000146e-01	2.1205665706e-01	-6.4955665852e-01
1.1830000000e+01	-4.3750000147e-01	2.1491216180e-01	-6.5241216328e-01
1.1840000000e+01	-4.3750000149e-01	2.1781997402e-01	-6.5531997551e-01
1.1850000000e+01	-4.3750000151e-01	2.2078138659e-01	-6.5828138810e-01
1.1860000000e+01	-4.3750000152e-01	2.2379773843e-01	-6.6129773995e-01
1.1870000000e+01	-4.3750000154e-01	2.2687041646e-01	-6.6437041801e-01
1.1880000000e+01	-4.3750000156e-01	2.3000085790e-01	-6.6750085945e-01
1.1890000000e+01	-4.3750000157e-01	2.3319055246e-01	-6.7069055404e-01
1.1900000000e+01	-4.3750000159e-01	2.3644104490e-01	-6.7394104648e-01
1.1910000000e+01	-4.3750000160e-01	2.3975393747e-01	-6.7725393907e-01
1.1920000000e+01	-4.3750000162e-01	2.4313089274e-01	-6.8063089436e-01
1.1930000000e+01	-4.3750000163e-01	2.4657363642e-01	-6.8407363805e-01
1.1940000000e+01	-4.3750000164e-01	2.5008396041e-01	-6.8758396206e-01
1.1950000000e+01	-4.3750000166e-01	2.5366372605e-01	-6.9116372771e-01
1.1960000000e+01	-4.3750000167e-01	2.5731486750e-01	-6.9481486917e-01
1.1970000000e+01	-4.3750000168e-01	2.6103939539e-01	-6.9853939707e-01
1.1980000000e+01	-4.3750000169e-01	2.6483940066e-01	-7.0233940235e-01
1.1990000000e+01	-4.3750000169e-01	2.6871705862e-01	-7.0621706032e-01
1.2000000000e+01	-4.3750000170e-01	2.7267463332e-01	-7.1017463502e-01
1.2010000000e+01	-4.3750000171e-01	2.7671448209e-01	-7.1421448380e-01
1.2020000000e+01	-4.3750000171e-01	2.8083906052e-01	-7.1833906224e-01
1.2030000000e+01	-4.3750000171e-01	2.8505092761e-01	-7.2255092932e-01
1.2040000000e+01	-4.3750000172e-01	2.8935275132e-01	-7.2685275304e-01
1.2050000000e+01	-4.3750000172e-01	2.9374731453e-01	-7.3124731624e-01
1.2060000000e+01	-4.3750000171e-01	2.9823752129e-01	-7.3573752300e-01
1.2070000000e+01	-4.3750000171e-01	3.0282640359e-01	-7.4032640530e-01
1.2080000000e+01	-4.3750000170e-01	3.0751712851e-01	-7.4501713021e-01
1.2090000000e+01	-4.3750000169e-01	3.1231300593e-01	-7.4981300762e-01
1.2100000000e+01	-4.3750000168e-01	3.1721749671e-01	-7.5471749839e-01
1.2110000000e+01	-4.3750000167e-01	3.2223422150e-01	-7.5973422317e-01
1.2120000000e+01	-4.3750000165e-01	3.2736697015e-01	-7.6486697180e-01
1.2130000000e+01	-4.3750000163e-01	3.3261971178e-01	-7.7011971341e-01
1.2140000000e+01	-4.3750000160e-01	3.3799660565e-01	-7.7549660725e-01
1.2150000000e+01	-4.3750000157e-01	3.4350201273e-01	-7.8100201430e-01
1.2160000000e+01	-4.3750000154e-01	3.4914050823e-01	-7.8664050977e-01
1.2170000000e+01	-4.3750000150e-01	3.5491689503e-01	-7.9241689653e-01
1.2180000000e+01	-4.3750000146e-01	3.6083621814e-01	-7.9833621960e-01
1.2190000000e+01	-4.3750000141e-01	3.6690378031e-01	-8.0440378172e-01
1.2200000000e+01	-4.3750000136e-01	3.7312515882e-01	-8.1062516018e-01
1.2210000000e+01	-4.3750000130e-01	3.7950622366e-01	-8.1700622496e-01
1.2220000000e+01	-4.3750000123e-01	3.8605315715e-01	-8.2355315838e-01
1.2230000000e+01	-4.3750000116e-01	3.9277247517e-01	-8.3027247633e-01
1.2240000000e+01	-4.3750000107e-01	3.9967105015e-01	-8.3717105122e-01
1.2250000000e+01	-4.3750000098e-01	4.0675613599e-01	-8.4425613697e-01
1.2260000000e+01	-4.3750000088e-01	4.1403539514e-01	-8.5153539602e-01
1.2270000000e+01	-4.3750000077e-01	4.2151692798e-01	-8.5901692875e-01
1.2280000000e+01	-4.3750000065e-01	4.2920930481e-01	-8.6670930545e-01
1.2290000000e+01	-4.3750000051e-01	4.3712160064e-01	-8.7462160116e-01
1.2300000000e+01	-4.3750000036e-01	4.4526343325e-01	-8.8276343361e-01
1.2310000000e+01	-4.3750000020e-01	4.5364500454e-01	-8.9114500475e-01
1.2320000000e+01	-4.3750000002e-01	4.6227714597e-01	-8.9977714600e-01
1.2330000000e+01	-4.3749999983e-01	4.7117136808e-01	-9.0867136790e-01
1.2340000000e+01	-4.3749999961e-01	4.8033991489e-01	-9.1783991451e-01
1.2350000000e+01	-4.3749999938e-01	4.8979582362e-01	-9.2729582300e-01
1.2360000000e+01	-4.3749999912e-01	4.9955299022e-01	-9.3705298934e-01
1.2370000000e+01	-4.3749999885e-01	5.0962624158e-01	-9.4712624043e-01
1.2380000000e+01	-4.3749999854e-01	5.2003141514e-01	-9.5753141368e-01
1.2390000000e+01	-4.3749999821e-01	5.3078544671e-01	-9.6828544491e-01
1.2400000000e+01	-4.3749999784e-01	5.4190646757e-01	-9.7940646541e-01
1.2410000000e+01	-4.3749999744e-01	5.5341391212e-01	-9.9091390956e-01
1.2420000000e+01	-4.3749999701e-01	5.6532863711e-01	-1.0028286341e+00
1.2430000000e+01	-4.3749999653e-01	5.7767305424e-01	-1.0151730508e+00
1.2440000000e+01	-4.3749999601e-01	5.9047127769e-01	-1.0279712737e+00
1.2450000000e+01	-4.3749999545e-01	6.0374928863e-01	-1.0412492841e+00
1.2460000000e+01	-4.3749999483e-01	6.1753511885e-01	-1.0550351137e+00
1.2470000000e+01	-4.3749999416e-01	6.3185905638e-01	-1.0693590505e+00
1.2480000000e+01	-4.3749999342e-01	6.4675387583e-01	-1.0842538693e+00
1.2490000000e+01	-4.3749999262e-01	6.6225509709e-01	-1.0997550897e+00
1.2500000000e+01	-4.3749999175e-01	6.7840127647e-01	-1.1159012682e+00
1.2510000000e+01	-4.3749999081e-01	6.9523433473e-01	-1.1327343255e+00
1.2520000000e+01	-4.3749998978e-01	7.1279992766e-01	-1.1502999174e+00
1.2530000000e+01	-4.3749998866e-01	7.3114786534e-01	-1.1686478540e+00
1.2540000000e+01	-4.3749998745e-01	7.5033258734e-01	-1.1878325748e+00
1.2550000000e+01	-4.3749998615e-01	7.7041370247e-01	-1.2079136886e+00
1.2560000000e+01	-4.3749998474e-01	7.9145660274e-01	-1.2289565875e+00
1.2570000000e+01	-4.3749998323e-01	8.1353316301e-01	-1.2510331462e+00
1.2580000000e+01	-4.3749998163e-01	8.3672253952e-01	-1.2742225211e+00
1.2590000000e+01	-4.3749997993e-01	8.6111208232e-01	-1.2986120623e+00
1.2600000000e+01	-4.3749997815e-01	8.8679837929e-01	-1.3242983574e+00
1.2610000000e+01	-4.3749997632e-01	9.1388845124e-01	-1.3513884276e+00
1.2620000000e+01	-4.3749997447e-01	9.4250112072e-01	-1.3800010952e+00
1.2630000000e+01	-4.3749997266e-01	9.7276857890e-01	-1.4102685516e+00
1.2640000000e+01	-4.3749997098e-01	1.0048381772e+00	-1.4423381482e+00
1.2650000000e+01	-4.3749996955e-01	1.0388744710e+00	-1.4763744406e+00
1.2660000000e+01	-4.3749996857e-01	1.0750615418e+00	-1.5125615103e+00
1.2670000000e+01	-4.3749996832e-01	1.1136056183e+00	-1.5511055866e+00
1.2680000000e+01	-4.3749996919e-01	1.1547380080e+00	-1.5922379772e+00
1.2690000000e+01	-4.3749997176e-01	1.1987183256e+00	-1.6362182973e+00
1.2700000000e+01	-4.3749997689e-01	1.2458379694e+00	-1.6833379463e+00
1.2710000000e+01	-4.3749998578e-01	1.2964237263e+00	-1.7339237121e+00
1.2720000000e+01	-4.3750000023e-01	1.3508412762e+00	-1.7883412764e+00
1.2730000000e+01	-4.3750002283e-01	1.4094981825e+00	-1.8469982054e+00
1.2740000000e+01	-4.3750005738e-01	1.4728456604e+00	-1.9103457178e+00
1.2750000000e+01	-4.3750010944e-01	1.5413779475e+00	-1.9788780569e+00
1.2760000000e+01	-4.3750018716e-01	1.6156273730e+00	-2.0531275601e+00
1.2770000000e+01	-4.3750030249e-01	1.6961521102e+00	-2.1336524127e+00
1.2780000000e+01	-4.3750047285e-01	1.7835119479e+00	-2.2210124207e+00
1.2790000000e+01	-4.3750072344e-01	1.8782250822e+00	-2.3157258056e+00
1.2800000000e+01	-4.3750109009e-01	1.9806958610e+00	-2.4181969511e+00
1.2810000000e+01	-4.3750162248e-01	2.0910999200e+00	-2.5286015425e+00
1.2820000000e+01	-4.3750238640e-01	2.2092104396e+00	-2.6467128260e+00
1.2830000000e+01	-4.3750346268e-01	2.3341503766e+00	-2.7716538393e+00
1.2840000000e+01	-4.3750493794e-01	2.4640666146e+00	-2.9015715526e+00
1.2850000000e+01	-4.3750687991e-01	2.5957527861e+00	-3.0332596660e+00
1.2860000000e+01	-4.3750929131e-01	2.7243080650e+00	-3.1618173563e+00
1.2870000000e+01	-4.3751204583e-01	2.8430070710e+00	-3.2805191169e+00
1.2880000000e+01	-4.3751483395e-01	2.9436317325e+00	-3.3811465664e+00
1.2890000000e+01	-4.3751717391e-01	3.0174850237e+00	-3.4550021976e+00
1.2900000000e+01	-4.3751853787e-01	3.0570621072e+00	-3.4945806450e+00
1.2910000000e+01	-4.3751856838e-01	3.0579216733e+00	-3.4954402416e+00
1.2920000000e+01	-4.3751725703e-01	3.0199638938e+00	-3.4574811509e+00
1.2930000000e+01	-4.3751494893e-01	2.9474605360e+00	-3.3849754849e+00
1.2940000000e+01	-4.3751216931e-01	2.8478209053e+00	-3.2853330746e+00
1.2950000000e+01	-4.3750940547e-01	2.7297286934e+00	-3.1672380988e+00
1.2960000000e+01	-4.3750697535e-01	2.6014492517e+00	-3.0389562270e+00
1.2970000000e+01	-4.3750501233e-01	2.4697840871e+00	-2.9072890995e+00
1.2980000000e+01	-4.3750351792e-01	2.3397130302e+00	-2.7772165481e+00
1.2990000000e+01	-4.3750242607e-01	2.2145097911e+00	-2.6520122172e+00
1.3000000000e+01	-4.3750165034e-01	2.0960783174e+00	-2.5335799677e+00
1.3010000000e+01	-4.3750110938e-01	1.9853307830e+00	-2.4228318924e+00
1.3020000000e+01	-4.3750073666e-01	1.8825165477e+00	-2.3200172844e+00
1.3030000000e+01	-4.3750048186e-01	1.7874733723e+00	-2.2249738542e+00
1.3040000000e+01	-4.3750030860e-01	1.6998040982e+00	-2.1373044068e+00
1.3050000000e+01	-4.3750019128e-01	1.6189937214e+00	-2.0564939127e+00
1.3060000000e+01	-4.3750011221e-01	1.5444831934e+00	-1.9819833056e+00
1.3070000000e+01	-4.3750005923e-01	1.4757136585e+00	-1.9132137178e+00
1.3080000000e+01	-4.3750002405e-01	1.4121513418e+00	-1.8496513659e+00
1.3090000000e+01	-4.3750000102e-01	1.3533002067e+00	-1.7908002077e+00
1.3100000000e+01	-4.3749998628e-01	1.2987071315e+00	-1.7362071178e+00
1.3110000000e+01	-4.3749997719e-01	1.2479626794e+00	-1.6854626566e+00
1.3120000000e+01	-4.3749997193e-01	1.2006994058e+00	-1.6381993778e+00
1.3130000000e+01	-4.3749996926e-01	1.1565889040e+00	-1.5940888733e+00
1.3140000000e+01	-4.3749996833e-01	1.1153383123e+00	-1.5528382807e+00
1.3150000000e+01	-4.3749996855e-01	1.0766867079e+00	-1.5141866765e+00
1.3160000000e+01	-4.3749996950e-01	1.0404016219e+00	-1.4779015914e+00
1.3170000000e+01	-4.3749997091e-01	1.0062757982e+00	-1.4437757692e+00
1.3180000000e+01	-4.3749997258e-01	9.7412424943e-01	-1.4116242220e+00
1.3190000000e+01	-4.3749997439e-01	9.4378162150e-01	-1.3812815959e+00
1.3200000000e+01	-4.3749997624e-01	9.1509985948e-01	-1.3525998357e+00
1.3210000000e+01	-4.3749997807e-01	8.8794615209e-01	-1.3254461302e+00
1.3220000000e+01	-4.3749997985e-01	8.6220112967e-01	-1.2997011095e+00
1.3230000000e+01	-4.3749998156e-01	8.3775728810e-01	-1.2752572697e+00
1.3240000000e+01	-4.3749998317e-01	8.1451761195e-01	-1.2520175951e+00
1.3250000000e+01	-4.3749998468e-01	7.9239437225e-01	-1.2298943569e+00
1.3260000000e+01	-4.3749998609e-01	7.7130807642e-01	-1.2088080625e+00
1.3270000000e+01	-4.3749998740e-01	7.5118655038e-01	-1.1886865378e+00
1.3280000000e+01	-4.3749998861e-01	7.3196413547e-01	-1.1694641241e+00
1.3290000000e+01	-4.3749998973e-01	7.1358098482e-01	-1.1510809746e+00
1.3300000000e+01	-4.3749999076e-01	6.9598244582e-01	-1.1334824366e+00
1.3310000000e+01	-4.3749999171e-01	6.7911851745e-01	-1.1166185092e+00
1.3320000000e+01	-4.3749999259e-01	6.6294337239e-01	-1.1004433650e+00
1.3330000000e+01	-4.3749999339e-01	6.4741493553e-01	-1.0849149289e+00
1.3340000000e+01	-4.3749999413e-01	6.3249451140e-01	-1.0699945055e+00
1.3350000000e+01	-4.3749999480e-01	6.1814645440e-01	-1.0556464492e+00
1.3360000000e+01	-4.3749999542e-01	6.0433787615e-01	-1.0418378716e+00
1.3370000000e+01	-4.3749999599e-01	5.9103838552e-01	-1.0285383815e+00
1.3380000000e+01	-4.3749999651e-01	5.7821985704e-01	-1.0157198535e+00
1.3390000000e+01	-4.3749999699e-01	5.6585622437e-01	-1.0033562214e+00
1.3400000000e+01	-4.3749999742e-01	5.5392329572e-01	-9.9142329315e-01
1.3410000000e+01	-4.3749999782e-01	5.4239858855e-01	-9.7989858637e-01
1.3420000000e+01	-4.3749999819e-01	5.3126118134e-01	-9.6876117953e-01
1.3430000000e+01	-4.3749999853e-01	5.2049158046e-01	-9.5799157899e-01
1.3440000000e+01	-4.3749999883e-01	5.1007160027e-01	-9.4757159910e-01
1.3450000000e+01	-4.3749999911e-01	4.9998425507e-01	-9.3748425418e-01
1.3460000000e+01	-4.3749999937e-01	4.9021366158e-01	-9.2771366095e-01
1.3470000000e+01	-4.3749999960e-01	4.8074495067e-01	-9.1824495027e-01
1.3480000000e+01	-4.3749999982e-01	4.7156418746e-01	-9.0906418728e-01
1.3490000000e+01	-4.3750000001e-01	4.6265829883e-01	-9.0015829885e-01
1.3500000000e+01	-4.3750000019e-01	4.5401500754e-01	-8.9151500774e-01
1.3510000000e+01	-4.3750000036e-01	4.4562277232e-01	-8.8312277268e-01
1.3520000000e+01	-4.3750000051e-01	4.3747073327e-01	-8.7497073378e-01
1.3530000000e+01	-4.3750000064e-01	4.2954866208e-01	-8.6704866272e-01
1.3540000000e+01	-4.3750000076e-01	4.2184691646e-01	-8.5934691723e-01
1.3550000000e+01	-4.3750000088e-01	4.1435639862e-01	-8.5185639950e-01
1.3560000000e+01	-4.3750000098e-01	4.0706851707e-01	-8.4456851804e-01
1.3570000000e+01	-4.3750000107e-01	3.9997515167e-01	-8.3747515274e-01
1.3580000000e+01	-4.3750000115e-01	3.9306862157e-01	-8.3056862272e-01
1.3590000000e+01	-4.3750000123e-01	3.8634165568e-01	-8.2384165691e-01
1.3600000000e+01	-4.3750000130e-01	3.7978736552e-01	-8.1728736681e-01
1.3610000000e+01	-4.3750000136e-01	3.7339922020e-01	-8.1089922155e-01
1.3620000000e+01	-4.3750000141e-01	3.6717102335e-01	-8.0467102476e-01
1.3630000000e+01	-4.3750000146e-01	3.6109689183e-01	-7.9859689329e-01
1.3640000000e+01	-4.3750000150e-01	3.5517123601e-01	-7.9267123752e-01
1.3650000000e+01	-4.3750000154e-01	3.4938874158e-01	-7.8688874312e-01
1.3660000000e+01	-4.3750000157e-01	3.4374435263e-01	-7.8124435421e-01
1.3670000000e+01	-4.3750000160e-01	3.3823325609e-01	-7.7573325769e-01
1.3680000000e+01	-4.3750000163e-01	3.3285086712e-01	-7.7035086875e-01
1.3690000000e+01	-4.3750000165e-01	3.2759281570e-01	-7.6509281735e-01
1.3700000000e+01	-4.3750000167e-01	3.2245493406e-01	-7.5995493573e-01
1.3710000000e+01	-4.3750000168e-01	3.1743324504e-01	-7.5493324672e-01
1.3720000000e+01	-4.3750000169e-01	3.1252395121e-01	-7.5002395290e-01
1.3730000000e+01	-4.3750000170e-01	3.0772342477e-01	-7.4522342647e-01
1.3740000000e+01	-4.3750000171e-01	3.0302819809e-01	-7.4052819979e-01
1.3750000000e+01	-4.3750000171e-01	2.9843495490e-01	-7.3593495661e-01
1.3760000000e+01	-4.3750000172e-01	2.9394052208e-01	-7.3144052380e-01
1.3770000000e+01	-4.3750000172e-01	2.8954186193e-01	-7.2704186364e-01
1.3780000000e+01	-4.3750000171e-01	2.8523606496e-01	-7.2273606667e-01
1.3790000000e+01	-4.3750000171e-01	2.8102034318e-01	-7.1852034489e-01
1.3800000000e+01	-4.3750000171e-01	2.7689202373e-01	-7.1439202544e-01
1.3810000000e+01	-4.3750000170e-01	2.7284854301e-01	-7.1034854471e-01
1.3820000000e+01	-4.3750000169e-01	2.6888744105e-01	-7.0638744274e-01
1.3830000000e+01	-4.3750000169e-01	2.6500635633e-01	-7.0250635802e-01
1.3840000000e+01	-4.3750000168e-01	2.6120302087e-01	-6.9870302255e-01
1.3850000000e+01	-4.3750000167e-01	2.5747525557e-01	-6.9497525724e-01
1.3860000000e+01	-4.3750000166e-01	2.5382096592e-01	-6.9132096757e-01
1.3870000000e+01	-4.3750000164e-01	2.5023813788e-01	-6.8773813952e-01
1.3880000000e+01	-4.3750000163e-01	2.4672483403e-01	-6.8422483566e-01
1.3890000000e+01	-4.3750000162e-01	2.4327918996e-01	-6.8077919158e-01
1.3900000000e+01	-4.3750000160e-01	2.3989941080e-01	-6.7739941240e-01
1.3910000000e+01	-4.3750000159e-01	2.3658376803e-01	-6.7408376962e-01
1.3920000000e+01	-4.3750000157e-01	2.3333059641e-01	-6.7083059799e-01
1.3930000000e+01	-4.3750000156e-01	2.3013829110e-01	-6.6763829266e-01
1.3940000000e+01	-4.3750000154e-01	2.2700530493e-01	-6.6450530647e-01
1.3950000000e+01	-4.3750000153e-01	2.2393014581e-01	-6.6143014733e-01
1.3960000000e+01	-4.3750000151e-01	2.2091137431e-01	-6.5841137582e-01
1.3970000000e+01	-4.3750000149e-01	2.1794760135e-01	-6.5544760284e-01
1.3980000000e+01	-4.3750000147e-01	2.1503748600e-01	-6.5253748748e-01
1.3990000000e+01	-4.3750000146e-01	2.1217973340e-01	-6.4967973486e-01
1.4000000000e+01	-4.3750000144e-01	2.0937309282e-01	-6.4687309425e-01
1.4010000000e+01	-4.3750000142e-01	2.0661635574e-01	-6.4411635716e-01
1.4020000000e+01	-4.3750000140e-01	2.0390835415e-01	-6.4140835555e-01
1.4030000000e+01	-4.3750000138e-01	2.0124795882e-01	-6.3874796020e-01
1.4040000000e+01	-4.3750000137e-01	1.9863407771e-01	-6.3613407908e-01
1.4050000000e+01	-4.3750000135e-01	1.9606565448e-01	-6.3356565583e-01
1.4060000000e+01	-4.3750000133e-01	1.9354166698e-01	-6.3104166831e-01
1.4070000000e+01	-4.3750000131e-01	1.9106112597e-01	-6.2856112728e-01
1.4080000000e+01	-4.3750000129e-01	1.8862307372e-01	-6.2612307502e-01
1.4090000000e+01	-4.3750000127e-01	1.8622658284e-01	-6.2372658411e-01
1.4100000000e+01	-4.3750000126e-01	1.8387075504e-01	-6.2137075629e-01
1.4110000000e+01	-4.3750000124e-01	1.8155472003e-01	-6.1905472127e-01
1.4120000000e+01	-4.3750000122e-01	1.7927763445e-01	-6.1677763567e-01
1.4130000000e+01	-4.3750000120e-01	1.7703868082e-01	-6.1453868202e-01
1.4140000000e+01	-4.3750000118e-01	1.7483706657e-01	-6.1233706775e-01
1.4150000000e+01	-4.3750000116e-01	1.7267202310e-01	-6.1017202427e-01
1.4160000000e+01	-4.3750000114e-01	1.7054280493e-01	-6.0804280607e-01
1.4170000000e+01	-4.3750000113e-01	1.6844868877e-01	-6.0594868990e-01
1.4180000000e+01	-4.3750000111e-01	1.6638897278e-01	-6.0388897389e-01
1.4190000000e+01	-4.3750000109e-01	1.6436297575e-01	-6.0186297684e-01
1.4200000000e+01	-4.3750000107e-01	1.6237003637e-01	-5.9987003744e-01
1.4210000000e+01	-4.3750000105e-01	1.6040951251e-01	-5.9790951356e-01
1.4220000000e+01	-4.3750000104e-01	1.5848078056e-01	-5.9598078159e-01
1.4230000000e+01	-4.3750000102e-01	1.5658323475e-01	-5.9408323577e-01
1.4240000000e+01	-4.3750000100e-01	1.5471628657e-01	-5.9221628757e-01
1.4250000000e+01	-4.3750000098e-01	1.5287936412e-01	-5.9037936510e-01
1.4260000000e+01	-4.3750000097e-01	1.5107191156e-01	-5.8857191253e-01
1.4270000000e+01	-4.3750000095e-01	1.4929338861e-01	-5.8679338956e-01
1.4280000000e+01	-4.3750000093e-01	1.4754326992e-01	-5.8504327086e-01
1.4290000000e+01	-4.3750000092e-01	1.4582104468e-01	-5.8332104560e-01
1.4300000000e+01	-4.3750000090e-01	1.4412621606e-01	-5.8162621696e-01
1.4310000000e+01	-4.3750000088e-01	1.4245830078e-01	-5.7995830167e-01
1.4320000000e+01	-4.3750000087e-01	1.4081682866e-01	-5.7831682952e-01
1.4330000000e+01	-4.3750000085e-01	1.3920134217e-01	-5.7670134303e-01
1.4340000000e+01	-4.3750000084e-01	1.3761139609e-01	-5.7511139692e-01
1.4350000000e+01	-4.3750000082e-01	1.3604655701e-01	-5.7354655783e-01
1.4360000000e+01	-4.3750000080e-01	1.3450640306e-01	-5.7200640386e-01
1.4370000000e+01	-4.3750000079e-01	1.3299052347e-01	-5.7049052425e-01
1.4380000000e+01	-4.3750000077e-01	1.3149851825e-01	-5.6899851903e-01
1.4390000000e+01	-4.3750000076e-01	1.3002999788e-01	-5.6752999864e-01
1.4400000000e+01	-4.3750000074e-01	1.2858458293e-01	-5.6608458367e-01
1.4410000000e+01	-4.3750000073e-01	1.2716190379e-01	-5.6466190451e-01
1.4420000000e+01	-4.3750000071e-01	1.2576160036e-01	-5.6326160108e-01
1.4430000000e+01	-4.3750000070e-01	1.2438332178e-01	-5.6188332248e-01
1.4440000000e+01	-4.3750000069e-01	1.2302672612e-01	-5.6052672681e-01
1.4450000000e+01	-4.3750000067e-01	1.2169148015e-01	-5.5919148082e-01
1.4460000000e+01	-4.3750000066e-01	1.2037725903e-01	-5.5787725969e-01
1.4470000000e+01	-4.3750000064e-01	1.1908374614e-01	-5.5658374678e-01
1.4480000000e+01	-4.3750000063e-01	1.1781063278e-01	-5.5531063341e-01
1.4490000000e+01	-4.3750000062e-01	1.1655761796e-01	-5.5405761858e-01
1.4500000000e+01	-4.3750000060e-01	1.1532440819e-01	-5.5282440879e-01
1.4510000000e+01	-4.3750000059e-01	1.1411071724e-01	-5.5161071783e-01
1.4520000000e+01	-4.3750000058e-01	1.1291626597e-01	-5.5041626655e-01
1.4530000000e+01	-4.3750000056e-01	1.1174078211e-01	-5.4924078267e-01
1.4540000000e+01	-4.3750000055e-01	1.1058400006e-01	-5.4808400061e-01
1.4550000000e+01	-4.3750000054e-01	1.0944566073e-01	-5.4694566127e-01
1.4560000000e+01	-4.3750000053e-01	1.0832551134e-01	-5.4582551187e-01
1.4570000000e+01	-4.3750000051e-01	1.0722330528e-01	-5.4472330579e-01
1.4580000000e+01	-4.3750000050e-01	1.0613880189e-01	-5.4363880239e-01
1.4590000000e+01	-4.3750000049e-01	1.0507176636e-01	-5.4257176686e-01
1.4600000000e+01	-4.3750000048e-01	1.0402196954e-01	-5.4152197002e-01
1.4610000000e+01	-4.3750000047e-01	1.0298918780e-01	-5.4048918826e-01
1.4620000000e+01	-4.3750000046e-01	1.0197320286e-01	-5.3947320332e-01
1.4630000000e+01	-4.3750000045e-01	1.0097380172e-01	-5.3847380216e-01
1.4640000000e+01	-4.3750000043e-01	9.9990776445e-02	-5.3749077688e-01
1.4650000000e+01	-4.3750000042e-01	9.9023924087e-02	-5.3652392451e-01
1.4660000000e+01	-4.3750000041e-01	9.8073046538e-02	-5.3557304695e-01
1.4670000000e+01	-4.3750000040e-01	9.7137950413e-02	-5.3463795081e-01
1.4680000000e+01	-4.3750000039e-01	9.6218446935e-02	-5.3371844733e-01
1.4690000000e+01	-4.3750000038e-01	9.5314351818e-02	-5.3281435220e-01
1.4700000000e+01	-4.3750000037e-01	9.4425485158e-02	-5.3192548553e-01
1.4710000000e+01	-4.3750000036e-01	9.3551671328e-02	-5.3105167169e-01
1.4720000000e+01	-4.3750000035e-01	9.2692738874e-02	-5.3019273923e-01
1.4730000000e+01	-4.3750000034e-01	9.1848520415e-02	-5.2934852076e-01
1.4740000000e+01	-4.3750000033e-01	9.1018852549e-02	-5.2851885288e-01
1.4750000000e+01	-4.3750000032e-01	9.0203575756e-02	-5.2770357608e-01
1.4760000000e+01	-4.3750000031e-01	8.9402534314e-02	-5.2690253463e-01
1.4770000000e+01	-4.3750000031e-01	8.8615576206e-02	-5.2611557651e-01
1.4780000000e+01	-4.3750000030e-01	8.7842553037e-02	-5.2534255333e-01
1.4790000000e+01	-4.3750000029e-01	8.7083319955e-02	-5.2458332024e-01
1.4800000000e+01	-4.3750000028e-01	8.6337735570e-02	-5.2383773585e-01
1.4810000000e+01	-4.3750000027e-01	8.5605661877e-02	-5.2310566215e-01
1.4820000000e+01	-4.3750000026e-01	8.4886964180e-02	-5.2238696444e-01
1.4830000000e+01	-4.3750000025e-01	8.4181511028e-02	-5.2168151128e-01
1.4840000000e+01	-4.3750000025e-01	8.3489174135e-02	-5.2098917438e-01
1.4850000000e+01	-4.3750000024e-01	8.2809828320e-02	-5.2030982856e-01
1.4860000000e+01	-4.3750000023e-01	8.2143351441e-02	-5.1964335167e-01
1.4870000000e+01	-4.3750000022e-01	8.1489624329e-02	-5.1898962455e-01
1.4880000000e+01	-4.3750000022e-01	8.0848530728e-02	-5.1834853094e-01
1.4890000000e+01	-4.3750000021e-01	8.0219957238e-02	-5.1771995745e-01
1.4900000000e+01	-4.3750000020e-01	7.9603793255e-02	-5.1710379346e-01
1.4910000000e+01	-4.3750000019e-01	7.8999930918e-02	-5.1649993111e-01
1.4920000000e+01	-4.3750000019e-01	7.8408265052e-02	-5.1590826524e-01
1.4930000000e+01	-4.3750000018e-01	7.7828693119e-02	-5.1532869330e-01
1.4940000000e+01	-4.3750000017e-01	7.7261115167e-02	-5.1476111534e-01
1.4950000000e+01	-4.3750000017e-01	7.6705433779e-02	-5.1420543395e-01
1.4960000000e+01	-4.3750000016e-01	7.6161554031e-02	-5.1366155419e-01
1.4970000000e+01	-4.3750000015e-01	7.5629383438e-02	-5.1312938359e-01
1.4980000000e+01	-4.3750000015e-01	7.5108831917e-02	-5.1260883207e-01
1.4990000000e+01	-4.3750000014e-01	7.4599811744e-02	-5.1209981189e-01
1.5000000000e+01	-4.3750000014e-01	7.4102237506e-02	-5.1160223764e-01
1.5010000000e+01	-4.3750000013e-01	7.3616026069e-02	-5.1111602620e-01
1.5020000000e+01	-4.3750000013e-01	7.3141096531e-02	-5.1064109666e-01
1.5030000000e+01	-4.3750000012e-01	7.2677370193e-02	-5.1017737031e-01
1.5040000000e+01	-4.3750000011e-01	7.2224770516e-02	-5.0972477063e-01
1.5050000000e+01	-4.3750000011e-01	7.1783223089e-02	-5.0928322320e-01
1.5060000000e+01	-4.3750000010e-01	7.1352655594e-02	-5.0885265570e-01
1.5070000000e+01	-4.3750000010e-01	7.0932997773e-02	-5.0843299787e-01
1.5080000000e+01	-4.3750000009e-01	7.0524181399e-02	-5.0802418149e-01
1.5090000000e+01	-4.3750000009e-01	7.0126140240e-02	-5.0762614033e-01
1.5100000000e+01	-4.3750000009e-01	6.9738810034e-02	-5.0723881012e-01
1.5110000000e+01	-4.3750000008e-01	6.9362128460e-02	-5.0686212854e-01
1.5120000000e+01	-4.3750000008e-01	6.8996035106e-02	-5.0649603518e-01
1.5130000000e+01	-4.3750000007e-01	6.8640471449e-02	-5.0614047152e-01
1.5140000000e+01	-4.3750000007e-01	6.8295380825e-02	-5.0579538089e-01
1.5150000000e+01	-4.3750000006e-01	6.7960708403e-02	-5.0546070847e-01
1.5160000000e+01	-4.3750000006e-01	6.7636401167e-02	-5.0513640123e-01
1.5170000000e+01	-4.3750000006e-01	6.7322407886e-02	-5.0482240794e-01
1.5180000000e+01	-4.3750000005e-01	6.7018679097e-02	-5.0451867915e-01
1.5190000000e+01	-4.3750000005e-01	6.6725167083e-02	-5.0422516713e-01
1.5200000000e+01	-4.3750000005e-01	6.6441825849e-02	-5.0394182590e-01
1.5210000000e+01	-4.3750000004e-01	6.6168611108e-02	-5.0366861115e-01
1.5220000000e+01	-4.3750000004e-01	6.5905480257e-02	-5.0340548030e-01
1.5230000000e+01	-4.3750000004e-01	6.5652392361e-02	-5.0315239240e-01
1.5240000000e+01	-4.3750000003e-01	6.5409308139e-02	-5.0290930817e-01
1.5250000000e+01	-4.3750000003e-01	6.5176189939e-02	-5.0267618997e-01
1.5260000000e+01	-4.3750000003e-01	6.4953001734e-02	-5.0245300176e-01
1.5270000000e+01	-4.3750000003e-01	6.4739709095e-02	-5.0223970912e-01
1.5280000000e+01	-4.3750000002e-01	6.4536279185e-02	-5.0203627921e-01
1.5290000000e+01	-4.3750000002e-01	6.4342680742e-02	-5.0184268076e-01
1.5300000000e+01	-4.3750000002e-01	6.4158884067e-02	-5.0165888409e-01
1.5310000000e+01	-4.3750000002e-01	6.3984861011e-02	-5.0148486103e-01
1.5320000000e+01	-4.3750000002e-01	6.3820584964e-02	-5.0132058498e-01
1.5330000000e+01	-4.3750000001e-01	6.3666030841e-02	-5.0116603085e-01
1.5340000000e+01	-4.3750000001e-01	6.3521175080e-02	-5.0102117509e-01
1.5350000000e+01	-4.3750000001e-01	6.3385995621e-02	-5.0088599563e-01
1.5360000000e+01	-4.3750000001e-01	6.3260471906e-02	-5.0076047192e-01
1.5370000000e+01	-4.3750000001e-01	6.3144584868e-02	-5.0064458488e-01
1.5380000000e+01	-4.3750000001e-01	6.3038316920e-02	-5.0053831693e-01
1.5390000000e+01	-4.3750000000e-01	6.2941651953e-02	-5.0044165196e-01
1.5400000000e+01	-4.3750000000e-01	6.2854575325e-02	-5.0035457533e-01
1.5410000000e+01	-4.3750000000e-01	6.2777073857e-02	-5.0027707386e-01
1.5420000000e+01	-4.3750000000e-01	6.2709135830e-02	-5.0020913583e-01
1.5430000000e+01	-4.3750000000e-01	6.2650750975e-02	-5.0015075098e-01
1.5440000000e+01	-4.3750000000e-01	6.2601910473e-02	-5.0010191047e-01
1.5450000000e+01	-4.3750000000e-01	6.2562606951e-02	-5.0006260695e-01
1.5460000000e+01	-4.3750000000e-01	6.2532834476e-02	-5.0003283448e-01
1.5470000000e+01	-4.3750000000e-01	6.2512588558e-02	-5.0001258856e-01
1.5480000000e+01	-4.3750000000e-01	6.2501866141e-02	-5.0000186614e-01
1.5490000000e+01	-4.3750000000e-01	6.2500665609e-02	-5.0000066561e-01
1.5500000000e+01	-4.3750000000e-01	6.2508986781e-02	-5.0000898678e-01
1.5510000000e+01	-4.3750000000e-01	6.2526830911e-02	-5.0002683091e-01
1.5520000000e+01	-4.3750000000e-01	6.2554200692e-02	-5.0005420069e-01
1.5530000000e+01	-4.3750000000e-01	6.2591100252e-02	-5.0009110025e-01
1.5540000000e+01	-4.3750000000e-01	6.2637535160e-02	-5.0013753516e-01
1.5550000000e+01	-4.3750000000e-01	6.2693512425e-02	-5.0019351243e-01
1.5560000000e+01	-4.3750000000e-01	6.2759040503e-02	-5.0025904051e-01
1.5570000000e+01	-4.3750000000e-01	6.2834129295e-02	-5.0033412930e-01
1.5580000000e+01	-4.3750000000e-01	6.2918790154e-02	-5.0041879016e-01
1.5590000000e+01	-4.3750000001e-01	6.3013035892e-02	-5.0051303590e-01
1.5600000000e+01	-4.3750000001e-01	6.3116880779e-02	-5.0061688079e-01
1.5610000000e+01	-4.3750000001e-01	6.3230340556e-02	-5.0073034056e-01
1.5620000000e+01	-4.3750000001e-01	6.3353432435e-02	-5.0085343244e-01
1.5630000000e+01	-4.3750000001e-01	6.3486175109e-02	-5.0098617512e-01
1.5640000000e+01	-4.3750000001e-01	6.3628588762e-02	-5.0112858877e-01
1.5650000000e+01	-4.3750000001e-01	6.3780695070e-02	-5.0128069509e-01
1.5660000000e+01	-4.3750000002e-01	6.3942517219e-02	-5.0144251724e-01
1.5670000000e+01	-4.3750000002e-01	6.4114079908e-02	-5.0161407993e-01
1.5680000000e+01	-4.3750000002e-01	6.4295409360e-02	-5.0179540938e-01
1.5690000000e+01	-4.3750000002e-01	6.4486533336e-02	-5.0198653336e-01
1.5700000000e+01	-4.3750000003e-01	6.4687481143e-02	-5.0218748117e-01
1.5710000000e+01	-4.3750000003e-01	6.4898283648e-02	-5.0239828368e-01
1.5720000000e+01	-4.3750000003e-01	6.5118973289e-02	-5.0261897332e-01
1.5730000000e+01	-4.3750000003e-01	6.5349584092e-02	-5.0284958413e-01
1.5740000000e+01	-4.3750000004e-01	6.5590151681e-02	-5.0309015172e-01
1.5750000000e+01	-4.3750000004e-01	6.5840713295e-02	-5.0334071333e-01
1.5760000000e+01	-4.3750000004e-01	6.6101307803e-02	-5.0360130785e-01
1.5770000000e+01	-4.3750000005e-01	6.6371975723e-02	-5.0387197577e-01
1.5780000000e+01	-4.3750000005e-01	6.6652759233e-02	-5.0415275928e-01
1.5790000000e+01	-4.3750000005e-01	6.6943702196e-02	-5.0444370225e-01
1.5800000000e+01	-4.3750000006e-01	6.7244850173e-02	-5.0474485023e-01
1.5810000000e+01	-4.3750000006e-01	6.7556250445e-02	-5.0505625050e-01
1.5820000000e+01	-4.3750000006e-01	6.7877952035e-02	-5.0537795210e-01
1.5830000000e+01	-4.3750000007e-01	6.8210005723e-02	-5.0571000579e-01
1.5840000000e+01	-4.3750000007e-01	6.8552464074e-02	-5.0605246415e-01
1.5850000000e+01	-4.3750000008e-01	6.8905381459e-02	-5.0640538153e-01
1.5860000000e+01	-4.3750000008e-01	6.9268814078e-02	-5.0676881416e-01
1.5870000000e+01	-4.3750000008e-01	6.9642819982e-02	-5.0714282007e-01
1.5880000000e+01	-4.3750000009e-01	7.0027459104e-02	-5.0752745919e-01
1.5890000000e+01	-4.3750000009e-01	7.0422793283e-02	-5.0792279338e-01
1.5900000000e+01	-4.3750000010e-01	7.0828886287e-02	-5.0832888638e-01
1.5910000000e+01	-4.3750000010e-01	7.1245803848e-02	-5.0874580395e-01
1.5920000000e+01	-4.3750000011e-01	7.1673613689e-02	-5.0917361380e-01
1.5930000000e+01	-4.3750000011e-01	7.2112385552e-02	-5.0961238566e-01
1.5940000000e+01	-4.3750000012e-01	7.2562191232e-02	-5.1006219135e-01
1.5950000000e+01	-4.3750000012e-01	7.3023104609e-02	-5.1052310473e-01
1.5960000000e+01	-4.3750000013e-01	7.3495201683e-02	-5.1099520181e-01
1.5970000000e+01	-4.3750000014e-01	7.3978560605e-02	-5.1147856074e-01
1.5980000000e+01	-4.3750000014e-01	7.4473261717e-02	-5.1197326186e-01
1.5990000000e+01	-4.3750000015e-01	7.4979387587e-02	-5.1247938773e-01
1.6000000000e+01	-4.3750000015e-01	7.5497023049e-02	-5.1299702320e-01
1.6010000000e+01	-4.3750000016e-01	7.6026255241e-02	-5.1352625540e-01
1.6020000000e+01	-4.3750000017e-01	7.6567173649e-02	-5.1406717381e-01
1.6030000000e+01	-4.3750000017e-01	7.7119870144e-02	-5.1461987032e-01
1.6040000000e+01	-4.3750000018e-01	7.7684439034e-02	-5.1518443921e-01
1.6050000000e+01	-4.3750000019e-01	7.8260977102e-02	-5.1576097729e-01
1.6060000000e+01	-4.3750000019e-01	7.8849583655e-02	-5.1634958385e-01
1.6070000000e+01	-4.3750000020e-01	7.9450360577e-02	-5.1695036078e-01
1.6080000000e+01	-4.3750000021e-01	8.0063412370e-02	-5.1756341258e-01
1.6090000000e+01	-4.3750000021e-01	8.0688846215e-02	-5.1818884643e-01
1.6100000000e+01	-4.3750000022e-01	8.1326772017e-02	-5.1882677224e-01
1.6110000000e+01	-4.3750000023e-01	8.1977302469e-02	-5.1947730270e-01
1.6120000000e+01	-4.3750000024e-01	8.2640553098e-02	-5.2014055333e-01
1.6130000000e+01	-4.3750000024e-01	8.3316642333e-02	-5.2081664258e-01
1.6140000000e+01	-4.3750000025e-01	8.4005691562e-02	-5.2150569181e-01
1.6150000000e+01	-4.3750000026e-01	8.4707825194e-02	-5.2220782545e-01
1.6160000000e+01	-4.3750000027e-01	8.5423170723e-02	-5.2292317099e-01
1.6170000000e+01	-4.3750000028e-01	8.6151858799e-02	-5.2365185908e-01
1.6180000000e+01	-4.3750000029e-01	8.6894023290e-02	-5.2439402358e-01
1.6190000000e+01	-4.3750000029e-01	8.7649801361e-02	-5.2514980165e-01
1.6200000000e+01	-4.3750000030e-01	8.8419333541e-02	-5.2591933384e-01
1.6210000000e+01	-4.3750000031e-01	8.9202763802e-02	-5.2670276411e-01
1.6220000000e+01	-4.3750000032e-01	9.0000239637e-02	-5.2750023996e-01
1.6230000000e+01	-4.3750000033e-01	9.0811912142e-02	-5.2831191247e-01
1.6240000000e+01	-4.3750000034e-01	9.1637936098e-02	-5.2913793644e-01
1.6250000000e+01	-4.3750000035e-01	9.2478470058e-02	-5.2997847041e-01
1.6260000000e+01	-4.3750000036e-01	9.3333676436e-02	-5.3083367680e-01
1.6270000000e+01	-4.3750000037e-01	9.4203721601e-02	-5.3170372197e-01
1.6280000000e+01	-4.3750000038e-01	9.5088775971e-02	-5.3258877635e-01
1.6290000000e+01	-4.3750000039e-01	9.5989014110e-02	-5.3348901450e-01
1.6300000000e+01	-4.3750000040e-01	9.6904614835e-02	-5.3440461523e-01
1.6310000000e+01	-4.3750000041e-01	9.7835761316e-02	-5.3533576173e-01
1.6320000000e+01	-4.3750000042e-01	9.8782641187e-02	-5.3628264161e-01
1.6330000000e+01	-4.3750000043e-01	9.9745446660e-02	-5.3724544709e-01
1.6340000000e+01	-4.3750000044e-01	1.0072437464e-01	-5.3822437508e-01
1.6350000000e+01	-4.3750000045e-01	1.0171962685e-01	-5.3921962730e-01
1.6360000000e+01	-4.3750000046e-01	1.0273140994e-01	-5.4023141040e-01
1.6370000000e+01	-4.3750000048e-01	1.0375993563e-01	-5.4125993611e-01
1.6380000000e+01	-4.3750000049e-01	1.0480542086e-01	-5.4230542135e-01
1.6390000000e+01	-4.3750000050e-01	1.0586808789e-01	-5.4336808839e-01
1.6400000000e+01	-4.3750000051e-01	1.0694816446e-01	-5.4444816498e-01
1.6410000000e+01	-4.3750000052e-01	1.0804588396e-01	-5.4554588448e-01
1.6420000000e+01	-4.3750000054e-01	1.0916148553e-01	-5.4666148606e-01
1.6430000000e+01	-4.3750000055e-01	1.1029521428e-01	-5.4779521483e-01
1.6440000000e+01	-4.3750000056e-01	1.1144732142e-01	-5.4894732199e-01
1.6450000000e+01	-4.3750000057e-01	1.1261806444e-01	-5.5011806501e-01
1.6460000000e+01	-4.3750000059e-01	1.1380770726e-01	-5.5130770785e-01
1.6470000000e+01	-4.3750000060e-01	1.1501652046e-01	-5.5251652106e-01
1.6480000000e+01	-4.3750000061e-01	1.1624478143e-01	-5.5374478205e-01
1.6490000000e+01	-4.3750000063e-01	1.1749277460e-01	-5.5499277522e-01
1.6500000000e+01	-4.3750000064e-01	1.1876079160e-01	-5.5626079224e-01
1.6510000000e+01	-4.3750000065e-01	1.2004913150e-01	-5.5754913216e-01
1.6520000000e+01	-4.3750000067e-01	1.2135810105e-01	-5.5885810172e-01
1.6530000000e+01	-4.3750000068e-01	1.2268801486e-01	-5.6018801554e-01
1.6540000000e+01	-4.3750000070e-01	1.2403919565e-01	-5.6153919634e-01
1.6550000000e+01	-4.3750000071e-01	1.2541197451e-01	-5.6291197522e-01
1.6560000000e+01	-4.3750000073e-01	1.2680669117e-01	-5.6430669190e-01
1.6570000000e+01	-4.3750000074e-01	1.2822369420e-01	-5.6572369494e-01
1.6580000000e+01	-4.3750000075e-01	1.2966334136e-01	-5.6716334212e-01
1.6590000000e+01	-4.3750000077e-01	1.3112599982e-01	-5.6862600059e-01
1.6600000000e+01	-4.3750000079e-01	1.3261204650e-01	-5.7011204728e-01
1.6610000000e+01	-4.3750000080e-01	1.3412186835e-01	-5.7162186915e-01
1.6620000000e+01	-4.3750000082e-01	1.3565586270e-01	-5.7315586351e-01
1.6630000000e+01	-4.3750000083e-01	1.3721443755e-01	-5.7471443838e-01
1.6640000000e+01	-4.3750000085e-01	1.3879801196e-01	-5.7629801280e-01
1.6650000000e+01	-4.3750000086e-01	1.4040701637e-01	-5.7790701723e-01
1.6660000000e+01	-4.3750000088e-01	1.4204189300e-01	-5.7954189388e-01
1.6670000000e+01	-4.3750000090e-01	1.4370309624e-01	-5.8120309714e-01
1.6680000000e+01	-4.3750000091e-01	1.4539109304e-01	-5.8289109395e-01
1.6690000000e+01	-4.3750000093e-01	1.4710636332e-01	-5.8460636425e-01
1.6700000000e+01	-4.3750000095e-01	1.4884940046e-01	-5.8634940141e-01
1.6710000000e+01	-4.3750000096e-01	1.5062071172e-01	-5.8812071268e-01
1.6720000000e+01	-4.3750000098e-01	1.5242081870e-01	-5.8992081968e-01
1.6730000000e+01	-4.3750000100e-01	1.5425025789e-01	-5.9175025889e-01
1.6740000000e+01	-4.3750000102e-01	1.5610958115e-01	-5.9360958217e-01
1.6750000000e+01	-4.3750000103e-01	1.5799935628e-01	-5.9549935731e-01
1.6760000000e+01	-4.3750000105e-01	1.5992016754e-01	-5.9742016859e-01
1.6770000000e+01	-4.3750000107e-01	1.6187261630e-01	-5.9937261737e-01
1.6780000000e+01	-4.3750000109e-01	1.6385732160e-01	-6.0135732269e-01
1.6790000000e+01	-4.3750000110e-01	1.6587492085e-01	-6.0337492195e-01
1.6800000000e+01	-4.3750000112e-01	1.6792607044e-01	-6.0542607156e-01
1.6810000000e+01	-4.3750000114e-01	1.7001144649e-01	-6.0751144763e-01
1.6820000000e+01	-4.3750000116e-01	1.7213174559e-01	-6.0963174675e-01
1.6830000000e+01	-4.3750000118e-01	1.7428768553e-01	-6.1178768671e-01
1.6840000000e+01	-4.3750000119e-01	1.7648000612e-01	-6.1398000732e-01
1.6850000000e+01	-4.3750000121e-01	1.7870947005e-01	-6.1620947126e-01
1.6860000000e+01	-4.3750000123e-01	1.8097686375e-01	-6.1847686499e-01
1.6870000000e+01	-4.3750000125e-01	1.8328299834e-01	-6.2078299959e-01
1.6880000000e+01	-4.3750000127e-01	1.8562871054e-01	-6.2312871181e-01
1.6890000000e+01	-4.3750000129e-01	1.8801486377e-01	-6.2551486506e-01
1.6900000000e+01	-4.3750000131e-01	1.9044234914e-01	-6.2794235045e-01
1.6910000000e+01	-4.3750000132e-01	1.9291208661e-01	-6.3041208793e-01
1.6920000000e+01	-4.3750000134e-01	1.9542502612e-01	-6.3292502746e-01
1.6930000000e+01	-4.3750000136e-01	1.9798214886e-01	-6.3548215022e-01
1.6940000000e+01	-4.3750000138e-01	2.0058446855e-01	-6.3808446993e-01
1.6950000000e+01	-4.3750000140e-01	2.0323303277e-01	-6.4073303417e-01
1.6960000000e+01	-4.3750000142e-01	2.0592892443e-01	-6.4342892585e-01
1.6970000000e+01	-4.3750000143e-01	2.0867326322e-01	-6.4617326466e-01
1.6980000000e+01	-4.3750000145e-01	2.1146720724e-01	-6.4896720869e-01
1.6990000000e+01	-4.3750000147e-01	2.1431195460e-01	-6.5181195607e-01
1.7000000000e+01	-4.3750000149e-01	2.1720874523e-01	-6.5470874671e-01
1.7010000000e+01	-4.3750000150e-01	2.2015886267e-01	-6.5765886417e-01
1.7020000000e+01	-4.3750000152e-01	2.2316363605e-01	-6.6066363757e-01
1.7030000000e+01	-4.3750000154e-01	2.2622444211e-01	-6.6372444365e-01
1.7040000000e+01	-4.3750000155e-01	2.2934270737e-01	-6.6684270892e-01
1.7050000000e+01	-4.3750000157e-01	2.3251991041e-01	-6.7001991197e-01
1.7060000000e+01	-4.3750000158e-01	2.3575758426e-01	-6.7325758585e-01
1.7070000000e+01	-4.3750000160e-01	2.3905731899e-01	-6.7655732059e-01
1.7080000000e+01	-4.3750000161e-01	2.4242076433e-01	-6.7992076594e-01
1.7090000000e+01	-4.3750000163e-01	2.4584963257e-01	-6.8334963420e-01
1.7100000000e+01	-4.3750000164e-01	2.4934570154e-01	-6.8684570318e-01
1.7110000000e+01	-4.3750000165e-01	2.5291081780e-01	-6.9041081946e-01
1.7120000000e+01	-4.3750000166e-01	2.5654690004e-01	-6.9404690170e-01
1.7130000000e+01	-4.3750000167e-01	2.6025594261e-01	-6.9775594428e-01
1.7140000000e+01	-4.3750000168e-01	2.6404001936e-01	-7.0154002104e-01
1.7150000000e+01	-4.3750000169e-01	2.6790128765e-01	-7.0540128934e-01
1.7160000000e+01	-4.3750000170e-01	2.7184199263e-01	-7.0934199433e-01
1.7170000000e+01	-4.3750000171e-01	2.7586447177e-01	-7.1336447348e-01
1.7180000000e+01	-4.3750000171e-01	2.7997115975e-01	-7.1747116146e-01
1.7190000000e+01	-4.3750000171e-01	2.8416459352e-01	-7.2166459523e-01
1.7200000000e+01	-4.3750000172e-01	2.8844741784e-01	-7.2594741955e-01
1.7210000000e+01	-4.3750000172e-01	2.9282239109e-01	-7.3032239281e-01
1.7220000000e+01	-4.3750000171e-01	2.9729239150e-01	-7.3479239322e-01
1.7230000000e+01	-4.3750000171e-01	3.0186042378e-01	-7.3936042549e-01
1.7240000000e+01	-4.3750000170e-01	3.0652962620e-01	-7.4402962790e-01
1.7250000000e+01	-4.3750000169e-01	3.1130327817e-01	-7.4880327987e-01
1.7260000000e+01	-4.3750000168e-01	3.1618480835e-01	-7.5368481003e-01
1.7270000000e+01	-4.3750000167e-01	3.2117780328e-01	-7.5867780495e-01
1.7280000000e+01	-4.3750000165e-01	3.2628601668e-01	-7.6378601833e-01
1.7290000000e+01	-4.3750000163e-01	3.3151337941e-01	-7.6901338104e-01
1.7300000000e+01	-4.3750000161e-01	3.3686401010e-01	-7.7436401170e-01
1.7310000000e+01	-4.3750000158e-01	3.4234222662e-01	-7.7984222820e-01
1.7320000000e+01	-4.3750000155e-01	3.4795255840e-01	-7.8545255995e-01
1.7330000000e+01	-4.3750000151e-01	3.5369975965e-01	-7.9119976116e-01
1.7340000000e+01	-4.3750000147e-01	3.5958882359e-01	-7.9708882506e-01
1.7350000000e+01	-4.3750000142e-01	3.6562499784e-01	-8.0312499926e-01
1.7360000000e+01	-4.3750000137e-01	3.7181380094e-01	-8.0931380231e-01
1.7370000000e+01	-4.3750000131e-01	3.7816104022e-01	-8.1566104153e-01
1.7380000000e+01	-4.3750000125e-01	3.8467283111e-01	-8.2217283236e-01
1.7390000000e+01	-4.3750000117e-01	3.9135561806e-01	-8.2885561923e-01
1.7400000000e+01	-4.3750000109e-01	3.9821619707e-01	-8.3571619816e-01
1.7410000000e+01	-4.3750000100e-01	4.0526174030e-01	-8.4276174130e-01
1.7420000000e+01	-4.3750000090e-01	4.1249982257e-01	-8.4999982347e-01
1.7430000000e+01	-4.3750000079e-01	4.1993845033e-01	-8.5743845112e-01
1.7440000000e+01	-4.3750000067e-01	4.2758609301e-01	-8.6508609369e-01
1.7450000000e+01	-4.3750000054e-01	4.3545171729e-01	-8.7295171784e-01
1.7460000000e+01	-4.3750000040e-01	4.4354482436e-01	-8.8104482476e-01
1.7470000000e+01	-4.3750000024e-01	4.5187549062e-01	-8.8937549086e-01
1.7480000000e+01	-4.3750000006e-01	4.6045441218e-01	-8.9795441224e-01
1.7490000000e+01	-4.3749999987e-01	4.6929295354e-01	-9.0679295341e-01
1.7500000000e+01	-4.3749999966e-01	4.7840320092e-01	-9.1590320058e-01
1.7510000000e+01	-4.3749999943e-01	4.8779802078e-01	-9.2529802021e-01
1.7520000000e+01	-4.3749999918e-01	4.9749112412e-01	-9.3499112330e-01
1.7530000000e+01	-4.3749999891e-01	5.0749713725e-01	-9.4499713615e-01
1.7540000000e+01	-4.3749999861e-01	5.1783167974e-01	-9.5533167834e-01
1.7550000000e+01	-4.3749999828e-01	5.2851145047e-01	-9.6601144875e-01
1.7560000000e+01	-4.3749999792e-01	5.3955432274e-01	-9.7705432066e-01
1.7570000000e+01	-4.3749999753e-01	5.5097944954e-01	-9.8847944707e-01
1.7580000000e+01	-4.3749999710e-01	5.6280738030e-01	-1.0003073774e+00
1.7590000000e+01	-4.3749999664e-01	5.7506019056e-01	-1.0125601872e+00
1.7600000000e+01	-4.3749999613e-01	5.8776162621e-01	-1.0252616223e+00
1.7610000000e+01	-4.3749999557e-01	6.0093726429e-01	-1.0384372599e+00
1.7620000000e+01	-4.3749999496e-01	6.1461469244e-01	-1.0521146874e+00
1.7630000000e+01	-4.3749999430e-01	6.2882370968e-01	-1.0663237040e+00
1.7640000000e+01	-4.3749999358e-01	6.4359655130e-01	-1.0810965449e+00
1.7650000000e+01	-4.3749999280e-01	6.5896814140e-01	-1.0964681342e+00
1.7660000000e+01	-4.3749999194e-01	6.7497637679e-01	-1.1124763687e+00
1.7670000000e+01	-4.3749999101e-01	6.9166244700e-01	-1.1291624380e+00
1.7680000000e+01	-4.3749999000e-01	7.0907119545e-01	-1.1465711854e+00
1.7690000000e+01	-4.3749998890e-01	7.2725152797e-01	-1.1647515169e+00
1.7700000000e+01	-4.3749998771e-01	7.4625687569e-01	-1.1837568634e+00
1.7710000000e+01	-4.3749998643e-01	7.6614572056e-01	-1.2036457070e+00
1.7720000000e+01	-4.3749998504e-01	7.8698219292e-01	-1.2244821780e+00
1.7730000000e+01	-4.3749998356e-01	8.0883675228e-01	-1.2463367358e+00
1.7740000000e+01	-4.3749998197e-01	8.3178696397e-01	-1.2692869459e+00
1.7750000000e+01	-4.3749998029e-01	8.5591838647e-01	-1.2934183668e+00
1.7760000000e+01	-4.3749997853e-01	8.8132558644e-01	-1.3188255650e+00
1.7770000000e+01	-4.3749997671e-01	9.0811330051e-01	-1.3456132772e+00
1.7780000000e+01	-4.3749997486e-01	9.3639776584e-01	-1.3738977407e+00
1.7790000000e+01	-4.3749997303e-01	9.6630824357e-01	-1.4038082166e+00
1.7800000000e+01	-4.3749997131e-01	9.9798876131e-01	-1.4354887326e+00
1.7810000000e+01	-4.3749996982e-01	1.0316001020e+00	-1.4691000718e+00
1.7820000000e+01	-4.3749996873e-01	1.0673220657e+00	-1.5048220344e+00
1.7830000000e+01	-4.3749996830e-01	1.1053560276e+00	-1.5428559959e+00
1.7840000000e+01	-4.3749996889e-01	1.1459278040e+00	-1.5834277729e+00
1.7850000000e+01	-4.3749997105e-01	1.1892908223e+00	-1.6267907934e+00
1.7860000000e+01	-4.3749997555e-01	1.2357295517e+00	-1.6732295272e+00
1.7870000000e+01	-4.3749998354e-01	1.2855630962e+00	-1.7230630797e+00
1.7880000000e+01	-4.3749999665e-01	1.3391487468e+00	-1.7766487434e+00
1.7890000000e+01	-4.3750001728e-01	1.3968851255e+00	-1.8343851427e+00
1.7900000000e+01	-4.3750004894e-01	1.4592142872e+00	-1.8967143361e+00
1.7910000000e+01	-4.3750009677e-01	1.5266217187e+00	-1.9641218155e+00
1.7920000000e+01	-4.3750016830e-01	1.5996325110e+00	-2.0371326793e+00
1.7930000000e+01	-4.3750027455e-01	1.6788009591e+00	-2.1163012337e+00
1.7940000000e+01	-4.3750043165e-01	1.7646893234e+00	-2.2021897550e+00
1.7950000000e+01	-4.3750066293e-01	1.8578293011e+00	-2.2953299640e+00
1.7960000000e+01	-4.3750100177e-01	1.9586568363e+00	-2.3961578381e+00
1.7970000000e+01	-4.3750149470e-01	2.0674074306e+00	-2.5049089253e+00
1.7980000000e+01	-4.3750220405e-01	2.1839560729e+00	-2.6214582770e+00
1.7990000000e+01	-4.3750320795e-01	2.3075858431e+00	-2.7450890510e+00
1.8000000000e+01	-4.3750459319e-01	2.4366775625e+00	-2.8741821556e+00
1.8010000000e+01	-4.3750643449e-01	2.5683386289e+00	-3.0058450634e+00
1.8020000000e+01	-4.3750875305e-01	2.6980430039e+00	-3.1355517569e+00
1.8030000000e+01	-4.3751145496e-01	2.8194380610e+00	-3.2569495160e+00
1.8040000000e+01	-4.3751427116e-01	2.9245582370e+00	-3.3620725082e+00
1.8050000000e+01	-4.3751674960e-01	3.0046866643e+00	-3.4422034139e+00
1.8060000000e+01	-4.3751835585e-01	3.0519112256e+00	-3.4894295815e+00
1.8070000000e+01	-4.3751867843e-01	3.0610134493e+00	-3.4985321277e+00
1.8080000000e+01	-4.3751762869e-01	3.0309380554e+00	-3.4684556841e+00
1.8090000000e+01	-4.3751548776e-01	2.9651105359e+00	-3.4026260236e+00
1.8100000000e+01	-4.3751276227e-01	2.8704310319e+00	-3.3079437941e+00
1.8110000000e+01	-4.3750996234e-01	2.7554728907e+00	-3.1929828530e+00
1.8120000000e+01	-4.3750744596e-01	2.6286997808e+00	-3.0662072267e+00
1.8130000000e+01	-4.3750538197e-01	2.4972688477e+00	-2.9347742297e+00
1.8140000000e+01	-4.3750379382e-01	2.3665422781e+00	-2.8040460719e+00
1.8150000000e+01	-4.3750262492e-01	2.2401261160e+00	-2.6776287409e+00
1.8160000000e+01	-4.3750179033e-01	2.1201784701e+00	-2.5576802604e+00
1.8170000000e+01	-4.3750120642e-01	2.0077889661e+00	-2.4452901725e+00
1.8180000000e+01	-4.3750080326e-01	1.9033218761e+00	-2.3408226794e+00
1.8190000000e+01	-4.3750052727e-01	1.8066839801e+00	-2.2441845074e+00
1.8200000000e+01	-4.3750033942e-01	1.7175157490e+00	-2.1550160884e+00
1.8210000000e+01	-4.3750021212e-01	1.6353194660e+00	-2.0728196781e+00
1.8220000000e+01	-4.3750012622e-01	1.5595408135e+00	-1.9970409397e+00
1.8230000000e+01	-4.3750006859e-01	1.4896183208e+00	-1.9271183894e+00
1.8240000000e+01	-4.3750003023e-01	1.4250116108e+00	-1.8625116411e+00
1.8250000000e+01	-4.3750000504e-01	1.3652161499e+00	-1.8027161550e+00
1.8260000000e+01	-4.3749998882e-01	1.3097696851e+00	-1.7472696739e+00
1.8270000000e+01	-4.3749997872e-01	1.2582537422e+00	-1.6957537210e+00
1.8280000000e+01	-4.3749997278e-01	1.2102923286e+00	-1.6477923014e+00
1.8290000000e+01	-4.3749996965e-01	1.1655491686e+00	-1.6030491383e+00
1.8300000000e+01	-4.3749996841e-01	1.1237242811e+00	-1.5612242496e+00
1.8310000000e+01	-4.3749996843e-01	1.0845503720e+00	-1.5220503404e+00
1.8320000000e+01	-4.3749996925e-01	1.0477893109e+00	-1.4852892802e+00
1.8330000000e+01	-4.3749997059e-01	1.0132288335e+00	-1.4507288041e+00
1.8340000000e+01	-4.3749997222e-01	9.8067953278e-01	-1.4181795050e+00
1.8350000000e+01	-4.3749997401e-01	9.4997215975e-01	-1.3874721338e+00
1.8360000000e+01	-4.3749997585e-01	9.2095522790e-01	-1.3584552038e+00
1.8370000000e+01	-4.3749997769e-01	8.9349290147e-01	-1.3309928792e+00
1.8380000000e+01	-4.3749997949e-01	8.6746314286e-01	-1.3049631223e+00
1.8390000000e+01	-4.3749998121e-01	8.4275609158e-01	-1.2802560728e+00
1.8400000000e+01	-4.3749998284e-01	8.1927264801e-01	-1.2567726309e+00
1.8410000000e+01	-4.3749998437e-01	7.9692323660e-01	-1.2344232210e+00
1.8420000000e+01	-4.3749998580e-01	7.7562672575e-01	-1.2131267116e+00
1.8430000000e+01	-4.3749998713e-01	7.5530948397e-01	-1.1928094711e+00
1.8440000000e+01	-4.3749998837e-01	7.3590455404e-01	-1.1734045424e+00
1.8450000000e+01	-4.3749998950e-01	7.1735092987e-01	-1.1548509194e+00
1.8460000000e+01	-4.3749999056e-01	6.9959292199e-01	-1.1370929125e+00
1.8470000000e+01	-4.3749999152e-01	6.8257960007e-01	-1.1200795916e+00
1.8480000000e+01	-4.3749999241e-01	6.6626430235e-01	-1.1037642948e+00
1.8490000000e+01	-4.3749999323e-01	6.5060420291e-01	-1.0881041961e+00
1.8500000000e+01	-4.3749999398e-01	6.3555992957e-01	-1.0730599235e+00
1.8510000000e+01	-4.3749999467e-01	6.2109522552e-01	-1.0585952202e+00
1.8520000000e+01	-4.3749999530e-01	6.0717664948e-01	-1.0446766448e+00
1.8530000000e+01	-4.3749999588e-01	5.9377330916e-01	-1.0312733050e+00
1.8540000000e+01	-4.3749999641e-01	5.8085662409e-01	-1.0183566205e+00
1.8550000000e+01	-4.3749999689e-01	5.6840011413e-01	-1.0059001110e+00
1.8560000000e+01	-4.3749999734e-01	5.5637921054e-01	-9.9387920788e-01
1.8570000000e+01	-4.3749999774e-01	5.4477108683e-01	-9.8227108458e-01
1.8580000000e+01	-4.3749999812e-01	5.3355450720e-01	-9.7105450531e-01
1.8590000000e+01	-4.3749999846e-01	5.2270969031e-01	-9.6020968877e-01
1.8600000000e+01	-4.3749999877e-01	5.1221818686e-01	-9.4971818563e-01
1.8610000000e+01	-4.3749999906e-01	5.0206276911e-01	-9.3956276816e-01
1.8620000000e+01	-4.3749999932e-01	4.9222733129e-01	-9.2972733060e-01
1.8630000000e+01	-4.3749999956e-01	4.8269679948e-01	-9.2019679904e-01
1.8640000000e+01	-4.3749999978e-01	4.7345705005e-01	-9.1095704983e-01
1.8650000000e+01	-4.3749999998e-01	4.6449483569e-01	-9.0199483566e-01
1.8660000000e+01	-4.3750000016e-01	4.5579771818e-01	-8.9329771834e-01
1.8670000000e+01	-4.3750000032e-01	4.4735400735e-01	-8.8485400768e-01
1.8680000000e+01	-4.3750000048e-01	4.3915270537e-01	-8.7665270584e-01
1.8690000000e+01	-4.3750000061e-01	4.3118345599e-01	-8.6868345660e-01
1.8700000000e+01	-4.3750000074e-01	4.2343649821e-01	-8.6093649895e-01
1.8710000000e+01	-4.3750000085e-01	4.1590262384e-01	-8.5340262469e-01
1.8720000000e+01	-4.3750000096e-01	4.0857313872e-01	-8.4607313968e-01
1.8730000000e+01	-4.3750000105e-01	4.0143982709e-01	-8.3893982814e-01
1.8740000000e+01	-4.3750000114e-01	3.9449491894e-01	-8.3199492008e-01
1.8750000000e+01	-4.3750000121e-01	3.8773105998e-01	-8.2523106119e-01
1.8760000000e+01	-4.3750000128e-01	3.8114128401e-01	-8.1864128529e-01
1.8770000000e+01	-4.3750000134e-01	3.7471898749e-01	-8.1221898883e-01
1.8780000000e+01	-4.3750000140e-01	3.6845790605e-01	-8.0595790745e-01
1.8790000000e+01	-4.3750000145e-01	3.6235209285e-01	-7.9985209430e-01
1.8800000000e+01	-4.3750000149e-01	3.5639589856e-01	-7.9389590005e-01
1.8810000000e+01	-4.3750000153e-01	3.5058395284e-01	-7.8808395438e-01
1.8820000000e+01	-4.3750000157e-01	3.4491114721e-01	-7.8241114878e-01
1.8830000000e+01	-4.3750000160e-01	3.3937261913e-01	-7.7687262073e-01
1.8840000000e+01	-4.3750000162e-01	3.3396373729e-01	-7.7146373891e-01
1.8850000000e+01	-4.3750000164e-01	3.2868008790e-01	-7.6618008954e-01
1.8860000000e+01	-4.3750000166e-01	3.2351746197e-01	-7.6101746363e-01
1.8870000000e+01	-4.3750000168e-01	3.1847184348e-01	-7.5597184515e-01
1.8880000000e+01	-4.3750000169e-01	3.1353939835e-01	-7.5103940004e-01
1.8890000000e+01	-4.3750000170e-01	3.0871646419e-01	-7.4621646589e-01
1.8900000000e+01	-4.3750000171e-01	3.0399954068e-01	-7.4149954239e-01
1.8910000000e+01	-4.3750000171e-01	2.9938528067e-01	-7.3688528239e-01
1.8920000000e+01	-4.3750000172e-01	2.9487048182e-01	-7.3237048354e-01
1.8930000000e+01	-4.3750000172e-01	2.9045207876e-01	-7.2795208048e-01
1.8940000000e+01	-4.3750000172e-01	2.8612713584e-01	-7.2362713755e-01
1.8950000000e+01	-4.3750000171e-01	2.8189284023e-01	-7.1939284194e-01
1.8960000000e+01	-4.3750000171e-01	2.7774649556e-01	-7.1524649727e-01
1.8970000000e+01	-4.3750000170e-01	2.7368551589e-01	-7.1118551759e-01
1.8980000000e+01	-4.3750000170e-01	2.6970742006e-01	-7.0720742176e-01
1.8990000000e+01	-4.3750000169e-01	2.6580982644e-01	-7.0330982812e-01
1.9000000000e+01	-4.3750000168e-01	2.6199044789e-01	-6.9949044957e-01
1.9010000000e+01	-4.3750000167e-01	2.5824708715e-01	-6.9574708882e-01
1.9020000000e+01	-4.3750000166e-01	2.5457763240e-01	-6.9207763406e-01
1.9030000000e+01	-4.3750000165e-01	2.5098005313e-01	-6.8848005477e-01
1.9040000000e+01	-4.3750000163e-01	2.4745239623e-01	-6.8495239787e-01
1.9050000000e+01	-4.3750000162e-01	2.4399278235e-01	-6.8149278397e-01
1.9060000000e+01	-4.3750000161e-01	2.4059940238e-01	-6.7809940399e-01
1.9070000000e+01	-4.3750000159e-01	2.3727051422e-01	-6.7477051581e-01
1.9080000000e+01	-4.3750000158e-01	2.3400443965e-01	-6.7150444122e-01
1.9090000000e+01	-4.3750000156e-01	2.3079956146e-01	-6.6829956302e-01
1.9100000000e+01	-4.3750000155e-01	2.2765432065e-01	-6.6515432220e-01
1.9110000000e+01	-4.3750000153e-01	2.2456721387e-01	-6.6206721540e-01
1.9120000000e+01	-4.3750000151e-01	2.2153679088e-01	-6.5903679240e-01
1.9130000000e+01	-4.3750000149e-01	2.1856165228e-01	-6.5606165378e-01
1.9140000000e+01	-4.3750000148e-01	2.1564044727e-01	-6.5314044874e-01
1.9150000000e+01	-4.3750000146e-01	2.1277187152e-01	-6.5027187298e-01
1.9160000000e+01	-4.3750000144e-01	2.0995466526e-01	-6.4745466671e-01
1.9170000000e+01	-4.3750000142e-01	2.0718761132e-01	-6.4468761275e-01
1.9180000000e+01	-4.3750000141e-01	2.0446953338e-01	-6.4196953478e-01
1.9190000000e+01	-4.3750000139e-01	2.0179929423e-01	-6.3929929562e-01
1.9200000000e+01	-4.3750000137e-01	1.9917579422e-01	-6.3667579559e-01
1.9210000000e+01	-4.3750000135e-01	1.9659796965e-01	-6.3409797101e-01
1.9220000000e+01	-4.3750000133e-01	1.9406479139e-01	-6.3156479272e-01
1.9230000000e+01	-4.3750000131e-01	1.9157526341e-01	-6.2907526473e-01
1.9240000000e+01	-4.3750000130e-01	1.8912842153e-01	-6.2662842282e-01
1.9250000000e+01	-4.3750000128e-01	1.8672333211e-01	-6.2422333338e-01
1.9260000000e+01	-4.3750000126e-01	1.8435909089e-01	-6.2185909214e-01
1.9270000000e+01	-4.3750000124e-01	1.8203482183e-01	-6.1953482307e-01
1.9280000000e+01	-4.3750000122e-01	1.7974967603e-01	-6.1724967726e-01
1.9290000000e+01	-4.3750000120e-01	1.7750283070e-01	-6.1500283190e-01
1.9300000000e+01	-4.3750000118e-01	1.7529348814e-01	-6.1279348933e-01
1.9310000000e+01	-4.3750000117e-01	1.7312087484e-01	-6.1062087601e-01
1.9320000000e+01	-4.3750000115e-01	1.7098424055e-01	-6.0848424170e-01
1.9330000000e+01	-4.3750000113e-01	1.6888285742e-01	-6.0638285855e-01
1.9340000000e+01	-4.3750000111e-01	1.6681601920e-01	-6.0431602031e-01
1.9350000000e+01	-4.3750000109e-01	1.6478304044e-01	-6.0228304153e-01
1.9360000000e+01	-4.3750000108e-01	1.6278325573e-01	-6.0028325681e-01
1.9370000000e+01	-4.3750000106e-01	1.6081601900e-01	-5.9831602006e-01
1.9380000000e+01	-4.3750000104e-01	1.5888070283e-01	-5.9638070387e-01
1.9390000000e+01	-4.3750000102e-01	1.5697669779e-01	-5.9447669881e-01
1.9400000000e+01	-4.3750000101e-01	1.5510341179e-01	-5.9260341280e-01
1.9410000000e+01	-4.3750000099e-01	1.5326026953e-01	-5.9076027052e-01
1.9420000000e+01	-4.3750000097e-01	1.5144671187e-01	-5.8894671284e-01
1.9430000000e+01	-4.3750000095e-01	1.4966219531e-01	-5.8716219627e-01
1.9440000000e+01	-4.3750000094e-01	1.4790619144e-01	-5.8540619238e-01
1.9450000000e+01	-4.3750000092e-01	1.4617818646e-01	-5.8367818738e-01
1.9460000000e+01	-4.3750000090e-01	1.4447768064e-01	-5.8197768155e-01
1.9470000000e+01	-4.3750000089e-01	1.4280418793e-01	-5.8030418881e-01
1.9480000000e+01	-4.3750000087e-01	1.4115723543e-01	-5.7865723630e-01
1.9490000000e+01	-4.3750000085e-01	1.3953636304e-01	-5.7703636389e-01
1.9500000000e+01	-4.3750000084e-01	1.3794112296e-01	-5.7544112380e-01
1.9510000000e+01	-4.3750000082e-01	1.3637107938e-01	-5.7387108021e-01
1.9520000000e+01	-4.3750000081e-01	1.3482580804e-01	-5.7232580885e-01
1.9530000000e+01	-4.3750000079e-01	1.3330489589e-01	-5.7080489668e-01
1.9540000000e+01	-4.3750000078e-01	1.3180794071e-01	-5.6930794149e-01
1.9550000000e+01	-4.3750000076e-01	1.3033455083e-01	-5.6783455159e-01
1.9560000000e+01	-4.3750000075e-01	1.2888434472e-01	-5.6638434547e-01
1.9570000000e+01	-4.3750000073e-01	1.2745695077e-01	-5.6495695150e-01
1.9580000000e+01	-4.3750000072e-01	1.2605200691e-01	-5.6355200763e-01
1.9590000000e+01	-4.3750000070e-01	1.2466916038e-01	-5.6216916108e-01
1.9600000000e+01	-4.3750000069e-01	1.2330806740e-01	-5.6080806809e-01
1.9610000000e+01	-4.3750000067e-01	1.2196839294e-01	-5.5946839361e-01
1.9620000000e+01	-4.3750000066e-01	1.2064981045e-01	-5.5814981111e-01
1.9630000000e+01	-4.3750000065e-01	1.1935200160e-01	-5.5685200225e-01
1.9640000000e+01	-4.3750000063e-01	1.1807465606e-01	-5.5557465669e-01
1.9650000000e+01	-4.3750000062e-01	1.1681747125e-01	-5.5431747187e-01
1.9660000000e+01	-4.3750000061e-01	1.1558015213e-01	-5.5308015274e-01
1.9670000000e+01	-4.3750000059e-01	1.1436241098e-01	-5.5186241157e-01
1.9680000000e+01	-4.3750000058e-01	1.1316396719e-01	-5.5066396777e-01
1.9690000000e+01	-4.3750000057e-01	1.1198454707e-01	-5.4948454763e-01
1.9700000000e+01	-4.3750000055e-01	1.1082388364e-01	-5.4832388420e-01
1.9710000000e+01	-4.3750000054e-01	1.0968171648e-01	-5.4718171703e-01
1.9720000000e+01	-4.3750000053e-01	1.0855779151e-01	-5.4605779204e-01
1.9730000000e+01	-4.3750000052e-01	1.0745186083e-01	-5.4495186134e-01
1.9740000000e+01	-4.3750000050e-01	1.0636368256e-01	-5.4386368306e-01
1.9750000000e+01	-4.3750000049e-01	1.0529302068e-01	-5.4279302117e-01
1.9760000000e+01	-4.3750000048e-01	1.0423964487e-01	-5.4173964535e-01
1.9770000000e+01	-4.3750000047e-01	1.0320333035e-01	-5.4070333082e-01
1.9780000000e+01	-4.3750000046e-01	1.0218385776e-01	-5.3968385822e-01
1.9790000000e+01	-4.3750000045e-01	1.0118101300e-01	-5.3868101345e-01
1.9800000000e+01	-4.3750000044e-01	1.0019458708e-01	-5.3769458752e-01
1.9810000000e+01	-4.3750000043e-01	9.9224376027e-02	-5.3672437645e-01
1.9820000000e+01	-4.3750000041e-01	9.8270180734e-02	-5.3577018115e-01
1.9830000000e+01	-4.3750000040e-01	9.7331806840e-02	-5.3483180724e-01
1.9840000000e+01	-4.3750000039e-01	9.6409064615e-02	-5.3390906501e-01
1.9850000000e+01	-4.3750000038e-01	9.5501768844e-02	-5.3300176923e-01
1.9860000000e+01	-4.3750000037e-01	9.4609738720e-02	-5.3210973909e-01
1.9870000000e+01	-4.3750000036e-01	9.3732797730e-02	-5.3123279809e-01
1.9880000000e+01	-4.3750000035e-01	9.2870773558e-02	-5.3037077391e-01
1.9890000000e+01	-4.3750000034e-01	9.2023497981e-02	-5.2952349833e-01
1.9900000000e+01	-4.3750000033e-01	9.1190806774e-02	-5.2869080711e-01
1.9910000000e+01	-4.3750000033e-01	9.0372539616e-02	-5.2787253994e-01
1.9920000000e+01	-4.3750000032e-01	8.9568539998e-02	-5.2706854031e-01
1.9930000000e+01	-4.3750000031e-01	8.8778655137e-02	-5.2627865544e-01
1.9940000000e+01	-4.3750000030e-01	8.8002735889e-02	-5.2550273619e-01
1.9950000000e+01	-4.3750000029e-01	8.7240636671e-02	-5.2474063696e-01
1.9960000000e+01	-4.3750000028e-01	8.6492215374e-02	-5.2399221565e-01
1.9970000000e+01	-4.3750000027e-01	8.5757333293e-02	-5.2325733357e-01
1.9980000000e+01	-4.3750000026e-01	8.5035855051e-02	-5.2253585531e-01
1.9990000000e+01	-4.3750000026e-01	8.4327648522e-02	-5.2182764878e-01
2.0000000000e+01	-4.3750000025e-01	8.3632584766e-02	-5.2113258501e-01
2.0010000000e+01	-4.3750000024e-01	8.2950537960e-02	-5.2045053820e-01
2.0020000000e+01	-4.3750000023e-01	8.2281385333e-02	-5.1978138557e-01
2.0030000000e+01	-4.3750000022e-01	8.1625007100e-02	-5.1912500732e-01
2.0040000000e+01	-4.3750000022e-01	8.0981286403e-02	-5.1848128662e-01
2.0050000000e+01	-4.3750000021e-01	8.0350109250e-02	-5.1785010946e-01
2.0060000000e+01	-4.3750000020e-01	7.9731364458e-02	-5.1723136466e-01
2.0070000000e+01	-4.3750000020e-01	7.9124943599e-02	-5.1662494379e-01
2.0080000000e+01	-4.3750000019e-01	7.8530740940e-02	-5.1603074113e-01
2.0090000000e+01	-4.3750000018e-01	7.7948653399e-02	-5.1544865358e-01
2.0100000000e+01	-4.3750000017e-01	7.7378580488e-02	-5.1487858066e-01
2.0110000000e+01	-4.3750000017e-01	7.6820424264e-02	-5.1432042443e-01
2.0120000000e+01	-4.3750000016e-01	7.6274089286e-02	-5.1377408945e-01
2.0130000000e+01	-4.3750000016e-01	7.5739482565e-02	-5.1323948272e-01
2.0140000000e+01	-4.3750000015e-01	7.5216513520e-02	-5.1271651367e-01
2.0150000000e+01	-4.3750000014e-01	7.4705093938e-02	-5.1220509408e-01
2.0160000000e+01	-4.3750000014e-01	7.4205137928e-02	-5.1170513807e-01
2.0170000000e+01	-4.3750000013e-01	7.3716561881e-02	-5.1121656201e-01
2.0180000000e+01	-4.3750000013e-01	7.3239284435e-02	-5.1073928456e-01
2.0190000000e+01	-4.3750000012e-01	7.2773226434e-02	-5.1027322655e-01
2.0200000000e+01	-4.3750000012e-01	7.2318310890e-02	-5.0981831101e-01
2.0210000000e+01	-4.3750000011e-01	7.1874462951e-02	-5.0937446306e-01
2.0220000000e+01	-4.3750000011e-01	7.1441609865e-02	-5.0894160997e-01
2.0230000000e+01	-4.3750000010e-01	7.1019680948e-02	-5.0851968105e-01
2.0240000000e+01	-4.3750000010e-01	7.0608607550e-02	-5.0810860765e-01
2.0250000000e+01	-4.3750000009e-01	7.0208323026e-02	-5.0770832312e-01
2.0260000000e+01	-4.3750000009e-01	6.9818762705e-02	-5.0731876279e-01
2.0270000000e+01	-4.3750000008e-01	6.9439863863e-02	-5.0693986394e-01
2.0280000000e+01	-4.3750000008e-01	6.9071565692e-02	-5.0657156577e-01
2.0290000000e+01	-4.3750000007e-01	6.8713809278e-02	-5.0621380935e-01
2.0300000000e+01	-4.3750000007e-01	6.8366537569e-02	-5.0586653764e-01
2.0310000000e+01	-4.3750000007e-01	6.8029695355e-02	-5.0552969542e-01
2.0320000000e+01	-4.3750000006e-01	6.7703229243e-02	-5.0520322930e-01
2.0330000000e+01	-4.3750000006e-01	6.7387087631e-02	-5.0488708769e-01
2.0340000000e+01	-4.3750000005e-01	6.7081220689e-02	-5.0458122074e-01
2.0350000000e+01	-4.3750000005e-01	6.6785580337e-02	-5.0428558039e-01
2.0360000000e+01	-4.3750000005e-01	6.6500120224e-02	-5.0400012027e-01
2.0370000000e+01	-4.3750000004e-01	6.6224795705e-02	-5.0372479575e-01
2.0380000000e+01	-4.3750000004e-01	6.5959563829e-02	-5.0345956387e-01
2.0390000000e+01	-4.3750000004e-01	6.5704383314e-02	-5.0320438335e-01
2.0400000000e+01	-4.3750000003e-01	6.5459214535e-02	-5.0295921457e-01
2.0410000000e+01	-4.3750000003e-01	6.5224019502e-02	-5.0272401953e-01
2.0420000000e+01	-4.3750000003e-01	6.4998761850e-02	-5.0249876188e-01
2.0430000000e+01	-4.3750000003e-01	6.4783406817e-02	-5.0228340684e-01
2.0440000000e+01	-4.3750000002e-01	6.4577921236e-02	-5.0207792126e-01
2.0450000000e+01	-4.3750000002e-01	6.4382273517e-02	-5.0188227354e-01
2.0460000000e+01	-4.3750000002e-01	6.4196433635e-02	-5.0169643365e-01
2.0470000000e+01	-4.3750000002e-01	6.4020373119e-02	-5.0152037314e-01
2.0480000000e+01	-4.3750000002e-01	6.3854065039e-02	-5.0135406505e-01
2.0490000000e+01	-4.3750000001e-01	6.3697483993e-02	-5.0119748401e-01
2.0500000000e+01	-4.3750000001e-01	6.3550606100e-02	-5.0105060611e-01
2.0510000000e+01	-4.3750000001e-01	6.3413408990e-02	-5.0091340900e-01
2.0520000000e+01	-4.3750000001e-01	6.3285871791e-02	-5.0078587180e-01
2.0530000000e+01	-4.3750000001e-01	6.3167975126e-02	-5.0066797513e-01
2.0540000000e+01	-4.3750000001e-01	6.3059701099e-02	-5.0055970110e-01
2.0550000000e+01	-4.3750000000e-01	6.2961033292e-02	-5.0046103330e-01
2.0560000000e+01	-4.3750000000e-01	6.2871956760e-02	-5.0037195676e-01
2.0570000000e+01	-4.3750000000e-01	6.2792458018e-02	-5.0029245802e-01
2.0580000000e+01	-4.3750000000e-01	6.2722525042e-02	-5.0022252504e-01
2.0590000000e+01	-4.3750000000e-01	6.2662147261e-02	-5.0016214726e-01
2.0600000000e+01	-4.3750000000e-01	6.2611315555e-02	-5.0011131556e-01
2.0610000000e+01	-4.3750000000e-01	6.2570022248e-02	-5.0007002225e-01
2.0620000000e+01	-4.3750000000e-01	6.2538261108e-02	-5.0003826111e-01
2.0630000000e+01	-4.3750000000e-01	6.2516027342e-02	-5.0001602734e-01
2.0640000000e+01	-4.3750000000e-01	6.2503317597e-02	-5.0000331760e-01
2.0650000000e+01	-4.3750000000e-01	6.2500129955e-02	-5.0000012995e-01
2.0660000000e+01	-4.3750000000e-01	6.2506463937e-02	-5.0000646394e-01
2.0670000000e+01	-4.3750000000e-01	6.2522320496e-02	-5.0002232050e-01
2.0680000000e+01	-4.3750000000e-01	6.2547702026e-02	-5.0004770203e-01
2.0690000000e+01	-4.3750000000e-01	6.2582612354e-02	-5.0008261235e-01
2.0700000000e+01	-4.3750000000e-01	6.2627056749e-02	-5.0012705675e-01
2.0710000000e+01	-4.3750000000e-01	6.2681041920e-02	-5.0018104192e-01
2.0720000000e+01	-4.3750000000e-01	6.2744576019e-02	-5.0024457602e-01
2.0730000000e+01	-4.3750000000e-01	6.2817668645e-02	-5.0031766865e-01
2.0740000000e+01	-4.3750000000e-01	6.2900330850e-02	-5.0040033085e-01
2.0750000000e+01	-4.3750000001e-01	6.2992575139e-02	-5.0049257514e-01
2.0760000000e+01	-4.3750000001e-01	6.3094415479e-02	-5.0059441549e-01
2.0770000000e+01	-4.3750000001e-01	6.3205867302e-02	-5.0070586731e-01
2.0780000000e+01	-4.3750000001e-01	6.3326947512e-02	-5.0082694752e-01
2.0790000000e+01	-4.3750000001e-01	6.3457674495e-02	-5.0095767451e-01
2.0800000000e+01	-4.3750000001e-01	6.3598068120e-02	-5.0109806813e-01
2.0810000000e+01	-4.3750000001e-01	6.3748149753e-02	-5.0124814977e-01
2.0820000000e+01	-4.3750000002e-01	6.3907942263e-02	-5.0140794228e-01
2.0830000000e+01	-4.3750000002e-01	6.4077470033e-02	-5.0157747005e-01
2.0840000000e+01	-4.3750000002e-01	6.4256758967e-02	-5.0175675899e-01
2.0850000000e+01	-4.3750000002e-01	6.4445836503e-02	-5.0194583653e-01
2.0860000000e+01	-4.3750000002e-01	6.4644731627e-02	-5.0214473165e-01
2.0870000000e+01	-4.3750000003e-01	6.4853474877e-02	-5.0235347490e-01
2.0880000000e+01	-4.3750000003e-01	6.5072098363e-02	-5.0257209839e-01
2.0890000000e+01	-4.3750000003e-01	6.5300635778e-02	-5.0280063581e-01
2.0900000000e+01	-4.3750000004e-01	6.5539122412e-02	-5.0303912245e-01
2.0910000000e+01	-4.3750000004e-01	6.5787595165e-02	-5.0328759520e-01
2.0920000000e+01	-4.3750000004e-01	6.6046092565e-02	-5.0354609261e-01
2.0930000000e+01	-4.3750000004e-01	6.6314654785e-02	-5.0381465483e-01
2.0940000000e+01	-4.3750000005e-01	6.6593323653e-02	-5.0409332370e-01
2.0950000000e+01	-4.3750000005e-01	6.6882142681e-02	-5.0438214273e-01
2.0960000000e+01	-4.3750000005e-01	6.7181157074e-02	-5.0468115713e-01
2.0970000000e+01	-4.3750000006e-01	6.7490413751e-02	-5.0499041381e-01
2.0980000000e+01	-4.3750000006e-01	6.7809961370e-02	-5.0530996143e-01
2.0990000000e+01	-4.3750000007e-01	6.8139850343e-02	-5.0563985041e-01
2.1000000000e+01	-4.3750000007e-01	6.8480132862e-02	-5.0598013293e-01
2.1010000000e+01	-4.3750000007e-01	6.8830862917e-02	-5.0633086299e-01
2.1020000000e+01	-4.3750000008e-01	6.9192096324e-02	-5.0669209640e-01
2.1030000000e+01	-4.3750000008e-01	6.9563890748e-02	-5.0706389083e-01
2.1040000000e+01	-4.3750000009e-01	6.9946305726e-02	-5.0744630581e-01
2.1050000000e+01	-4.3750000009e-01	7.0339402696e-02	-5.0783940279e-01
2.1060000000e+01	-4.3750000010e-01	7.0743245022e-02	-5.0824324512e-01
2.1070000000e+01	-4.3750000010e-01	7.1157898025e-02	-5.0865789813e-01
2.1080000000e+01	-4.3750000011e-01	7.1583429007e-02	-5.0908342911e-01
2.1090000000e+01	-4.3750000011e-01	7.2019907289e-02	-5.0951990740e-01
2.1100000000e+01	-4.3750000012e-01	7.2467404233e-02	-5.0996740435e-01
2.1110000000e+01	-4.3750000012e-01	7.2925993282e-02	-5.1042599340e-01
2.1120000000e+01	-4.3750000013e-01	7.3395749991e-02	-5.1089575012e-01
2.1130000000e+01	-4.3750000013e-01	7.3876752058e-02	-5.1137675219e-01
2.1140000000e+01	-4.3750000014e-01	7.4369079365e-02	-5.1186907950e-01
2.1150000000e+01	-4.3750000015e-01	7.4872814013e-02	-5.1237281416e-01
2.1160000000e+01	-4.3750000015e-01	7.5388040360e-02	-5.1288804051e-01
2.1170000000e+01	-4.3750000016e-01	7.5914845060e-02	-5.1341484522e-01
2.1180000000e+01	-4.3750000016e-01	7.6453317103e-02	-5.1395331727e-01
2.1190000000e+01	-4.3750000017e-01	7.7003547862e-02	-5.1450354803e-01
2.1200000000e+01	-4.3750000018e-01	7.7565631131e-02	-5.1506563131e-01
2.1210000000e+01	-4.3750000018e-01	7.8139663172e-02	-5.1563966336e-01
2.1220000000e+01	-4.3750000019e-01	7.8725742764e-02	-5.1622574295e-01
2.1230000000e+01	-4.3750000020e-01	7.9323971246e-02	-5.1682397144e-01
2.1240000000e+01	-4.3750000020e-01	7.9934452572e-02	-5.1743445278e-01
2.1250000000e+01	-4.3750000021e-01	8.0557293357e-02	-5.1805729357e-01
2.1260000000e+01	-4.3750000022e-01	8.1192602936e-02	-5.1869260316e-01
2.1270000000e+01	-4.3750000023e-01	8.1840493413e-02	-5.1934049364e-01
2.1280000000e+01	-4.3750000023e-01	8.2501079720e-02	-5.2000107995e-01
2.1290000000e+01	-4.3750000024e-01	8.3174479675e-02	-5.2067447992e-01
2.1300000000e+01	-4.3750000025e-01	8.3860814044e-02	-5.2136081429e-01
2.1310000000e+01	-4.3750000026e-01	8.4560206599e-02	-5.2206020686e-01
2.1320000000e+01	-4.3750000027e-01	8.5272784186e-02	-5.2277278445e-01
2.1330000000e+01	-4.3750000027e-01	8.5998676790e-02	-5.2349867706e-01
2.1340000000e+01	-4.3750000028e-01	8.6738017602e-02	-5.2423801789e-01
2.1350000000e+01	-4.3750000029e-01	8.7490943092e-02	-5.2499094338e-01
2.1360000000e+01	-4.3750000030e-01	8.8257593082e-02	-5.2575759338e-01
2.1370000000e+01	-4.3750000031e-01	8.9038110819e-02	-5.2653811113e-01
2.1380000000e+01	-4.3750000032e-01	8.9832643055e-02	-5.2733264337e-01
2.1390000000e+01	-4.3750000033e-01	9.0641340126e-02	-5.2814134045e-01
2.1400000000e+01	-4.3750000034e-01	9.1464356037e-02	-5.2896435637e-01
2.1410000000e+01	-4.3750000035e-01	9.2301848547e-02	-5.2980184889e-01
2.1420000000e+01	-4.3750000036e-01	9.3153979256e-02	-5.3065397961e-01
2.1430000000e+01	-4.3750000037e-01	9.4020913701e-02	-5.3152091407e-01
2.1440000000e+01	-4.3750000038e-01	9.4902821446e-02	-5.3240282182e-01
2.1450000000e+01	-4.3750000039e-01	9.5799876183e-02	-5.3329987657e-01
2.1460000000e+01	-4.3750000040e-01	9.6712255830e-02	-5.3421225623e-01
2.1470000000e+01	-4.3750000041e-01	9.7640142642e-02	-5.3514014305e-01
2.1480000000e+01	-4.3750000042e-01	9.8583723313e-02	-5.3608372373e-01
2.1490000000e+01	-4.3750000043e-01	9.9543189087e-02	-5.3704318952e-01
2.1500000000e+01	-4.3750000044e-01	1.0051873588e-01	-5.3801873632e-01
2.1510000000e+01	-4.3750000045e-01	1.0151056440e-01	-5.3901056485e-01
2.1520000000e+01	-4.3750000046e-01	1.0251888026e-01	-5.4001888073e-01
2.1530000000e+01	-4.3750000047e-01	1.0354389412e-01	-5.4104389459e-01
2.1540000000e+01	-4.3750000049e-01	1.0458582180e-01	-5.4208582229e-01
2.1550000000e+01	-4.3750000050e-01	1.0564488445e-01	-5.4314488495e-01
2.1560000000e+01	-4.3750000051e-01	1.0672130865e-01	-5.4422130916e-01
2.1570000000e+01	-4.3750000052e-01	1.0781532660e-01	-5.4531532712e-01
2.1580000000e+01	-4.3750000053e-01	1.0892717623e-01	-5.4642717676e-01
2.1590000000e+01	-4.3750000055e-01	1.1005710139e-01	-5.4755710193e-01
2.1600000000e+01	-4.3750000056e-01	1.1120535200e-01	-5.4870535256e-01
2.1610000000e+01	-4.3750000057e-01	1.1237218422e-01	-5.4987218479e-01
2.1620000000e+01	-4.3750000058e-01	1.1355786062e-01	-5.5105786120e-01
2.1630000000e+01	-4.3750000060e-01	1.1476265038e-01	-5.5226265097e-01
2.1640000000e+01	-4.3750000061e-01	1.1598682944e-01	-5.5348683005e-01
2.1650000000e+01	-4.3750000062e-01	1.1723068076e-01	-5.5473068138e-01
2.1660000000e+01	-4.3750000064e-01	1.1849449443e-01	-5.5599449507e-01
2.1670000000e+01	-4.3750000065e-01	1.1977856798e-01	-5.5727856863e-01
2.1680000000e+01	-4.3750000066e-01	1.2108320650e-01	-5.5858320717e-01
2.1690000000e+01	-4.3750000068e-01	1.2240872297e-01	-5.5990872364e-01
2.1700000000e+01	-4.3750000069e-01	1.2375543838e-01	-5.6125543907e-01
2.1710000000e+01	-4.3750000071e-01	1.2512368207e-01	-5.6262368278e-01
2.1720000000e+01	-4.3750000072e-01	1.2651379193e-01	-5.6401379265e-01
2.1730000000e+01	-4.3750000074e-01	1.2792611467e-01	-5.6542611541e-01
2.1740000000e+01	-4.3750000075e-01	1.2936100611e-01	-5.6686100686e-01
2.1750000000e+01	-4.3750000077e-01	1.3081883142e-01	-5.6831883219e-01
2.1760000000e+01	-4.3750000078e-01	1.3229996548e-01	-5.6979996626e-01
2.1770000000e+01	-4.3750000080e-01	1.3380479311e-01	-5.7130479390e-01
2.1780000000e+01	-4.3750000081e-01	1.3533370944e-01	-5.7283371025e-01
2.1790000000e+01	-4.3750000083e-01	1.3688712023e-01	-5.7438712106e-01
2.1800000000e+01	-4.3750000084e-01	1.3846544219e-01	-5.7596544303e-01
2.1810000000e+01	-4.3750000086e-01	1.4006910336e-01	-5.7756910422e-01
2.1820000000e+01	-4.3750000088e-01	1.4169854348e-01	-5.7919854435e-01
2.1830000000e+01	-4.3750000089e-01	1.4335421435e-01	-5.8085421524e-01
2.1840000000e+01	-4.3750000091e-01	1.4503658026e-01	-5.8253658117e-01
2.1850000000e+01	-4.3750000093e-01	1.4674611842e-01	-5.8424611934e-01
2.1860000000e+01	-4.3750000094e-01	1.4848331933e-01	-5.8598332027e-01
2.1870000000e+01	-4.3750000096e-01	1.5024868733e-01	-5.8774868829e-01
2.1880000000e+01	-4.3750000098e-01	1.5204274098e-01	-5.8954274196e-01
2.1890000000e+01	-4.3750000099e-01	1.5386601363e-01	-5.9136601462e-01
2.1900000000e+01	-4.3750000101e-01	1.5571905388e-01	-5.9321905490e-01
2.1910000000e+01	-4.3750000103e-01	1.5760242616e-01	-5.9510242719e-01
2.1920000000e+01	-4.3750000105e-01	1.5951671125e-01	-5.9701671230e-01
2.1930000000e+01	-4.3750000106e-01	1.6146250690e-01	-5.9896250796e-01
2.1940000000e+01	-4.3750000108e-01	1.6344042840e-01	-6.0094042948e-01
2.1950000000e+01	-4.3750000110e-01	1.6545110928e-01	-6.0295111038e-01
2.1960000000e+01	-4.3750000112e-01	1.6749520191e-01	-6.0499520303e-01
2.1970000000e+01	-4.3750000114e-01	1.6957337824e-01	-6.0707337938e-01
2.1980000000e+01	-4.3750000115e-01	1.7168633052e-01	-6.0918633167e-01
2.1990000000e+01	-4.3750000117e-01	1.7383477204e-01	-6.1133477321e-01
2.2000000000e+01	-4.3750000119e-01	1.7601943795e-01	-6.1351943915e-01
2.2010000000e+01	-4.3750000121e-01	1.7824108611e-01	-6.1574108732e-01
2.2020000000e+01	-4.3750000123e-01	1.8050049791e-01	-6.1800049914e-01
2.2030000000e+01	-4.3750000125e-01	1.8279847923e-01	-6.2029848048e-01
2.2040000000e+01	-4.3750000126e-01	1.8513586139e-01	-6.2263586265e-01
2.2050000000e+01	-4.3750000128e-01	1.8751350212e-01	-6.2501350341e-01
2.2060000000e+01	-4.3750000130e-01	1.8993228669e-01	-6.2743228799e-01
2.2070000000e+01	-4.3750000132e-01	1.9239312892e-01	-6.2989313024e-01
2.2080000000e+01	-4.3750000134e-01	1.9489697241e-01	-6.3239697375e-01
2.2090000000e+01	-4.3750000136e-01	1.9744479172e-01	-6.3494479307e-01
2.2100000000e+01	-4.3750000138e-01	2.0003759366e-01	-6.3753759504e-01
2.2110000000e+01	-4.3750000139e-01	2.0267641865e-01	-6.4017642005e-01
2.2120000000e+01	-4.3750000141e-01	2.0536234209e-01	-6.4286234350e-01
2.2130000000e+01	-4.3750000143e-01	2.0809647587e-01	-6.4559647730e-01
2.2140000000e+01	-4.3750000145e-01	2.1087996994e-01	-6.4837997139e-01
2.2150000000e+01	-4.3750000147e-01	2.1371401392e-01	-6.5121401539e-01
2.2160000000e+01	-4.3750000148e-01	2.1659983886e-01	-6.5409984034e-01
2.2170000000e+01	-4.3750000150e-01	2.1953871905e-01	-6.5703872055e-01
2.2180000000e+01	-4.3750000152e-01	2.2253197393e-01	-6.6003197545e-01
2.2190000000e+01	-4.3750000153e-01	2.2558097013e-01	-6.6308097167e-01
2.2200000000e+01	-4.3750000155e-01	2.2868712361e-01	-6.6618712516e-01
2.2210000000e+01	-4.3750000157e-01	2.3185190188e-01	-6.6935190344e-01
2.2220000000e+01	-4.3750000158e-01	2.3507682640e-01	-6.7257682798e-01
2.2230000000e+01	-4.3750000160e-01	2.3836347513e-01	-6.7586347672e-01
2.2240000000e+01	-4.3750000161e-01	2.4171348510e-01	-6.7921348671e-01
2.2250000000e+01	-4.3750000162e-01	2.4512855532e-01	-6.8262855695e-01
2.2260000000e+01	-4.3750000164e-01	2.4861044968e-01	-6.8611045132e-01
2.2270000000e+01	-4.3750000165e-01	2.5216100013e-01	-6.8966100178e-01
2.2280000000e+01	-4.3750000166e-01	2.5578211000e-01	-6.9328211166e-01
2.2290000000e+01	-4.3750000167e-01	2.5947575756e-01	-6.9697575923e-01
2.2300000000e+01	-4.3750000168e-01	2.6324399973e-01	-7.0074400141e-01
2.2310000000e+01	-4.3750000169e-01	2.6708897612e-01	-7.0458897781e-01
2.2320000000e+01	-4.3750000170e-01	2.7101291316e-01	-7.0851291486e-01
2.2330000000e+01	-4.3750000170e-01	2.7501812871e-01	-7.1251813041e-01
2.2340000000e+01	-4.3750000171e-01	2.7910703670e-01	-7.1660703841e-01
2.2350000000e+01	-4.3750000171e-01	2.8328215232e-01	-7.2078215404e-01
2.2360000000e+01	-4.3750000172e-01	2.8754609737e-01	-7.2504609908e-01
2.2370000000e+01	-4.3750000172e-01	2.9190160600e-01	-7.2940160772e-01
2.2380000000e+01	-4.3750000171e-01	2.9635153090e-01	-7.3385153262e-01
2.2390000000e+01	-4.3750000171e-01	3.0089884982e-01	-7.3839885153e-01
2.2400000000e+01	-4.3750000170e-01	3.0554667253e-01	-7.4304667424e-01
2.2410000000e+01	-4.3750000170e-01	3.1029824836e-01	-7.4779825006e-01
2.2420000000e+01	-4.3750000169e-01	3.1515697411e-01	-7.5265697580e-01
2.2430000000e+01	-4.3750000167e-01	3.2012640263e-01	-7.5762640430e-01
2.2440000000e+01	-4.3750000166e-01	3.2521025196e-01	-7.6271025361e-01
2.2450000000e+01	-4.3750000164e-01	3.3041241512e-01	-7.6791241676e-01
2.2460000000e+01	-4.3750000161e-01	3.3573697064e-01	-7.7323697225e-01
2.2470000000e+01	-4.3750000159e-01	3.4118819383e-01	-7.7868819542e-01
2.2480000000e+01	-4.3750000155e-01	3.4677056891e-01	-7.8427057047e-01
2.2490000000e+01	-4.3750000152e-01	3.5248880203e-01	-7.8998880354e-01
2.2500000000e+01	-4.3750000148e-01	3.5834783530e-01	-7.9584783678e-01
2.2510000000e+01	-4.3750000143e-01	3.6435286192e-01	-8.0185286336e-01
2.2520000000e+01	-4.3750000138e-01	3.7050934247e-01	-8.0800934385e-01
2.2530000000e+01	-4.3750000132e-01	3.7682302246e-01	-8.1432302379e-01
2.2540000000e+01	-4.3750000126e-01	3.8329995136e-01	-8.2079995262e-01
2.2550000000e+01	-4.3750000119e-01	3.8994650314e-01	-8.2744650433e-01
2.2560000000e+01	-4.3750000111e-01	3.9676939847e-01	-8.3426939958e-01
2.2570000000e+01	-4.3750000102e-01	4.0377572890e-01	-8.4127572992e-01
2.2580000000e+01	-4.3750000092e-01	4.1097298289e-01	-8.4847298382e-01
2.2590000000e+01	-4.3750000082e-01	4.1836907432e-01	-8.5586907514e-01
2.2600000000e+01	-4.3750000070e-01	4.2597237327e-01	-8.6347237397e-01
2.2610000000e+01	-4.3750000057e-01	4.3379173967e-01	-8.7129174024e-01
2.2620000000e+01	-4.3750000043e-01	4.4183655991e-01	-8.7933656034e-01
2.2630000000e+01	-4.3750000027e-01	4.5011678682e-01	-8.8761678709e-01
2.2640000000e+01	-4.3750000010e-01	4.5864298329e-01	-8.9614298339e-01
2.2650000000e+01	-4.3749999991e-01	4.6742637011e-01	-9.0492637002e-01
2.2660000000e+01	-4.3749999971e-01	4.7647887821e-01	-9.1397887792e-01
2.2670000000e+01	-4.3749999948e-01	4.8581320611e-01	-9.2331320559e-01
2.2680000000e+01	-4.3749999923e-01	4.9544288296e-01	-9.3294288219e-01
2.2690000000e+01	-4.3749999896e-01	5.0538233784e-01	-9.4288233681e-01
2.2700000000e+01	-4.3749999867e-01	5.1564697623e-01	-9.5314697490e-01
2.2710000000e+01	-4.3749999835e-01	5.2625326422e-01	-9.6375326257e-01
2.2720000000e+01	-4.3749999800e-01	5.3721882167e-01	-9.7471881967e-01
2.2730000000e+01	-4.3749999761e-01	5.4856252528e-01	-9.8606252289e-01
2.2740000000e+01	-4.3749999719e-01	5.6030462278e-01	-9.9780461997e-01
2.2750000000e+01	-4.3749999674e-01	5.7246685982e-01	-1.0099668566e+00
2.2760000000e+01	-4.3749999624e-01	5.8507262103e-01	-1.0225726173e+00
2.2770000000e+01	-4.3749999569e-01	5.9814708710e-01	-1.0356470828e+00
2.2780000000e+01	-4.3749999510e-01	6.1171741026e-01	-1.0492174054e+00
2.2790000000e+01	-4.3749999445e-01	6.2581291030e-01	-1.0633129047e+00
2.2800000000e+01	-4.3749999374e-01	6.4046529419e-01	-1.0779652879e+00
2.2810000000e+01	-4.3749999297e-01	6.5570890255e-01	-1.0932088955e+00
2.2820000000e+01	-4.3749999213e-01	6.7158098666e-01	-1.1090809788e+00
2.2830000000e+01	-4.3749999121e-01	6.8812202051e-01	-1.1256220117e+00
2.2840000000e+01	-4.3749999022e-01	7.0537605290e-01	-1.1428760431e+00
2.2850000000e+01	-4.3749998914e-01	7.2339110556e-01	-1.1608910947e+00
2.2860000000e+01	-4.3749998797e-01	7.4221962404e-01	-1.1797196120e+00
2.2870000000e+01	-4.3749998670e-01	7.6191898941e-01	-1.1994189761e+00
2.2880000000e+01	-4.3749998534e-01	7.8255209996e-01	-1.2200520853e+00
2.2890000000e+01	-4.3749998387e-01	8.0418803359e-01	-1.2416880175e+00
2.2900000000e+01	-4.3749998231e-01	8.2690280332e-01	-1.2644027856e+00
2.2910000000e+01	-4.3749998065e-01	8.5078022024e-01	-1.2882802009e+00
2.2920000000e+01	-4.3749997890e-01	8.7591288028e-01	-1.3134128592e+00
2.2930000000e+01	-4.3749997709e-01	9.0240329373e-01	-1.3399032708e+00
2.2940000000e+01	-4.3749997524e-01	9.3036517867e-01	-1.3678651539e+00
2.2950000000e+01	-4.3749997341e-01	9.5992494202e-01	-1.3974249154e+00
2.2960000000e+01	-4.3749997166e-01	9.9122337404e-01	-1.4287233457e+00
2.2970000000e+01	-4.3749997011e-01	1.0244175836e+00	-1.4619175537e+00
2.2980000000e+01	-4.3749996891e-01	1.0596832010e+00	-1.4971831699e+00
2.2990000000e+01	-4.3749996832e-01	1.0972168723e+00	-1.5347168407e+00
2.3000000000e+01	-4.3749996866e-01	1.1372390614e+00	-1.5747390301e+00
2.3010000000e+01	-4.3749997043e-01	1.1799971575e+00	-1.6174971279e+00
2.3020000000e+01	-4.3749997437e-01	1.2257688581e+00	-1.6632688324e+00
2.3030000000e+01	-4.3749998151e-01	1.2748657403e+00	-1.7123657218e+00
2.3040000000e+01	-4.3749999338e-01	1.3276368452e+00	-1.7651368386e+00
2.3050000000e+01	-4.3750001220e-01	1.3844719487e+00	-1.8219719609e+00
2.3060000000e+01	-4.3750004120e-01	1.4458039510e+00	-1.8833039922e+00
2.3070000000e+01	-4.3750008513e-01	1.5121094309e+00	-1.9496095160e+00
2.3080000000e+01	-4.3750015093e-01	1.5839058024e+00	-2.0214059533e+00
2.3090000000e+01	-4.3750024881e-01	1.6617425795e+00	-2.0992428283e+00
2.3100000000e+01	-4.3750039364e-01	1.7461828482e+00	-2.1836832418e+00
2.3110000000e+01	-4.3750060707e-01	1.8377690122e+00	-2.2752696192e+00
2.3120000000e+01	-4.3750092010e-01	1.9369641085e+00	-2.3744650286e+00
2.3130000000e+01	-4.3750137628e-01	2.0440565921e+00	-2.4815579684e+00
2.3140000000e+01	-4.3750203450e-01	2.1590132161e+00	-2.5965152506e+00
2.3150000000e+01	-4.3750296985e-01	2.2812636169e+00	-2.7187665868e+00
2.3160000000e+01	-4.3750426847e-01	2.4094061543e+00	-2.8469104227e+00
2.3170000000e+01	-4.3750601025e-01	2.5408457757e+00	-2.9783517860e+00
2.3180000000e+01	-4.3750823211e-01	2.6714219504e+00	-3.1089301825e+00
2.3190000000e+01	-4.3751086975e-01	2.7951631784e+00	-3.2326740481e+00
2.3200000000e+01	-4.3751369400e-01	2.9043936519e+00	-3.3419073459e+00
2.3210000000e+01	-4.3751628687e-01	2.9904456779e+00	-3.4279619648e+00
2.3220000000e+01	-4.3751811672e-01	3.0450849476e+00	-3.4826030643e+00
2.3230000000e+01	-4.3751872732e-01	3.0623826735e+00	-3.4999014009e+00
2.3240000000e+01	-4.3751795199e-01	3.0403426308e+00	-3.4778605828e+00
2.3250000000e+01	-4.3751600116e-01	2.9814981488e+00	-3.4190141499e+00
2.3260000000e+01	-4.3751335257e-01	2.8921586352e+00	-3.3296719878e+00
2.3270000000e+01	-4.3751053226e-01	2.7807073850e+00	-3.2182179173e+00
2.3280000000e+01	-4.3750793679e-01	2.6557539208e+00	-3.0932618575e+00
2.3290000000e+01	-4.3750577259e-01	2.5247904997e+00	-2.9622962723e+00
2.3300000000e+01	-4.3750408806e-01	2.3935643121e+00	-2.8310684001e+00
2.3310000000e+01	-4.3750283832e-01	2.2660278562e+00	-2.7035306945e+00
2.3320000000e+01	-4.3750194119e-01	2.1446102889e+00	-2.5821122300e+00
2.3330000000e+01	-4.3750131127e-01	2.0305937518e+00	-2.4680950631e+00
2.3340000000e+01	-4.3750087535e-01	1.9244690905e+00	-2.3619699658e+00
2.3350000000e+01	-4.3750057648e-01	1.8262203781e+00	-2.2637209546e+00
2.3360000000e+01	-4.3750037285e-01	1.7355312360e+00	-2.1730316089e+00
2.3370000000e+01	-4.3750023473e-01	1.6519247377e+00	-2.0894249724e+00
2.3380000000e+01	-4.3750014145e-01	1.5748534118e+00	-2.0123535532e+00
2.3390000000e+01	-4.3750007877e-01	1.5037543770e+00	-1.9412544558e+00
2.3400000000e+01	-4.3750003698e-01	1.4380812787e+00	-1.8755813157e+00
2.3410000000e+01	-4.3750000944e-01	1.3773213549e+00	-1.8148213644e+00
2.3420000000e+01	-4.3749999162e-01	1.3210032794e+00	-1.7585032710e+00
2.3430000000e+01	-4.3749998043e-01	1.2686994799e+00	-1.7061994603e+00
2.3440000000e+01	-4.3749997374e-01	1.2200252922e+00	-1.6575252659e+00
2.3450000000e+01	-4.3749997012e-01	1.1746364214e+00	-1.6121363915e+00
2.3460000000e+01	-4.3749996855e-01	1.1322256088e+00	-1.5697255773e+00
2.3470000000e+01	-4.3749996835e-01	1.0925190349e+00	-1.5300190033e+00
2.3480000000e+01	-4.3749996903e-01	1.0552727644e+00	-1.4927727334e+00
2.3490000000e+01	-4.3749997028e-01	1.0202693932e+00	-1.4577693635e+00
2.3500000000e+01	-4.3749997186e-01	9.8731497741e-01	-1.4248149493e+00
2.3510000000e+01	-4.3749997363e-01	9.5623626879e-01	-1.3937362424e+00
2.3520000000e+01	-4.3749997547e-01	9.2687825737e-01	-1.3643782328e+00
2.3530000000e+01	-4.3749997731e-01	8.9910200233e-01	-1.3366019796e+00
2.3540000000e+01	-4.3749997912e-01	8.7278272759e-01	-1.3102827067e+00
2.3550000000e+01	-4.3749998086e-01	8.4780815474e-01	-1.2853081356e+00
2.3560000000e+01	-4.3749998251e-01	8.2407704615e-01	-1.2615770287e+00
2.3570000000e+01	-4.3749998406e-01	8.0149793269e-01	-1.2389979168e+00
2.3580000000e+01	-4.3749998551e-01	7.7998800278e-01	-1.2174879883e+00
2.3590000000e+01	-4.3749998686e-01	7.5947213151e-01	-1.1969721184e+00
2.3600000000e+01	-4.3749998812e-01	7.3988203172e-01	-1.1773820198e+00
2.3610000000e+01	-4.3749998927e-01	7.2115551049e-01	-1.1586554998e+00
2.3620000000e+01	-4.3749999034e-01	7.0323581721e-01	-1.1407358075e+00
2.3630000000e+01	-4.3749999133e-01	6.8607107095e-01	-1.1235710623e+00
2.3640000000e+01	-4.3749999223e-01	6.6961375666e-01	-1.1071137489e+00
2.3650000000e+01	-4.3749999306e-01	6.5382028102e-01	-1.0913202741e+00
2.3660000000e+01	-4.3749999383e-01	6.3865058037e-01	-1.0761505742e+00
2.3670000000e+01	-4.3749999453e-01	6.2406777372e-01	-1.0615677682e+00
2.3680000000e+01	-4.3749999517e-01	6.1003785523e-01	-1.0475378504e+00
2.3690000000e+01	-4.3749999576e-01	5.9652942116e-01	-1.0340294169e+00
2.3700000000e+01	-4.3749999630e-01	5.8351342685e-01	-1.0210134231e+00
2.3710000000e+01	-4.3749999679e-01	5.7096297013e-01	-1.0084629669e+00
2.3720000000e+01	-4.3749999725e-01	5.5885309795e-01	-9.9635309519e-01
2.3730000000e+01	-4.3749999766e-01	5.4716063328e-01	-9.8466063094e-01
2.3740000000e+01	-4.3749999804e-01	5.3586402009e-01	-9.7336401813e-01
2.3750000000e+01	-4.3749999839e-01	5.2494318404e-01	-9.6244318243e-01
2.3760000000e+01	-4.3749999871e-01	5.1437940734e-01	-9.5187940605e-01
2.3770000000e+01	-4.3749999900e-01	5.0415521588e-01	-9.4165521488e-01
2.3780000000e+01	-4.3749999927e-01	4.9425427749e-01	-9.3175427675e-01
2.3790000000e+01	-4.3749999951e-01	4.8466130990e-01	-9.2216130941e-01
2.3800000000e+01	-4.3749999973e-01	4.7536199752e-01	-9.1286199725e-01
2.3810000000e+01	-4.3749999993e-01	4.6634291590e-01	-9.0384291584e-01
2.3820000000e+01	-4.3750000012e-01	4.5759146323e-01	-8.9509146335e-01
2.3830000000e+01	-4.3750000029e-01	4.4909579797e-01	-8.8659579826e-01
2.3840000000e+01	-4.3750000044e-01	4.4084478215e-01	-8.7834478260e-01
2.3850000000e+01	-4.3750000059e-01	4.3282792961e-01	-8.7032793020e-01
2.3860000000e+01	-4.3750000071e-01	4.2503535874e-01	-8.6253535946e-01
2.3870000000e+01	-4.3750000083e-01	4.1745774931e-01	-8.5495775014e-01
2.3880000000e+01	-4.3750000094e-01	4.1008630291e-01	-8.4758630385e-01
2.3890000000e+01	-4.3750000103e-01	4.0291270675e-01	-8.4041270778e-01
2.3900000000e+01	-4.3750000112e-01	3.9592910033e-01	-8.3342910145e-01
2.3910000000e+01	-4.3750000120e-01	3.8912804499e-01	-8.2662804618e-01
2.3920000000e+01	-4.3750000127e-01	3.8250249568e-01	-8.2000249695e-01
2.3930000000e+01	-4.3750000133e-01	3.7604577520e-01	-8.1354577653e-01
2.3940000000e+01	-4.3750000139e-01	3.6975155022e-01	-8.0725155161e-01
2.3950000000e+01	-4.3750000144e-01	3.6361380936e-01	-8.0111381079e-01
2.3960000000e+01	-4.3750000148e-01	3.5762684276e-01	-7.9512684424e-01
2.3970000000e+01	-4.3750000152e-01	3.5178522333e-01	-7.8928522485e-01
2.3980000000e+01	-4.3750000156e-01	3.4608378928e-01	-7.8358379084e-01
2.3990000000e+01	-4.3750000159e-01	3.4051762800e-01	-7.7801762959e-01
2.4000000000e+01	-4.3750000162e-01	3.3508206109e-01	-7.7258206271e-01
2.4010000000e+01	-4.3750000164e-01	3.2977263045e-01	-7.6727263209e-01
2.4020000000e+01	-4.3750000166e-01	3.2458508535e-01	-7.6208508701e-01
2.4030000000e+01	-4.3750000167e-01	3.1951537044e-01	-7.5701537212e-01
2.4040000000e+01	-4.3750000169e-01	3.1455961454e-01	-7.5205961623e-01
2.4050000000e+01	-4.3750000170e-01	3.0971412024e-01	-7.4721412193e-01
2.4060000000e+01	-4.3750000171e-01	3.0497535415e-01	-7.4247535586e-01
2.4070000000e+01	-4.3750000171e-01	3.0033993787e-01	-7.3783993959e-01
2.4080000000e+01	-4.3750000171e-01	2.9580463950e-01	-7.3330464122e-01
2.4090000000e+01	-4.3750000172e-01	2.9136636571e-01	-7.2886636743e-01
2.4100000000e+01	-4.3750000172e-01	2.8702215434e-01	-7.2452215606e-01
2.4110000000e+01	-4.3750000171e-01	2.8276916749e-01	-7.2026916920e-01
2.4120000000e+01	-4.3750000171e-01	2.7860468499e-01	-7.1610468670e-01
2.4130000000e+01	-4.3750000170e-01	2.7452609832e-01	-7.1202610002e-01
2.4140000000e+01	-4.3750000170e-01	2.7053090492e-01	-7.0803090661e-01
2.4150000000e+01	-4.3750000169e-01	2.6661670278e-01	-7.0411670447e-01
2.4160000000e+01	-4.3750000168e-01	2.6278118547e-01	-7.0028118715e-01
2.4170000000e+01	-4.3750000167e-01	2.5902213733e-01	-6.9652213900e-01
2.4180000000e+01	-4.3750000166e-01	2.5533742906e-01	-6.9283743072e-01
2.4190000000e+01	-4.3750000165e-01	2.5172501350e-01	-6.8922501515e-01
2.4200000000e+01	-4.3750000164e-01	2.4818292172e-01	-6.8568292335e-01
2.4210000000e+01	-4.3750000162e-01	2.4470925925e-01	-6.8220926087e-01
2.4220000000e+01	-4.3750000161e-01	2.4130220260e-01	-6.7880220421e-01
2.4230000000e+01	-4.3750000159e-01	2.3795999595e-01	-6.7545999755e-01
2.4240000000e+01	-4.3750000158e-01	2.3468094801e-01	-6.7218094959e-01
2.4250000000e+01	-4.3750000156e-01	2.3146342904e-01	-6.6896343061e-01
2.4260000000e+01	-4.3750000155e-01	2.2830586815e-01	-6.6580586970e-01
2.4270000000e+01	-4.3750000153e-01	2.2520675055e-01	-6.6270675208e-01
2.4280000000e+01	-4.3750000152e-01	2.2216461513e-01	-6.5966461665e-01
2.4290000000e+01	-4.3750000150e-01	2.1917805206e-01	-6.5667805356e-01
2.4300000000e+01	-4.3750000148e-01	2.1624570058e-01	-6.5374570206e-01
2.4310000000e+01	-4.3750000146e-01	2.1336624683e-01	-6.5086624829e-01
2.4320000000e+01	-4.3750000145e-01	2.1053842189e-01	-6.4803842334e-01
2.4330000000e+01	-4.3750000143e-01	2.0776099986e-01	-6.4526100129e-01
2.4340000000e+01	-4.3750000141e-01	2.0503279603e-01	-6.4253279744e-01
2.4350000000e+01	-4.3750000139e-01	2.0235266518e-01	-6.3985266657e-01
2.4360000000e+01	-4.3750000137e-01	1.9971949994e-01	-6.3721950131e-01
2.4370000000e+01	-4.3750000136e-01	1.9713222923e-01	-6.3463223058e-01
2.4380000000e+01	-4.3750000134e-01	1.9458981682e-01	-6.3208981815e-01
2.4390000000e+01	-4.3750000132e-01	1.9209125988e-01	-6.2959126120e-01
2.4400000000e+01	-4.3750000130e-01	1.8963558770e-01	-6.2713558900e-01
2.4410000000e+01	-4.3750000128e-01	1.8722186036e-01	-6.2472186165e-01
2.4420000000e+01	-4.3750000126e-01	1.8484916758e-01	-6.2234916884e-01
2.4430000000e+01	-4.3750000124e-01	1.8251662750e-01	-6.2001662874e-01
2.4440000000e+01	-4.3750000123e-01	1.8022338566e-01	-6.1772338688e-01
2.4450000000e+01	-4.3750000121e-01	1.7796861389e-01	-6.1546861509e-01
2.4460000000e+01	-4.3750000119e-01	1.7575150934e-01	-6.1325151053e-01
2.4470000000e+01	-4.3750000117e-01	1.7357129352e-01	-6.1107129469e-01
2.4480000000e+01	-4.3750000115e-01	1.7142721141e-01	-6.0892721257e-01
2.4490000000e+01	-4.3750000113e-01	1.6931853056e-01	-6.0681853169e-01
2.4500000000e+01	-4.3750000112e-01	1.6724454026e-01	-6.0474454137e-01
2.4510000000e+01	-4.3750000110e-01	1.6520455079e-01	-6.0270455188e-01
2.4520000000e+01	-4.3750000108e-01	1.6319789261e-01	-6.0069789369e-01
2.4530000000e+01	-4.3750000106e-01	1.6122391569e-01	-5.9872391675e-01
2.4540000000e+01	-4.3750000104e-01	1.5928198876e-01	-5.9678198981e-01
2.4550000000e+01	-4.3750000103e-01	1.5737149869e-01	-5.9487149972e-01
2.4560000000e+01	-4.3750000101e-01	1.5549184983e-01	-5.9299185084e-01
2.4570000000e+01	-4.3750000099e-01	1.5364246341e-01	-5.9114246440e-01
2.4580000000e+01	-4.3750000097e-01	1.5182277698e-01	-5.8932277795e-01
2.4590000000e+01	-4.3750000096e-01	1.5003224380e-01	-5.8753224476e-01
2.4600000000e+01	-4.3750000094e-01	1.4827033237e-01	-5.8577033331e-01
2.4610000000e+01	-4.3750000092e-01	1.4653652588e-01	-5.8403652680e-01
2.4620000000e+01	-4.3750000091e-01	1.4483032170e-01	-5.8233032260e-01
2.4630000000e+01	-4.3750000089e-01	1.4315123095e-01	-5.8065123184e-01
2.4640000000e+01	-4.3750000087e-01	1.4149877805e-01	-5.7899877892e-01
2.4650000000e+01	-4.3750000086e-01	1.3987250024e-01	-5.7737250110e-01
2.4660000000e+01	-4.3750000084e-01	1.3827194720e-01	-5.7577194804e-01
2.4670000000e+01	-4.3750000083e-01	1.3669668064e-01	-5.7419668147e-01
2.4680000000e+01	-4.3750000081e-01	1.3514627393e-01	-5.7264627474e-01
2.4690000000e+01	-4.3750000080e-01	1.3362031169e-01	-5.7112031249e-01
2.4700000000e+01	-4.3750000078e-01	1.3211838949e-01	-5.6961839027e-01
2.4710000000e+01	-4.3750000076e-01	1.3064011348e-01	-5.6814011424e-01
2.4720000000e+01	-4.3750000075e-01	1.2918510004e-01	-5.6668510079e-01
2.4730000000e+01	-4.3750000073e-01	1.2775297551e-01	-5.6525297624e-01
2.4740000000e+01	-4.3750000072e-01	1.2634337586e-01	-5.6384337658e-01
2.4750000000e+01	-4.3750000071e-01	1.2495594640e-01	-5.6245594710e-01
2.4760000000e+01	-4.3750000069e-01	1.2359034150e-01	-5.6109034219e-01
2.4770000000e+01	-4.3750000068e-01	1.2224622434e-01	-5.5974622502e-01
2.4780000000e+01	-4.3750000066e-01	1.2092326661e-01	-5.5842326727e-01
2.4790000000e+01	-4.3750000065e-01	1.1962114829e-01	-5.5712114894e-01
2.4800000000e+01	-4.3750000064e-01	1.1833955739e-01	-5.5583955803e-01
2.4810000000e+01	-4.3750000062e-01	1.1707818974e-01	-5.5457819036e-01
2.4820000000e+01	-4.3750000061e-01	1.1583674874e-01	-5.5333674935e-01
2.4830000000e+01	-4.3750000060e-01	1.1461494517e-01	-5.5211494576e-01
2.4840000000e+01	-4.3750000058e-01	1.1341249693e-01	-5.5091249752e-01
2.4850000000e+01	-4.3750000057e-01	1.1222912893e-01	-5.4972912950e-01
2.4860000000e+01	-4.3750000056e-01	1.1106457279e-01	-5.4856457335e-01
2.4870000000e+01	-4.3750000054e-01	1.0991856673e-01	-5.4741856728e-01
2.4880000000e+01	-4.3750000053e-01	1.0879085537e-01	-5.4629085591e-01
2.4890000000e+01	-4.3750000052e-01	1.0768118954e-01	-5.4518119006e-01
2.4900000000e+01	-4.3750000051e-01	1.0658932610e-01	-5.4408932661e-01
2.4910000000e+01	-4.3750000050e-01	1.0551502784e-01	-5.4301502834e-01
2.4920000000e+01	-4.3750000048e-01	1.0445806325e-01	-5.4195806374e-01
2.4930000000e+01	-4.3750000047e-01	1.0341820642e-01	-5.4091820689e-01
2.4940000000e+01	-4.3750000046e-01	1.0239523685e-01	-5.3989523731e-01
2.4950000000e+01	-4.3750000045e-01	1.0138893936e-01	-5.3888893981e-01
2.4960000000e+01	-4.3750000044e-01	1.0039910391e-01	-5.3789910435e-01
2.4970000000e+01	-4.3750000043e-01	9.9425525497e-02	-5.3692552592e-01
2.4980000000e+01	-4.3750000042e-01	9.8468003995e-02	-5.3596800441e-01
2.4990000000e+01	-4.3750000041e-01	9.7526344068e-02	-5.3502634447e-01
2.5000000000e+01	-4.3750000040e-01	9.6600355030e-02	-5.3410035543e-01
2.5010000000e+01	-4.3750000039e-01	9.5689850732e-02	-5.3318985112e-01
2.5020000000e+01	-4.3750000038e-01	9.4794649456e-02	-5.3229464983e-01
2.5030000000e+01	-4.3750000037e-01	9.3914573801e-02	-5.3141457417e-01
2.5040000000e+01	-4.3750000036e-01	9.3049450585e-02	-5.3054945094e-01
2.5050000000e+01	-4.3750000035e-01	9.2199110738e-02	-5.2969911108e-01
2.5060000000e+01	-4.3750000034e-01	9.1363389208e-02	-5.2886338954e-01
2.5070000000e+01	-4.3750000033e-01	9.0542124868e-02	-5.2804212519e-01
2.5080000000e+01	-4.3750000032e-01	8.9735160420e-02	-5.2723516074e-01
2.5090000000e+01	-4.3750000031e-01	8.8942342310e-02	-5.2644234262e-01
2.5100000000e+01	-4.3750000030e-01	8.8163520643e-02	-5.2566352094e-01
2.5110000000e+01	-4.3750000029e-01	8.7398549098e-02	-5.2489854939e-01
2.5120000000e+01	-4.3750000028e-01	8.6647284849e-02	-5.2414728513e-01
2.5130000000e+01	-4.3750000027e-01	8.5909588486e-02	-5.2340958876e-01
2.5140000000e+01	-4.3750000027e-01	8.5185323943e-02	-5.2268532421e-01
2.5150000000e+01	-4.3750000026e-01	8.4474358421e-02	-5.2197435868e-01
2.5160000000e+01	-4.3750000025e-01	8.3776562323e-02	-5.2127656257e-01
2.5170000000e+01	-4.3750000024e-01	8.3091809180e-02	-5.2059180942e-01
2.5180000000e+01	-4.3750000023e-01	8.2419975588e-02	-5.1991997582e-01
2.5190000000e+01	-4.3750000023e-01	8.1760941144e-02	-5.1926094137e-01
2.5200000000e+01	-4.3750000022e-01	8.1114588386e-02	-5.1861458860e-01
2.5210000000e+01	-4.3750000021e-01	8.0480802728e-02	-5.1798080294e-01
2.5220000000e+01	-4.3750000020e-01	7.9859472405e-02	-5.1735947261e-01
2.5230000000e+01	-4.3750000020e-01	7.9250488419e-02	-5.1675048862e-01
2.5240000000e+01	-4.3750000019e-01	7.8653744479e-02	-5.1615374467e-01
2.5250000000e+01	-4.3750000018e-01	7.8069136953e-02	-5.1556913714e-01
2.5260000000e+01	-4.3750000018e-01	7.7496564816e-02	-5.1499656499e-01
2.5270000000e+01	-4.3750000017e-01	7.6935929599e-02	-5.1443592977e-01
2.5280000000e+01	-4.3750000016e-01	7.6387135342e-02	-5.1388713550e-01
2.5290000000e+01	-4.3750000016e-01	7.5850088548e-02	-5.1335008870e-01
2.5300000000e+01	-4.3750000015e-01	7.5324698137e-02	-5.1282469829e-01
2.5310000000e+01	-4.3750000014e-01	7.4810875406e-02	-5.1231087555e-01
2.5320000000e+01	-4.3750000014e-01	7.4308533981e-02	-5.1180853412e-01
2.5330000000e+01	-4.3750000013e-01	7.3817589782e-02	-5.1131758992e-01
2.5340000000e+01	-4.3750000013e-01	7.3337960981e-02	-5.1083796111e-01
2.5350000000e+01	-4.3750000012e-01	7.2869567963e-02	-5.1036956808e-01
2.5360000000e+01	-4.3750000012e-01	7.2412333292e-02	-5.0991233341e-01
2.5370000000e+01	-4.3750000011e-01	7.1966181673e-02	-5.0946618178e-01
2.5380000000e+01	-4.3750000011e-01	7.1531039918e-02	-5.0903104002e-01
2.5390000000e+01	-4.3750000010e-01	7.1106836914e-02	-5.0860683702e-01
2.5400000000e+01	-4.3750000010e-01	7.0693503590e-02	-5.0819350369e-01
2.5410000000e+01	-4.3750000009e-01	7.0290972884e-02	-5.0779097298e-01
2.5420000000e+01	-4.3750000009e-01	6.9899179716e-02	-5.0739917980e-01
2.5430000000e+01	-4.3750000008e-01	6.9518060958e-02	-5.0701806104e-01
2.5440000000e+01	-4.3750000008e-01	6.9147555405e-02	-5.0664755548e-01
2.5450000000e+01	-4.3750000007e-01	6.8787603748e-02	-5.0628760382e-01
2.5460000000e+01	-4.3750000007e-01	6.8438148550e-02	-5.0593814862e-01
2.5470000000e+01	-4.3750000007e-01	6.8099134219e-02	-5.0559913429e-01
2.5480000000e+01	-4.3750000006e-01	6.7770506984e-02	-5.0527050705e-01
2.5490000000e+01	-4.3750000006e-01	6.7452214870e-02	-5.0495221493e-01
2.5500000000e+01	-4.3750000005e-01	6.7144207682e-02	-5.0464420774e-01
2.5510000000e+01	-4.3750000005e-01	6.6846436973e-02	-5.0434643702e-01
2.5520000000e+01	-4.3750000005e-01	6.6558856035e-02	-5.0405885608e-01
2.5530000000e+01	-4.3750000004e-01	6.6281419868e-02	-5.0378141991e-01
2.5540000000e+01	-4.3750000004e-01	6.6014085169e-02	-5.0351408521e-01
2.5550000000e+01	-4.3750000004e-01	6.5756810309e-02	-5.0325681035e-01
2.5560000000e+01	-4.3750000004e-01	6.5509555319e-02	-5.0300955535e-01
2.5570000000e+01	-4.3750000003e-01	6.5272281870e-02	-5.0277228190e-01
2.5580000000e+01	-4.3750000003e-01	6.5044953256e-02	-5.0254495329e-01
2.5590000000e+01	-4.3750000003e-01	6.4827534385e-02	-5.0232753441e-01
2.5600000000e+01	-4.3750000002e-01	6.4619991757e-02	-5.0211999178e-01
2.5610000000e+01	-4.3750000002e-01	6.4422293454e-02	-5.0192229348e-01
2.5620000000e+01	-4.3750000002e-01	6.4234409125e-02	-5.0173440914e-01
2.5630000000e+01	-4.3750000002e-01	6.4056309977e-02	-5.0155630999e-01
2.5640000000e+01	-4.3750000002e-01	6.3887968757e-02	-5.0138796877e-01
2.5650000000e+01	-4.3750000001e-01	6.3729359747e-02	-5.0122935976e-01
2.5660000000e+01	-4.3750000001e-01	6.3580458750e-02	-5.0108045876e-01
2.5670000000e+01	-4.3750000001e-01	6.3441243079e-02	-5.0094124309e-01
2.5680000000e+01	-4.3750000001e-01	6.3311691553e-02	-5.0081169156e-01
2.5690000000e+01	-4.3750000001e-01	6.3191784480e-02	-5.0069178449e-01
2.5700000000e+01	-4.3750000001e-01	6.3081503658e-02	-5.0058150366e-01
2.5710000000e+01	-4.3750000001e-01	6.2980832362e-02	-5.0048083237e-01
2.5720000000e+01	-4.3750000000e-01	6.2889755338e-02	-5.0038975534e-01
2.5730000000e+01	-4.3750000000e-01	6.2808258798e-02	-5.0030825880e-01
2.5740000000e+01	-4.3750000000e-01	6.2736330413e-02	-5.0023633042e-01
2.5750000000e+01	-4.3750000000e-01	6.2673959310e-02	-5.0017395931e-01
2.5760000000e+01	-4.3750000000e-01	6.2621136065e-02	-5.0012113607e-01
2.5770000000e+01	-4.3750000000e-01	6.2577852702e-02	-5.0007785270e-01
2.5780000000e+01	-4.3750000000e-01	6.2544102687e-02	-5.0004410269e-01
2.5790000000e+01	-4.3750000000e-01	6.2519880928e-02	-5.0001988093e-01
2.5800000000e+01	-4.3750000000e-01	6.2505183771e-02	-5.0000518377e-01
2.5810000000e+01	-4.3750000000e-01	6.2500008999e-02	-5.0000000900e-01
2.5820000000e+01	-4.3750000000e-01	6.2504355831e-02	-5.0000435583e-01
2.5830000000e+01	-4.3750000000e-01	6.2518224924e-02	-5.0001822492e-01
2.5840000000e+01	-4.3750000000e-01	6.2541618369e-02	-5.0004161837e-01
2.5850000000e+01	-4.3750000000e-01	6.2574539695e-02	-5.0007453970e-01
2.5860000000e+01	-4.3750000000e-01	6.2616993870e-02	-5.0011699387e-01
2.5870000000e+01	-4.3750000000e-01	6.2668987300e-02	-5.0016898730e-01
2.5880000000e+01	-4.3750000000e-01	6.2730527839e-02	-5.0023052784e-01
2.5890000000e+01	-4.3750000000e-01	6.2801624782e-02	-5.0030162478e-01
2.5900000000e+01	-4.3750000000e-01	6.2882288877e-02	-5.0038228888e-01
2.5910000000e+01	-4.3750000000e-01	6.2972532326e-02	-5.0047253233e-01
2.5920000000e+01	-4.3750000001e-01	6.3072368790e-02	-5.0057236880e-01
2.5930000000e+01	-4.3750000001e-01	6.3181813395e-02	-5.0068181340e-01
2.5940000000e+01	-4.3750000001e-01	6.3300882738e-02	-5.0080088275e-01
2.5950000000e+01	-4.3750000001e-01	6.3429594893e-02	-5.0092959490e-01
2.5960000000e+01	-4.3750000001e-01	6.3567969421e-02	-5.0106796943e-01
2.5970000000e+01	-4.3750000001e-01	6.3716027375e-02	-5.0121602739e-01
2.5980000000e+01	-4.3750000002e-01	6.3873791308e-02	-5.0137379132e-01
2.5990000000e+01	-4.3750000002e-01	6.4041285287e-02	-5.0154128530e-01
2.6000000000e+01	-4.3750000002e-01	6.4218534898e-02	-5.0171853492e-01
2.6010000000e+01	-4.3750000002e-01	6.4405567258e-02	-5.0190556728e-01
2.6020000000e+01	-4.3750000002e-01	6.4602411027e-02	-5.0210241105e-01
2.6030000000e+01	-4.3750000003e-01	6.4809096421e-02	-5.0230909645e-01
2.6040000000e+01	-4.3750000003e-01	6.5025655220e-02	-5.0252565525e-01
2.6050000000e+01	-4.3750000003e-01	6.5252120784e-02	-5.0275212082e-01
2.6060000000e+01	-4.3750000003e-01	6.5488528070e-02	-5.0298852810e-01
2.6070000000e+01	-4.3750000004e-01	6.5734913640e-02	-5.0323491368e-01
2.6080000000e+01	-4.3750000004e-01	6.5991315682e-02	-5.0349131572e-01
2.6090000000e+01	-4.3750000004e-01	6.6257774023e-02	-5.0375777407e-01
2.6100000000e+01	-4.3750000005e-01	6.6534330145e-02	-5.0403433019e-01
2.6110000000e+01	-4.3750000005e-01	6.6821027207e-02	-5.0432102726e-01
2.6120000000e+01	-4.3750000005e-01	6.7117910058e-02	-5.0461791011e-01
2.6130000000e+01	-4.3750000006e-01	6.7425025259e-02	-5.0492502532e-01
2.6140000000e+01	-4.3750000006e-01	6.7742421104e-02	-5.0524242117e-01
2.6150000000e+01	-4.3750000007e-01	6.8070147635e-02	-5.0557014770e-01
2.6160000000e+01	-4.3750000007e-01	6.8408256672e-02	-5.0590825674e-01
2.6170000000e+01	-4.3750000007e-01	6.8756801828e-02	-5.0625680190e-01
2.6180000000e+01	-4.3750000008e-01	6.9115838536e-02	-5.0661583861e-01
2.6190000000e+01	-4.3750000008e-01	6.9485424073e-02	-5.0698542415e-01
2.6200000000e+01	-4.3750000009e-01	6.9865617582e-02	-5.0736561767e-01
2.6210000000e+01	-4.3750000009e-01	7.0256480103e-02	-5.0775648019e-01
2.6220000000e+01	-4.3750000010e-01	7.0658074596e-02	-5.0815807469e-01
2.6230000000e+01	-4.3750000010e-01	7.1070465971e-02	-5.0857046607e-01
2.6240000000e+01	-4.3750000011e-01	7.1493721114e-02	-5.0899372122e-01
2.6250000000e+01	-4.3750000011e-01	7.1927908922e-02	-5.0942790903e-01
2.6260000000e+01	-4.3750000012e-01	7.2373100329e-02	-5.0987310044e-01
2.6270000000e+01	-4.3750000012e-01	7.2829368340e-02	-5.1032936846e-01
2.6280000000e+01	-4.3750000013e-01	7.3296788067e-02	-5.1079678819e-01
2.6290000000e+01	-4.3750000013e-01	7.3775436759e-02	-5.1127543689e-01
2.6300000000e+01	-4.3750000014e-01	7.4265393837e-02	-5.1176539398e-01
2.6310000000e+01	-4.3750000014e-01	7.4766740938e-02	-5.1226674108e-01
2.6320000000e+01	-4.3750000015e-01	7.5279561943e-02	-5.1277956209e-01
2.6330000000e+01	-4.3750000016e-01	7.5803943025e-02	-5.1330394318e-01
2.6340000000e+01	-4.3750000016e-01	7.6339972685e-02	-5.1383997285e-01
2.6350000000e+01	-4.3750000017e-01	7.6887741792e-02	-5.1438774196e-01
2.6360000000e+01	-4.3750000018e-01	7.7447343632e-02	-5.1494734381e-01
2.6370000000e+01	-4.3750000018e-01	7.8018873950e-02	-5.1551887413e-01
2.6380000000e+01	-4.3750000019e-01	7.8602430993e-02	-5.1610243118e-01
2.6390000000e+01	-4.3750000020e-01	7.9198115563e-02	-5.1669811576e-01
2.6400000000e+01	-4.3750000020e-01	7.9806031065e-02	-5.1730603127e-01
2.6410000000e+01	-4.3750000021e-01	8.0426283553e-02	-5.1792628376e-01
2.6420000000e+01	-4.3750000022e-01	8.1058981790e-02	-5.1855898201e-01
2.6430000000e+01	-4.3750000023e-01	8.1704237297e-02	-5.1920423752e-01
2.6440000000e+01	-4.3750000023e-01	8.2362164413e-02	-5.1986216465e-01
2.6450000000e+01	-4.3750000024e-01	8.3032880348e-02	-5.2053288059e-01
2.6460000000e+01	-4.3750000025e-01	8.3716505247e-02	-5.2121650550e-01
2.6470000000e+01	-4.3750000026e-01	8.4413162250e-02	-5.2191316251e-01
2.6480000000e+01	-4.3750000026e-01	8.5122977555e-02	-5.2262297782e-01
2.6490000000e+01	-4.3750000027e-01	8.5846080488e-02	-5.2334608076e-01
2.6500000000e+01	-4.3750000028e-01	8.6582603564e-02	-5.2408260385e-01
2.6510000000e+01	-4.3750000029e-01	8.7332682564e-02	-5.2483268285e-01
2.6520000000e+01	-4.3750000030e-01	8.8096456603e-02	-5.2559645690e-01
2.6530000000e+01	-4.3750000031e-01	8.8874068207e-02	-5.2637406852e-01
2.6540000000e+01	-4.3750000032e-01	8.9665663390e-02	-5.2716566371e-01
2.6550000000e+01	-4.3750000033e-01	9.0471391734e-02	-5.2797139206e-01
2.6560000000e+01	-4.3750000034e-01	9.1291406471e-02	-5.2879140681e-01
2.6570000000e+01	-4.3750000034e-01	9.2125864569e-02	-5.2962586491e-01
2.6580000000e+01	-4.3750000035e-01	9.2974926820e-02	-5.3047492717e-01
2.6590000000e+01	-4.3750000036e-01	9.3838757929e-02	-5.3133875829e-01
2.6600000000e+01	-4.3750000037e-01	9.4717526614e-02	-5.3221752699e-01
2.6610000000e+01	-4.3750000038e-01	9.5611405697e-02	-5.3311140608e-01
2.6620000000e+01	-4.3750000039e-01	9.6520572205e-02	-5.3402057260e-01
2.6630000000e+01	-4.3750000041e-01	9.7445207479e-02	-5.3494520788e-01
2.6640000000e+01	-4.3750000042e-01	9.8385497277e-02	-5.3588549769e-01
2.6650000000e+01	-4.3750000043e-01	9.9341631886e-02	-5.3684163231e-01
2.6660000000e+01	-4.3750000044e-01	1.0031380624e-01	-5.3781380667e-01
2.6670000000e+01	-4.3750000045e-01	1.0130222003e-01	-5.3880222047e-01
2.6680000000e+01	-4.3750000046e-01	1.0230707783e-01	-5.3980707829e-01
2.6690000000e+01	-4.3750000047e-01	1.0332858925e-01	-5.4082858972e-01
2.6700000000e+01	-4.3750000048e-01	1.0436696902e-01	-5.4186696950e-01
2.6710000000e+01	-4.3750000049e-01	1.0542243715e-01	-5.4292243765e-01
2.6720000000e+01	-4.3750000051e-01	1.0649521910e-01	-5.4399521960e-01
2.6730000000e+01	-4.3750000052e-01	1.0758554586e-01	-5.4508554638e-01
2.6740000000e+01	-4.3750000053e-01	1.0869365416e-01	-5.4619365469e-01
2.6750000000e+01	-4.3750000054e-01	1.0981978661e-01	-5.4731978716e-01
2.6760000000e+01	-4.3750000056e-01	1.1096419185e-01	-5.4846419240e-01
2.6770000000e+01	-4.3750000057e-01	1.1212712471e-01	-5.4962712528e-01
2.6780000000e+01	-4.3750000058e-01	1.1330884641e-01	-5.5080884700e-01
2.6790000000e+01	-4.3750000059e-01	1.1450962475e-01	-5.5200962534e-01
2.6800000000e+01	-4.3750000061e-01	1.1572973423e-01	-5.5322973484e-01
2.6810000000e+01	-4.3750000062e-01	1.1696945633e-01	-5.5446945695e-01
2.6820000000e+01	-4.3750000063e-01	1.1822907963e-01	-5.5572908027e-01
2.6830000000e+01	-4.3750000065e-01	1.1950890010e-01	-5.5700890075e-01
2.6840000000e+01	-4.3750000066e-01	1.2080922124e-01	-5.5830922190e-01
2.6850000000e+01	-4.3750000068e-01	1.2213035434e-01	-5.5963035502e-01
2.6860000000e+01	-4.3750000069e-01	1.2347261872e-01	-5.6097261941e-01
2.6870000000e+01	-4.3750000070e-01	1.2483634195e-01	-5.6233634265e-01
2.6880000000e+01	-4.3750000072e-01	1.2622186011e-01	-5.6372186083e-01
2.6890000000e+01	-4.3750000073e-01	1.2762951806e-01	-5.6512951879e-01
2.6900000000e+01	-4.3750000075e-01	1.2905966968e-01	-5.6655967043e-01
2.6910000000e+01	-4.3750000076e-01	1.3051267817e-01	-5.6801267894e-01
2.6920000000e+01	-4.3750000078e-01	1.3198891636e-01	-5.6948891714e-01
2.6930000000e+01	-4.3750000079e-01	1.3348876698e-01	-5.7098876777e-01
2.6940000000e+01	-4.3750000081e-01	1.3501262297e-01	-5.7251262378e-01
2.6950000000e+01	-4.3750000082e-01	1.3656088784e-01	-5.7406088867e-01
2.6960000000e+01	-4.3750000084e-01	1.3813397600e-01	-5.7563397684e-01
2.6970000000e+01	-4.3750000086e-01	1.3973231308e-01	-5.7723231394e-01
2.6980000000e+01	-4.3750000087e-01	1.4135633636e-01	-5.7885633723e-01
2.6990000000e+01	-4.3750000089e-01	1.4300649508e-01	-5.8050649597e-01
2.7000000000e+01	-4.3750000091e-01	1.4468325090e-01	-5.8218325180e-01
2.7010000000e+01	-4.3750000092e-01	1.4638707828e-01	-5.8388707920e-01
2.7020000000e+01	-4.3750000094e-01	1.4811846493e-01	-5.8561846587e-01
2.7030000000e+01	-4.3750000096e-01	1.4987791225e-01	-5.8737791321e-01
2.7040000000e+01	-4.3750000097e-01	1.5166593580e-01	-5.8916593678e-01
2.7050000000e+01	-4.3750000099e-01	1.5348306580e-01	-5.9098306679e-01
2.7060000000e+01	-4.3750000101e-01	1.5532984763e-01	-5.9282984864e-01
2.7070000000e+01	-4.3750000102e-01	1.5720684236e-01	-5.9470684338e-01
2.7080000000e+01	-4.3750000104e-01	1.5911462730e-01	-5.9661462835e-01
2.7090000000e+01	-4.3750000106e-01	1.6105379663e-01	-5.9855379769e-01
2.7100000000e+01	-4.3750000108e-01	1.6302496193e-01	-6.0052496301e-01
2.7110000000e+01	-4.3750000110e-01	1.6502875285e-01	-6.0252875394e-01
2.7120000000e+01	-4.3750000111e-01	1.6706581778e-01	-6.0456581890e-01
2.7130000000e+01	-4.3750000113e-01	1.6913682453e-01	-6.0663682567e-01
2.7140000000e+01	-4.3750000115e-01	1.7124246105e-01	-6.0874246220e-01
