# Two-body Weber reference run
# m1=1.0  m2=1.0  q1=1.0  q2=-1.0  c=4.0
# q0=[-1.0, 0.0, 1.0, 0.0]
# p0=[0.0, -0.25, 0.0, 0.25]
# tspan=(0.0, 27.14080941082802)  (5 Kepler periods, T=5.428162)
# dt=1e-3  stride=10
# local error |E_t - E_{t-1}| and global error percent |(E_t - E_0)/E_0| * 100
t	local_err	global_err_percent
0.0000000000e+00	0.0000000000e+00	0.0000000000e+00
1.0000000000e-02	5.6510351953e-14	1.2916651875e-11
2.0000000000e-02	1.6986412277e-13	5.1742737079e-11
3.0000000000e-02	2.8288482667e-13	1.1640212603e-10
4.0000000000e-02	3.9640513094e-13	2.0700901311e-10
5.0000000000e-02	5.0920379024e-13	3.2339845088e-10
6.0000000000e-02	6.2305716142e-13	4.6581151634e-10
7.0000000000e-02	7.3635542108e-13	6.3412132688e-10
8.0000000000e-02	8.4987572535e-13	8.2837863553e-10
9.0000000000e-02	9.6345154077e-13	1.0485961306e-09
1.0000000000e-01	1.0773049119e-12	1.2948372533e-09
1.1000000000e-01	1.1909362385e-12	1.5670512507e-09
1.2000000000e-01	1.3052336989e-12	1.8653903818e-09
1.3000000000e-01	1.4193646258e-12	2.1898165820e-09
1.4000000000e-01	1.5337731085e-12	2.5403932926e-09
1.5000000000e-01	1.6484036358e-12	2.9171712665e-09
1.6000000000e-01	1.7628121185e-12	3.3200997507e-09
1.7000000000e-01	1.8778312239e-12	3.7493183161e-09
1.8000000000e-01	1.9931833961e-12	4.2049030924e-09
1.9000000000e-01	2.1085910795e-12	4.6868667677e-09
2.0000000000e-01	2.2243318298e-12	5.1952854717e-09
2.1000000000e-01	2.3404611582e-12	5.7302480221e-09
2.2000000000e-01	2.4563129308e-12	6.2916909777e-09
2.3000000000e-01	2.5729418596e-12	6.8797919742e-09
2.4000000000e-01	2.6901258998e-12	7.4946778942e-09
2.5000000000e-01	2.8071434066e-12	8.1363106728e-09
2.6000000000e-01	2.9246605138e-12	8.8048045045e-09
2.7000000000e-01	3.0423996655e-12	9.5002101424e-09
2.8000000000e-01	3.1608049511e-12	1.0222679845e-08
2.9000000000e-01	3.2791547255e-12	1.0972200926e-08
3.0000000000e-01	3.3985037007e-12	1.1749001771e-08
3.1000000000e-01	3.5179081870e-12	1.2553095071e-08
3.2000000000e-01	3.6377567625e-12	1.3384582331e-08
3.3000000000e-01	3.7578828938e-12	1.4243526993e-08
3.4000000000e-01	3.8786196477e-12	1.5130068627e-08
3.5000000000e-01	3.9999115131e-12	1.6044334115e-08
3.6000000000e-01	4.1215364455e-12	1.6986399589e-08
3.7000000000e-01	4.2435499559e-12	1.7956353864e-08
3.8000000000e-01	4.3661185778e-12	1.8954323825e-08
3.9000000000e-01	4.4895753781e-12	1.9980512483e-08
4.0000000000e-01	4.6133097342e-12	2.1034983279e-08
4.1000000000e-01	4.7373216461e-12	2.2117799655e-08
4.2000000000e-01	4.8624437810e-12	2.3229215377e-08
4.3000000000e-01	4.9879544939e-12	2.4369319261e-08
4.4000000000e-01	5.1135207180e-12	2.5538123996e-08
4.5000000000e-01	5.2403636985e-12	2.6735921413e-08
4.6000000000e-01	5.3672621902e-12	2.7962724200e-08
4.7000000000e-01	5.4952709050e-12	2.9218786121e-08
4.8000000000e-01	5.6237237089e-12	3.0504208683e-08
4.9000000000e-01	5.7526206021e-12	3.1819093392e-08
5.0000000000e-01	5.8825166960e-12	3.3163668637e-08
5.1000000000e-01	6.0127458568e-12	3.4538010547e-08
5.2000000000e-01	6.1443072852e-12	3.5942423641e-08
5.3000000000e-01	6.2757021801e-12	3.7376869853e-08
5.4000000000e-01	6.4082628093e-12	3.8841615638e-08
5.5000000000e-01	6.5416005945e-12	4.0336838631e-08
5.6000000000e-01	6.6756045136e-12	4.1862691091e-08
5.7000000000e-01	6.8103300777e-12	4.3419337966e-08
5.8000000000e-01	6.9456662644e-12	4.5006918827e-08
5.9000000000e-01	7.0817796072e-12	4.6625611308e-08
6.0000000000e-01	7.2187811284e-12	4.8275618423e-08
6.1000000000e-01	7.3566708281e-12	4.9957143184e-08
6.2000000000e-01	7.4953376838e-12	5.1670363226e-08
6.3000000000e-01	7.6345596511e-12	5.3415405432e-08
6.4000000000e-01	7.7744477522e-12	5.5192422061e-08
6.5000000000e-01	7.9156681210e-12	5.7001717632e-08
6.6000000000e-01	8.0573325789e-12	5.8843393650e-08
6.7000000000e-01	8.1998852153e-12	6.0717653128e-08
6.8000000000e-01	8.3436590970e-12	6.2624775207e-08
6.9000000000e-01	8.4878770679e-12	6.4564861394e-08
7.0000000000e-01	8.6329832172e-12	6.6538114701e-08
7.1000000000e-01	8.7793106118e-12	6.8544814269e-08
7.2000000000e-01	8.9257490288e-12	7.0584985476e-08
7.3000000000e-01	9.0737972691e-12	7.2658996280e-08
7.4000000000e-01	9.2221230652e-12	7.4766910123e-08
7.5000000000e-01	9.3717256178e-12	7.6909018836e-08
7.6000000000e-01	9.5220498153e-12	7.9085487365e-08
7.7000000000e-01	9.6730401467e-12	8.1296467970e-08
7.8000000000e-01	9.8251407010e-12	8.3542214416e-08
7.9000000000e-01	9.9782404561e-12	8.5822955092e-08
8.0000000000e-01	1.0131617767e-11	8.8138753439e-08
8.1000000000e-01	1.0286493879e-11	9.0489952039e-08
8.2000000000e-01	1.0441703058e-11	9.2876627024e-08
8.3000000000e-01	1.0597911437e-11	9.5299006781e-08
8.4000000000e-01	1.0754952484e-11	9.7757281635e-08
8.5000000000e-01	1.0912604154e-11	1.0025159116e-07
8.6000000000e-01	1.1071532580e-11	1.0278222717e-07
8.7000000000e-01	1.1231016117e-11	1.0534931657e-07
8.8000000000e-01	1.1390888233e-11	1.0795294817e-07
8.9000000000e-01	1.1552037105e-11	1.1059341379e-07
9.0000000000e-01	1.1713408021e-11	1.1327076420e-07
9.1000000000e-01	1.1875833650e-11	1.1598524046e-07
9.2000000000e-01	1.2038814390e-11	1.1873696946e-07
9.3000000000e-01	1.2202461264e-11	1.2152610347e-07
9.4000000000e-01	1.2366330182e-11	1.2435269322e-07
9.5000000000e-01	1.2531087279e-11	1.2721694174e-07
9.6000000000e-01	1.2696454998e-11	1.3011898860e-07
9.7000000000e-01	1.2862044763e-11	1.3305888455e-07
9.8000000000e-01	1.3028245149e-11	1.3603676915e-07
9.9000000000e-01	1.3194667581e-11	1.3905269317e-07
1.0000000000e+00	1.3361423079e-11	1.4210673273e-07
1.0100000000e+00	1.3528123066e-11	1.4519887515e-07
1.0200000000e+00	1.3695822254e-11	1.4832934880e-07
1.0300000000e+00	1.3863243886e-11	1.5149809026e-07
1.0400000000e+00	1.4030165918e-11	1.5470498533e-07
1.0500000000e+00	1.4197587550e-11	1.5795014820e-07
1.0600000000e+00	1.4364620604e-11	1.6123349005e-07
1.0700000000e+00	1.4531875703e-11	1.6455506164e-07
1.0800000000e+00	1.4698076090e-11	1.6791462189e-07
1.0900000000e+00	1.4864331987e-11	1.7131218349e-07
1.1000000000e+00	1.5029644196e-11	1.7474753073e-07
1.1100000000e+00	1.5194345782e-11	1.7822052405e-07
1.1200000000e+00	1.5358270211e-11	1.8173098582e-07
1.1300000000e+00	1.5521028907e-11	1.8527864957e-07
1.1400000000e+00	1.5682732890e-11	1.8886327423e-07
1.1500000000e+00	1.5843493184e-11	1.9248464410e-07
1.1600000000e+00	1.6002421610e-11	1.9614234046e-07
1.1700000000e+00	1.6158963057e-11	1.9983581773e-07
1.1800000000e+00	1.6314505302e-11	2.0356484752e-07
1.1900000000e+00	1.6467327502e-11	2.0732880809e-07
1.2000000000e+00	1.6618151299e-11	2.1112724267e-07
1.2100000000e+00	1.6766199540e-11	2.1495951685e-07
1.2200000000e+00	1.6910639555e-11	2.1882480589e-07
1.2300000000e+00	1.7052692591e-11	2.2272256420e-07
1.2400000000e+00	1.7190748824e-11	2.2665187822e-07
1.2500000000e+00	1.7325141322e-11	2.3061191052e-07
1.2600000000e+00	1.7455314971e-11	2.3460169680e-07
1.2700000000e+00	1.7580104039e-11	2.3862000629e-07
1.2800000000e+00	1.7700341193e-11	2.4266579857e-07
1.2900000000e+00	1.7815415809e-11	2.4673789361e-07
1.3000000000e+00	1.7924772777e-11	2.5083498453e-07
1.3100000000e+00	1.8027301874e-11	2.5495551067e-07
1.3200000000e+00	1.8122281453e-11	2.5909774643e-07
1.3300000000e+00	1.8210100095e-11	2.6326005503e-07
1.3400000000e+00	1.8289203485e-11	2.6744044439e-07
1.3500000000e+00	1.8359536114e-11	2.7163690979e-07
1.3600000000e+00	1.8420376335e-11	2.7584728152e-07
1.3700000000e+00	1.8470891483e-11	2.8006919958e-07
1.3800000000e+00	1.8509860311e-11	2.8430002479e-07
1.3900000000e+00	1.8537282820e-11	2.8853711801e-07
1.4000000000e+00	1.8551826741e-11	2.9277753555e-07
1.4100000000e+00	1.8551382652e-11	2.9701785158e-07
1.4200000000e+00	1.8536616686e-11	3.0125479254e-07
1.4300000000e+00	1.8505530441e-11	3.0548462807e-07
1.4400000000e+00	1.8456902673e-11	3.0970334868e-07
1.4500000000e+00	1.8389789691e-11	3.1390672918e-07
1.4600000000e+00	1.8301749005e-11	3.1808998610e-07
1.4700000000e+00	1.8192669593e-11	3.2224831058e-07
1.4800000000e+00	1.8060331008e-11	3.2637638623e-07
1.4900000000e+00	1.7902512806e-11	3.3046838916e-07
1.5000000000e+00	1.7718437828e-11	3.3451831781e-07
1.5100000000e+00	1.7504497851e-11	3.3851934589e-07
1.5200000000e+00	1.7260082252e-11	3.4246450755e-07
1.5300000000e+00	1.6982526496e-11	3.4634622789e-07
1.5400000000e+00	1.6669166047e-11	3.5015632298e-07
1.5500000000e+00	1.6316947793e-11	3.5388591105e-07
1.5600000000e+00	1.5923429242e-11	3.5752555202e-07
1.5700000000e+00	1.5485224214e-11	3.6106503184e-07
1.5800000000e+00	1.4999224085e-11	3.6449342592e-07
1.5900000000e+00	1.4462764319e-11	3.6779920062e-07
1.6000000000e+00	1.3871070959e-11	3.7096973112e-07
1.6100000000e+00	1.3219370043e-11	3.7399130142e-07
1.6200000000e+00	1.2503997837e-11	3.7684935807e-07
1.6300000000e+00	1.1720902027e-11	3.7952842139e-07
1.6400000000e+00	1.0863421274e-11	3.8201148911e-07
1.6500000000e+00	9.9272812193e-12	3.8428058196e-07
1.6600000000e+00	8.9057650143e-12	3.8631618539e-07
1.6700000000e+00	7.7921002983e-12	3.8809723689e-07
1.6800000000e+00	6.5802918670e-12	3.8960130360e-07
1.6900000000e+00	5.2621240698e-12	3.9080407482e-07
1.7000000000e+00	3.8289926785e-12	3.9167927314e-07
1.7100000000e+00	2.2726820426e-12	3.9219874332e-07
1.7200000000e+00	5.8281157678e-13	3.9233195740e-07
1.7300000000e+00	1.2506662372e-12	3.9204609083e-07
1.7400000000e+00	3.2380209625e-12	3.9130597175e-07
1.7500000000e+00	5.3922422083e-12	3.9007345925e-07
1.7600000000e+00	7.7264306064e-12	3.8830741797e-07
1.7700000000e+00	1.0255907235e-11	3.8596321060e-07
1.7800000000e+00	1.2995771126e-11	3.8299274863e-07
1.7900000000e+00	1.5962398070e-11	3.7934420050e-07
1.8000000000e+00	1.9173829191e-11	3.7496161097e-07
1.8100000000e+00	2.2652046905e-11	3.6978400025e-07
1.8200000000e+00	2.6417534826e-11	3.6374570657e-07
1.8300000000e+00	3.0494329284e-11	3.5677557416e-07
1.8400000000e+00	3.4908520519e-11	3.4879648376e-07
1.8500000000e+00	3.9687253484e-11	3.3972511153e-07
1.8600000000e+00	4.4864167936e-11	3.2947044458e-07
1.8700000000e+00	5.0470017054e-11	3.1793444068e-07
1.8800000000e+00	5.6542603932e-11	3.0501041692e-07
1.8900000000e+00	6.3122840288e-11	2.9058233914e-07
1.9000000000e+00	7.0253192153e-11	2.7452446665e-07
1.9100000000e+00	7.7984008140e-11	2.5669955050e-07
1.9200000000e+00	8.6364804197e-11	2.3695902383e-07
1.9300000000e+00	9.5455088278e-11	2.1514071794e-07
1.9400000000e+00	1.0531953087e-10	1.9106768231e-07
1.9500000000e+00	1.1602169225e-10	1.6454843837e-07
1.9600000000e+00	1.2764256319e-10	1.3537299535e-07
1.9700000000e+00	1.4026318995e-10	1.0331283765e-07
1.9800000000e+00	1.5397344511e-10	6.8118907340e-08
1.9900000000e+00	1.6887541365e-10	2.9518812791e-08
2.0000000000e+00	1.8507650967e-10	1.2784389420e-08
2.0100000000e+00	2.0269563805e-10	5.9114820975e-08
2.0200000000e+00	2.2186519288e-10	1.0982686506e-07
2.0300000000e+00	2.4272778232e-10	1.6530750102e-07
2.0400000000e+00	2.6544094700e-10	2.2597971748e-07
2.0500000000e+00	2.9017410696e-10	2.9230522764e-07
2.0600000000e+00	3.1711600013e-10	3.6478888481e-07
2.0700000000e+00	3.4646574498e-10	4.4398105510e-07
2.0800000000e+00	3.7844882783e-10	5.3048364431e-07
2.0900000000e+00	4.1329428768e-10	6.2495091007e-07
2.1000000000e+00	4.5126224979e-10	7.2809656716e-07
2.1100000000e+00	4.9262249835e-10	8.4069599536e-07
2.1200000000e+00	5.3765913943e-10	9.6358951294e-07
2.1300000000e+00	5.8667459779e-10	1.0976865639e-06
2.1400000000e+00	6.3997196431e-10	1.2439658700e-06
2.1500000000e+00	6.9785921486e-10	1.4034765477e-06
2.1600000000e+00	7.6063388921e-10	1.5773357224e-06
2.1700000000e+00	8.2856310701e-10	1.7667215754e-06
2.1800000000e+00	9.0186214052e-10	1.9728614932e-06
2.1900000000e+00	9.8066865739e-10	2.1970143292e-06
2.2000000000e+00	1.0649787718e-09	2.4404380485e-06
2.2100000000e+00	1.1545958634e-09	2.7043456744e-06
2.2200000000e+00	1.2490196655e-09	2.9898358836e-06
2.2300000000e+00	1.3473323568e-09	3.2977975652e-06
2.2400000000e+00	1.4479872856e-09	3.6287660876e-06
2.2500000000e+00	1.5485689397e-09	3.9827247024e-06
2.2600000000e+00	1.6454041463e-09	4.3588170787e-06
2.2700000000e+00	1.7330479274e-09	4.7549423193e-06
2.2800000000e+00	1.8035408722e-09	5.1671802329e-06
2.2900000000e+00	1.8453576445e-09	5.5889762659e-06
2.3000000000e+00	1.8419105130e-09	6.0099843832e-06
2.3100000000e+00	1.7693997378e-09	6.4144186090e-06
2.3200000000e+00	1.5937269282e-09	6.7786990497e-06
2.3300000000e+00	1.2660312798e-09	7.0680776279e-06
2.3400000000e+00	7.1621530928e-10	7.2317839844e-06
2.3500000000e+00	1.5656564933e-10	7.1959975502e-06
2.3600000000e+00	1.4976995200e-09	6.8536662314e-06
2.3700000000e+00	3.5176870306e-09	6.0496234815e-06
2.3800000000e+00	6.5223593193e-09	4.5587984943e-06
2.3900000000e+00	1.0957791563e-08	2.0541604227e-06
2.4000000000e+00	1.7476916137e-08	1.9405632656e-06
2.4100000000e+00	2.7038303596e-08	8.1207469447e-06
2.4200000000e+00	4.1051782196e-08	1.7504011447e-05
2.4300000000e+00	6.1590808675e-08	3.1581910572e-05
2.4400000000e+00	9.1696070958e-08	5.2541012506e-05
2.4500000000e+00	1.3579466018e-07	8.3579791976e-05
2.4600000000e+00	2.0024348935e-07	1.2934973240e-04
2.4700000000e+00	2.9395192946e-07	1.9653874485e-04
2.4800000000e+00	4.2890042851e-07	2.9457312851e-04
2.4900000000e+00	6.2007503221e-07	4.3630456444e-04
2.5000000000e+00	8.8379169272e-07	6.3831409420e-04
2.5100000000e+00	1.2325915106e-06	9.2004929663e-04
2.5200000000e+00	1.6642563163e-06	1.3004507404e-03
2.5300000000e+00	2.1434349553e-06	1.7903787301e-03
2.5400000000e+00	2.5796694416e-06	2.3800174597e-03
2.5500000000e+00	2.8174478390e-06	3.0240055372e-03
2.5600000000e+00	2.6665274704e-06	3.6334975304e-03
2.5700000000e+00	1.9922726762e-06	4.0888741421e-03
2.5800000000e+00	8.3339743329e-07	4.2793649840e-03
2.5900000000e+00	5.5110846819e-07	4.1533973341e-03
2.6000000000e+00	1.7849179654e-06	3.7454160849e-03
2.6100000000e+00	2.5710138347e-06	3.1577557798e-03
2.6200000000e+00	2.8241484928e-06	2.5122361243e-03
2.6300000000e+00	2.6518976419e-06	1.9060880918e-03
2.6400000000e+00	2.2422565373e-06	1.3935723119e-03
2.6500000000e+00	1.7623881434e-06	9.9074073623e-04
2.6600000000e+00	1.3163725305e-06	6.8985558640e-04
2.6700000000e+00	9.4931491379e-07	4.7286932039e-04
2.6800000000e+00	6.6859745074e-07	3.2004704593e-04
2.6900000000e+00	4.6361215444e-07	2.1407855349e-04
2.7000000000e+00	3.1825191593e-07	1.4133525842e-04
2.7100000000e+00	2.1703354713e-07	9.1727590501e-05
2.7200000000e+00	1.4731026421e-07	5.8056672968e-05
2.7300000000e+00	9.9565054423e-08	3.5298946242e-05
2.7400000000e+00	6.6960325729e-08	1.9993728933e-05
2.7500000000e+00	4.4714987268e-08	9.7731604143e-06
2.7600000000e+00	2.9537826851e-08	3.0216571340e-06
2.7700000000e+00	1.9182111455e-08	1.3628254842e-06
2.7800000000e+00	1.2119703685e-08	4.1330434694e-06
2.7900000000e+00	7.3117716326e-09	5.8043055568e-06
2.8000000000e+00	4.0510492738e-09	6.7302596766e-06
2.8100000000e+00	1.8546946201e-09	7.1541898754e-06
2.8200000000e+00	3.9191228041e-10	7.2437698252e-06
2.8300000000e+00	5.6477511556e-10	7.1146783703e-06
2.8400000000e+00	1.1724246018e-09	6.8466956041e-06
2.8500000000e+00	1.5398378128e-09	6.4947326755e-06
2.8600000000e+00	1.7426103893e-09	6.0964217293e-06
2.8700000000e+00	1.8334257446e-09	5.6773529877e-06
2.8800000000e+00	1.8490318165e-09	5.2547171439e-06
2.8900000000e+00	1.8150907444e-09	4.8398392595e-06
2.9000000000e+00	1.7494898863e-09	4.4399558569e-06
2.9100000000e+00	1.6646709566e-09	4.0594596383e-06
2.9200000000e+00	1.5692346311e-09	3.7007774369e-06
2.9300000000e+00	1.4690824113e-09	3.3649871714e-06
2.9400000000e+00	1.3682068811e-09	3.0522541700e-06
2.9500000000e+00	1.2692558116e-09	2.7621385560e-06
2.9600000000e+00	1.1739262895e-09	2.4938125469e-06
2.9700000000e+00	1.0832534869e-09	2.2462117499e-06
2.9800000000e+00	9.9781061191e-10	2.0181407529e-06
2.9900000000e+00	9.1785212764e-10	1.8083459809e-06
3.0000000000e+00	8.4340889828e-10	1.6155668041e-06
3.0100000000e+00	7.7437478652e-10	1.4385668529e-06
3.0200000000e+00	7.1054739870e-10	1.2761560190e-06
3.0300000000e+00	6.5166438912e-10	1.1272041586e-06
3.0400000000e+00	5.9743310299e-10	9.9064802076e-07
3.0500000000e+00	5.4754822898e-10	8.6549413985e-07
3.0600000000e+00	5.0170756438e-10	7.5081812513e-07
3.0700000000e+00	4.5960490969e-10	6.4576557435e-07
3.0800000000e+00	4.2095282815e-10	5.4954778506e-07
3.0900000000e+00	3.8547476322e-10	4.6143926775e-07
3.1000000000e+00	3.5291658484e-10	3.8077261978e-07
3.1100000000e+00	3.2303448805e-10	3.0693616537e-07
3.1200000000e+00	2.9560676129e-10	2.3936890565e-07
3.1300000000e+00	2.7042801332e-10	1.7755678832e-07
3.1400000000e+00	2.4730850701e-10	1.2102912958e-07
3.1500000000e+00	2.2607393735e-10	6.9355086753e-08
3.1600000000e+00	2.0656354405e-10	2.2140562399e-08
3.1700000000e+00	1.8863177687e-10	2.0975272313e-08
3.1800000000e+00	1.7214579762e-10	6.0322883197e-08
3.1900000000e+00	1.5698237155e-10	9.6204568121e-08
3.2000000000e+00	1.4303153106e-10	1.2889748951e-07
3.2100000000e+00	1.3019058054e-10	1.5865533649e-07
3.2200000000e+00	1.1836887026e-10	1.8571107826e-07
3.2300000000e+00	1.0748085755e-10	2.1027813142e-07
3.2400000000e+00	9.7448604741e-11	2.3255209821e-07
3.2500000000e+00	8.8201002058e-11	2.5271232725e-07
3.2600000000e+00	7.9677986431e-11	2.7092443844e-07
3.2700000000e+00	7.1815942082e-11	2.8733951092e-07
3.2800000000e+00	6.4563299151e-11	3.0209683644e-07
3.2900000000e+00	5.7873317250e-11	3.1532502324e-07
3.3000000000e+00	5.1698367809e-11	3.2714179302e-07
3.3100000000e+00	4.5998094222e-11	3.3765564313e-07
3.3200000000e+00	4.0734915441e-11	3.4696648094e-07
3.3300000000e+00	3.5875025173e-11	3.5516648670e-07
3.3400000000e+00	3.1385782862e-11	3.6234037992e-07
3.3500000000e+00	2.7240210088e-11	3.6856671366e-07
3.3600000000e+00	2.3413049277e-11	3.7391826778e-07
3.3700000000e+00	1.9876877921e-11	3.7846155416e-07
3.3800000000e+00	1.6611267917e-11	3.8225841540e-07
3.3900000000e+00	1.3595458093e-11	3.8536594868e-07
3.4000000000e+00	1.0808742790e-11	3.8783651846e-07
3.4100000000e+00	8.2385209765e-12	3.8971960897e-07
3.4200000000e+00	5.8638094380e-12	3.9105990827e-07
3.4300000000e+00	3.6731173658e-12	3.9189947795e-07
3.4400000000e+00	1.6517343049e-12	3.9227701722e-07
3.4500000000e+00	2.1266322037e-13	3.9222840848e-07
3.4600000000e+00	1.9312329513e-12	3.9178698381e-07
3.4700000000e+00	3.5142444510e-12	3.9098372793e-07
3.4800000000e+00	4.9719117712e-12	3.8984729096e-07
3.4900000000e+00	6.3138938522e-12	3.8840411522e-07
3.5000000000e+00	7.5481287887e-12	3.8667882864e-07
3.5100000000e+00	8.6808338295e-12	3.8469463805e-07
3.5200000000e+00	9.7210572925e-12	3.8247268210e-07
3.5300000000e+00	1.0674794382e-11	3.8003272910e-07
3.5400000000e+00	1.1547929279e-11	3.7739320240e-07
3.5500000000e+00	1.2346235145e-11	3.7457120580e-07
3.5600000000e+00	1.3075207583e-11	3.7158258692e-07
3.5700000000e+00	1.3740231175e-11	3.6844196265e-07
3.5800000000e+00	1.4343748411e-11	3.6516339159e-07
3.5900000000e+00	1.4892309608e-11	3.6175943511e-07
3.6000000000e+00	1.5386969476e-11	3.5824241351e-07
3.6100000000e+00	1.5835499578e-11	3.5462287075e-07
3.6200000000e+00	1.6237566847e-11	3.5091142690e-07
3.6300000000e+00	1.6598722397e-11	3.4711743321e-07
3.6400000000e+00	1.6919576851e-11	3.4325010136e-07
3.6500000000e+00	1.7205348257e-11	3.3931745033e-07
3.6600000000e+00	1.7455759060e-11	3.3532756254e-07
3.6700000000e+00	1.7676082820e-11	3.3128731504e-07
3.6800000000e+00	1.7866264024e-11	3.2720359755e-07
3.6900000000e+00	1.8029300275e-11	3.2308261463e-07
3.7000000000e+00	1.8166801397e-11	3.1893020288e-07
3.7100000000e+00	1.8280488234e-11	3.1475180557e-07
3.7200000000e+00	1.8372858790e-11	3.1055229499e-07
3.7300000000e+00	1.8444135108e-11	3.0633649268e-07
3.7400000000e+00	1.8496926213e-11	3.0210862383e-07
3.7500000000e+00	1.8531121082e-11	2.9787293901e-07
3.7600000000e+00	1.8549939362e-11	2.9363295287e-07
3.7700000000e+00	1.8552825942e-11	2.8939230694e-07
3.7800000000e+00	1.8540946556e-11	2.8515437630e-07
3.7900000000e+00	1.8516965739e-11	2.8092192699e-07
3.8000000000e+00	1.8479939801e-11	2.7669794075e-07
3.8100000000e+00	1.8431978166e-11	2.7248491717e-07
3.8200000000e+00	1.8372914301e-11	2.6828539390e-07
3.8300000000e+00	1.8304080474e-11	2.6410160408e-07
3.8400000000e+00	1.8227197529e-11	2.5993538750e-07
3.8500000000e+00	1.8140988711e-11	2.5578887579e-07
3.8600000000e+00	1.8047507933e-11	2.5166373112e-07
3.8700000000e+00	1.7946311104e-11	2.4756171716e-07
3.8800000000e+00	1.7838397426e-11	2.4348436917e-07
3.8900000000e+00	1.7724821610e-11	2.3943298138e-07
3.9000000000e+00	1.7605639169e-11	2.3540883528e-07
3.9100000000e+00	1.7481793790e-11	2.3141299670e-07
3.9200000000e+00	1.7352508319e-11	2.2744670909e-07
3.9300000000e+00	1.7219004000e-11	2.2351093674e-07
3.9400000000e+00	1.7081780435e-11	2.1960652979e-07
3.9500000000e+00	1.6940560066e-11	2.1573440177e-07
3.9600000000e+00	1.6796231073e-11	2.1189526324e-07
3.9700000000e+00	1.6648904477e-11	2.0808979936e-07
3.9800000000e+00	1.6499135391e-11	2.0431856841e-07
3.9900000000e+00	1.6346424214e-11	2.0058224288e-07
4.0000000000e+00	1.6191548102e-11	1.9688131760e-07
4.0100000000e+00	1.6035117678e-11	1.9321614784e-07
4.0200000000e+00	1.5876466808e-11	1.8958724114e-07
4.0300000000e+00	1.5716539181e-11	1.8599488933e-07
4.0400000000e+00	1.5555112753e-11	1.8243943499e-07
4.0500000000e+00	1.5392520591e-11	1.7892114457e-07
4.0600000000e+00	1.5228596162e-11	1.7544032259e-07
4.0700000000e+00	1.5064116621e-11	1.7199709593e-07
4.0800000000e+00	1.4898748901e-11	1.6859166761e-07
4.0900000000e+00	1.4732715048e-11	1.6522418989e-07
4.1000000000e+00	1.4566514661e-11	1.6189470082e-07
4.1100000000e+00	1.4399648141e-11	1.5860335267e-07
4.1200000000e+00	1.4232448553e-11	1.5535022158e-07
4.1300000000e+00	1.4065248966e-11	1.5213530753e-07
4.1400000000e+00	1.3897827333e-11	1.4895866128e-07
4.1500000000e+00	1.3730738768e-11	1.4582020670e-07
4.1600000000e+00	1.3562984069e-11	1.4272009606e-07
4.1700000000e+00	1.3396284082e-11	1.3965808827e-07
4.1800000000e+00	1.3229195517e-11	1.3663427215e-07
4.1900000000e+00	1.3062995130e-11	1.3364844469e-07
4.2000000000e+00	1.2896461676e-11	1.3070068202e-07
4.2100000000e+00	1.2730927423e-11	1.2779075576e-07
4.2200000000e+00	1.2565504193e-11	1.2491864051e-07
4.2300000000e+00	1.2400691585e-11	1.2208419672e-07
4.2400000000e+00	1.2236545111e-11	1.1928727212e-07
4.2500000000e+00	1.2072565170e-11	1.1652782866e-07
4.2600000000e+00	1.1909695452e-11	1.1380561255e-07
4.2700000000e+00	1.1747103290e-11	1.1112056037e-07
4.2800000000e+00	1.1585621351e-11	1.0847241835e-07
4.2900000000e+00	1.1424527990e-11	1.0586109767e-07
4.3000000000e+00	1.1264211786e-11	1.0328642069e-07
4.3100000000e+00	1.1104395181e-11	1.0074827322e-07
4.3200000000e+00	1.0945855333e-11	9.8246363426e-08
4.3300000000e+00	1.0787815086e-11	9.5780577120e-08
4.3400000000e+00	1.0630551994e-11	9.3350736665e-08
4.3500000000e+00	1.0474121570e-11	9.0956651734e-08
4.3600000000e+00	1.0318745858e-11	8.8598081252e-08
4.3700000000e+00	1.0164091790e-11	8.6274860272e-08
4.3800000000e+00	1.0009937323e-11	8.3986874598e-08
4.3900000000e+00	9.8567820572e-12	8.1733895842e-08
4.4000000000e+00	9.7047925252e-12	7.9515657550e-08
4.4100000000e+00	9.5535246381e-12	7.7331994776e-08
4.4200000000e+00	9.4028118625e-12	7.5182780636e-08
4.4300000000e+00	9.2533758433e-12	7.3067723300e-08
4.4400000000e+00	9.1043839134e-12	7.0986721263e-08
4.4500000000e+00	8.9565577177e-12	6.8939508070e-08
4.4600000000e+00	8.8098972562e-12	6.6925817269e-08
4.4700000000e+00	8.6632367946e-12	6.4945648859e-08
4.4800000000e+00	8.5180751341e-12	6.2998660257e-08
4.4900000000e+00	8.3736906298e-12	6.1084673827e-08
4.5000000000e+00	8.2299722592e-12	5.9203537311e-08
4.5100000000e+00	8.0871420671e-12	5.7355047695e-08
4.5200000000e+00	7.9450335200e-12	5.5539040034e-08
4.5300000000e+00	7.8039241735e-12	5.3755285937e-08
4.5400000000e+00	7.6637030055e-12	5.2003582393e-08
4.5500000000e+00	7.5240924602e-12	5.0283789830e-08
4.5600000000e+00	7.3854256044e-12	4.8595692549e-08
4.5700000000e+00	7.2474803936e-12	4.6939125602e-08
4.5800000000e+00	7.1105898947e-12	4.5313847912e-08
4.5900000000e+00	6.9740879738e-12	4.3719770661e-08
4.6000000000e+00	6.8386407648e-12	4.2156652772e-08
4.6100000000e+00	6.7033600892e-12	4.0624456180e-08
4.6200000000e+00	6.5694671925e-12	3.9122863679e-08
4.6300000000e+00	6.4360738961e-12	3.7651761074e-08
4.6400000000e+00	6.3035132669e-12	3.6210958042e-08
4.6500000000e+00	6.1712301935e-12	3.4800391140e-08
4.6600000000e+00	6.0404459212e-12	3.3419717787e-08
4.6700000000e+00	5.9094951155e-12	3.2068976046e-08
4.6800000000e+00	5.7795990216e-12	3.0747924841e-08
4.6900000000e+00	5.6506466173e-12	2.9456348472e-08
4.7000000000e+00	5.5219717687e-12	2.8194183496e-08
4.7100000000e+00	5.3940740763e-12	2.6961252278e-08
4.7200000000e+00	5.2669535400e-12	2.5757377184e-08
4.7300000000e+00	5.1400550483e-12	2.4582507458e-08
4.7400000000e+00	5.0139337127e-12	2.3436465467e-08
4.7500000000e+00	4.8884229997e-12	2.2319111638e-08
4.7600000000e+00	4.7635229095e-12	2.1230306402e-08
4.7700000000e+00	4.6390669084e-12	2.0169948251e-08
4.7800000000e+00	4.5153880635e-12	1.9137859551e-08
4.7900000000e+00	4.3920422854e-12	1.8133964172e-08
4.8000000000e+00	4.2693626412e-12	1.7158109854e-08
4.8100000000e+00	4.1470715750e-12	1.6210207779e-08
4.8200000000e+00	4.0251135758e-12	1.5290181819e-08
4.8300000000e+00	3.9037661992e-12	1.4397892402e-08
4.8400000000e+00	3.7833070010e-12	1.3533136516e-08
4.8500000000e+00	3.6626812694e-12	1.2695952226e-08
4.8600000000e+00	3.5424996270e-12	1.1886238026e-08
4.8700000000e+00	3.4233726964e-12	1.1103752838e-08
4.8800000000e+00	3.3040237213e-12	1.0348547416e-08
4.8900000000e+00	3.1855074134e-12	9.6204314356e-09
4.9000000000e+00	3.0670466167e-12	8.9193922089e-09
4.9100000000e+00	2.9491964426e-12	8.2452901649e-09
4.9200000000e+00	2.8316238243e-12	7.5980618622e-09
4.9300000000e+00	2.7144397841e-12	6.9776184830e-09
4.9400000000e+00	2.5973667661e-12	6.3839346508e-09
4.9500000000e+00	2.4807378374e-12	5.8169088594e-09
4.9600000000e+00	2.3645529978e-12	5.2764396027e-09
4.9700000000e+00	2.2484791806e-12	4.7625015043e-09
4.9800000000e+00	2.1327939415e-12	4.2750057462e-09
4.9900000000e+00	2.0173862580e-12	3.8138888872e-09
5.0000000000e+00	1.9018675523e-12	3.3791763039e-09
5.0100000000e+00	1.7869594693e-12	2.9707284252e-09
5.0200000000e+00	1.6721624085e-12	2.5885198746e-09
5.0300000000e+00	1.5576984147e-12	2.2324745227e-09
5.0400000000e+00	1.4432899320e-12	1.9025796811e-09
5.0500000000e+00	1.3289369605e-12	1.5988226616e-09
5.0600000000e+00	1.2149170558e-12	1.3211273345e-09
5.0700000000e+00	1.1011191958e-12	1.0694429469e-09
5.0800000000e+00	9.8721031350e-13	8.4379487524e-10
5.0900000000e+00	8.7363449808e-13	6.4410698997e-10
5.1000000000e+00	7.6005868266e-13	4.7037929107e-10
5.1100000000e+00	6.4648286724e-13	3.2261177856e-10
5.1200000000e+00	5.3318460758e-13	2.0074101112e-10
5.1300000000e+00	4.2005288137e-13	1.0472892395e-10
5.1400000000e+00	3.0681013286e-13	3.4600893579e-11
5.1500000000e+00	1.9340085089e-13	9.6050151959e-12
5.1600000000e+00	8.0213613529e-14	2.7939555431e-11
5.1700000000e+00	3.2862601529e-14	2.0428103653e-11
5.1800000000e+00	1.4610535004e-13	1.2967404928e-11
5.1900000000e+00	2.5940360970e-13	7.2259658574e-11
5.2000000000e+00	3.7275738052e-13	1.5746134555e-10
5.2100000000e+00	4.8594461788e-13	2.6853440106e-10
5.2200000000e+00	5.9929838869e-13	4.0551688991e-10
5.2300000000e+00	7.1265215951e-13	5.6840881208e-10
5.2400000000e+00	8.2617246377e-13	7.5724823237e-10
5.2500000000e+00	9.3980379035e-13	9.7206052731e-10
5.2600000000e+00	1.0536016504e-12	1.2128837617e-09
5.2700000000e+00	1.1674550215e-12	1.4797306237e-09
5.2800000000e+00	1.2815304373e-12	1.7726518666e-09
5.2900000000e+00	1.3954393197e-12	2.0916094253e-09
5.3000000000e+00	1.5096812689e-12	2.4366794297e-09
5.3100000000e+00	1.6244783296e-12	2.8079887621e-09
5.3200000000e+00	1.7392198792e-12	3.2055247345e-09
5.3300000000e+00	1.8538504065e-12	3.6292619703e-09
5.3400000000e+00	1.9691470676e-12	4.0793527286e-09
5.3500000000e+00	2.0844437287e-12	4.5557970095e-09
5.3600000000e+00	2.2001289679e-12	5.0586836307e-09
5.3700000000e+00	2.3160362517e-12	5.5880633454e-09
5.3800000000e+00	2.4323876247e-12	6.1440376596e-09
5.3900000000e+00	2.5486279753e-12	6.7265811968e-09
5.4000000000e+00	2.6655344598e-12	7.3358462162e-09
5.4100000000e+00	2.7824409443e-12	7.9718327178e-09
5.4200000000e+00	2.9000135626e-12	8.6346929606e-09
5.4300000000e+00	3.0179192478e-12	9.3245030744e-09
5.4400000000e+00	3.1358804442e-12	1.0041275747e-08
5.4500000000e+00	3.2546743078e-12	1.0785201303e-08
5.4600000000e+00	3.3734126603e-12	1.1556267054e-08
5.4700000000e+00	3.4929836801e-12	1.2354663324e-08
5.4800000000e+00	3.6124436775e-12	1.3180364736e-08
5.4900000000e+00	3.7327918534e-12	1.4033574303e-08
5.5000000000e+00	3.8534730962e-12	1.4914368153e-08
5.5100000000e+00	3.9744318947e-12	1.5822809729e-08
5.5200000000e+00	4.0961123382e-12	1.6759063978e-08
5.5300000000e+00	4.2181813598e-12	1.7723219717e-08
5.5400000000e+00	4.3406944705e-12	1.8715378453e-08
5.5500000000e+00	4.4637071817e-12	1.9735654381e-08
5.5600000000e+00	4.5872750043e-12	2.0784174382e-08
5.5700000000e+00	4.7116199831e-12	2.1861116092e-08
5.5800000000e+00	4.8360759841e-12	2.2966504888e-08
5.5900000000e+00	4.9615311859e-12	2.4100569159e-08
5.6000000000e+00	5.0874859880e-12	2.5263423100e-08
5.6100000000e+00	5.2138293682e-12	2.6455155527e-08
5.6200000000e+00	5.3407278600e-12	2.7675893323e-08
5.6300000000e+00	5.4684035078e-12	2.8925814125e-08
5.6400000000e+00	5.5969118229e-12	3.0205108256e-08
5.6500000000e+00	5.7256976937e-12	3.1513839157e-08
5.6600000000e+00	5.8553162319e-12	3.2852197153e-08
5.6700000000e+00	5.9858229484e-12	3.4220385256e-08
5.6800000000e+00	6.1164961984e-12	3.5618441530e-08
5.6900000000e+00	6.2480576268e-12	3.7046568987e-08
5.7000000000e+00	6.3805627448e-12	3.8504983329e-08
5.7100000000e+00	6.5137339966e-12	3.9993836814e-08
5.7200000000e+00	6.6475158711e-12	4.1513269013e-08
5.7300000000e+00	6.7819638794e-12	4.3063432185e-08
5.7400000000e+00	6.9174110884e-12	4.4644554720e-08
5.7500000000e+00	7.0533578977e-12	4.6256750811e-08
5.7600000000e+00	7.1900263521e-12	4.7900185405e-08
5.7700000000e+00	7.3278605406e-12	4.9575124958e-08
5.7800000000e+00	7.4661943295e-12	5.1281683661e-08
5.7900000000e+00	7.6053052744e-12	5.3020039153e-08
5.8000000000e+00	7.7453043978e-12	5.4790394444e-08
5.8100000000e+00	7.8863027220e-12	5.6592977923e-08
5.8200000000e+00	8.0278561576e-12	5.8427916473e-08
5.8300000000e+00	8.1702422605e-12	6.0295400419e-08
5.8400000000e+00	8.3135165418e-12	6.2195632771e-08
5.8500000000e+00	8.4576790016e-12	6.4128816543e-08
5.8600000000e+00	8.6027296398e-12	6.6095154746e-08
5.8700000000e+00	8.7483353894e-12	6.8094774264e-08
5.8800000000e+00	8.8952734068e-12	7.0127979614e-08
5.8900000000e+00	9.0426000021e-12	7.2194859614e-08
5.9000000000e+00	9.1912033540e-12	7.4295706095e-08
5.9100000000e+00	9.3403618173e-12	7.6430645939e-08
5.9200000000e+00	9.4905194814e-12	7.8599907535e-08
5.9300000000e+00	9.6415098128e-12	8.0803681206e-08
5.9400000000e+00	9.7933328114e-12	8.3042157278e-08
5.9500000000e+00	9.9462105219e-12	8.5315576825e-08
5.9600000000e+00	1.0099587833e-11	8.7624054044e-08
5.9700000000e+00	1.0254019855e-11	8.9967830011e-08
5.9800000000e+00	1.0409173523e-11	9.2347069674e-08
5.9900000000e+00	1.0565270880e-11	9.4761988732e-08
6.0000000000e+00	1.0722200905e-11	9.7212777510e-08
6.0100000000e+00	1.0879630530e-11	9.9699550203e-08
6.0200000000e+00	1.1038281400e-11	1.0222258595e-07
6.0300000000e+00	1.1197320848e-11	1.0478197357e-07
6.0400000000e+00	1.1357637053e-11	1.0737800490e-07
6.0500000000e+00	1.1518230814e-11	1.1001074337e-07
6.0600000000e+00	1.1679546219e-11	1.1268035394e-07
6.0700000000e+00	1.1841860825e-11	1.1538706498e-07
6.0800000000e+00	1.2004508498e-11	1.1813095264e-07
6.0900000000e+00	1.2168044350e-11	1.2091221992e-07
6.1000000000e+00	1.2332357358e-11	1.2373104446e-07
6.1100000000e+00	1.2496670365e-11	1.2658742626e-07
6.1200000000e+00	1.2661982574e-11	1.2948159370e-07
6.1300000000e+00	1.2827461315e-11	1.3241358486e-07
6.1400000000e+00	1.2993384146e-11	1.3538350124e-07
6.1500000000e+00	1.3159695555e-11	1.3839143165e-07
6.1600000000e+00	1.3326728610e-11	1.4143754104e-07
6.1700000000e+00	1.3493206552e-11	1.4452170254e-07
6.1800000000e+00	1.3660905740e-11	1.4764419528e-07
6.1900000000e+00	1.3828105327e-11	1.5080490507e-07
6.2000000000e+00	1.3994916337e-11	1.5400374309e-07
6.2100000000e+00	1.4162782058e-11	1.5724095042e-07
6.2200000000e+00	1.4329648579e-11	1.6051629867e-07
6.2300000000e+00	1.4496792655e-11	1.6382985127e-07
6.2400000000e+00	1.4663104064e-11	1.6718141792e-07
6.2500000000e+00	1.4829582007e-11	1.7057103666e-07
6.2600000000e+00	1.4995116260e-11	1.7399849181e-07
6.2700000000e+00	1.5159873357e-11	1.7746360572e-07
6.2800000000e+00	1.5324019831e-11	1.8096623882e-07
6.2900000000e+00	1.5487389149e-11	1.8450621348e-07
6.3000000000e+00	1.5649204155e-11	1.8808317443e-07
6.3100000000e+00	1.5810019960e-11	1.9169689328e-07
6.3200000000e+00	1.5969003897e-11	1.9534695131e-07
6.3300000000e+00	1.6126544544e-11	1.9903301864e-07
6.3400000000e+00	1.6282086790e-11	2.0275463848e-07
6.3500000000e+00	1.6435741657e-11	2.0651137943e-07
6.3600000000e+00	1.6586509943e-11	2.1030258170e-07
6.3700000000e+00	1.6735168806e-11	2.1412776314e-07
6.3800000000e+00	1.6881052112e-11	2.1798628934e-07
6.3900000000e+00	1.7023271681e-11	2.2187732286e-07
6.4000000000e+00	1.7162160582e-11	2.2580010243e-07
6.4100000000e+00	1.7297385746e-11	2.2975379060e-07
6.4200000000e+00	1.7428281041e-11	2.3373739769e-07
6.4300000000e+00	1.7554513398e-11	2.3774985790e-07
6.4400000000e+00	1.7675860775e-11	2.4179005464e-07
6.4500000000e+00	1.7792156637e-11	2.4585683330e-07
6.4600000000e+00	1.7901957694e-11	2.4994870935e-07
6.4700000000e+00	1.8006596214e-11	2.5406450277e-07
6.4800000000e+00	1.8102741528e-11	2.5820227226e-07
6.4900000000e+00	1.8191892437e-11	2.6236041910e-07
6.5000000000e+00	1.8272938718e-11	2.6653709081e-07
6.5100000000e+00	1.8345547304e-11	2.7073035877e-07
6.5200000000e+00	1.8408774505e-11	2.7493807865e-07
6.5300000000e+00	1.8461177032e-11	2.7915777626e-07
6.5400000000e+00	1.8502754884e-11	2.8338697738e-07
6.5500000000e+00	1.8532286816e-11	2.8762292865e-07
6.5600000000e+00	1.8549550784e-11	2.9186282597e-07
6.5700000000e+00	1.8553270031e-11	2.9610357341e-07
6.5800000000e+00	1.8541335134e-11	3.0034159287e-07
6.5900000000e+00	1.8513468536e-11	3.0457324282e-07
6.6000000000e+00	1.8468504503e-11	3.0879461527e-07
6.6100000000e+00	1.8405554858e-11	3.1300159924e-07
6.6200000000e+00	1.8322288131e-11	3.1718955082e-07
6.6300000000e+00	1.8217816145e-11	3.2135362308e-07
6.6400000000e+00	1.8089807430e-11	3.2548843620e-07
6.6500000000e+00	1.7937484831e-11	3.2958843274e-07
6.6600000000e+00	1.7759294035e-11	3.3364769994e-07
6.6700000000e+00	1.7551959886e-11	3.3765957649e-07
6.6800000000e+00	1.7313595002e-11	3.4161696963e-07
6.6900000000e+00	1.7043477740e-11	3.4551262169e-07
6.7000000000e+00	1.6737777830e-11	3.4933839948e-07
6.7100000000e+00	1.6393608693e-11	3.5308551004e-07
6.7200000000e+00	1.6008527837e-11	3.5674460211e-07
6.7300000000e+00	1.5580592372e-11	3.6030588037e-07
6.7400000000e+00	1.5105028339e-11	3.6375845828e-07
6.7500000000e+00	1.4579171204e-11	3.6709084026e-07
6.7600000000e+00	1.3999579274e-11	3.7029074410e-07
6.7700000000e+00	1.3360423878e-11	3.7334455527e-07
6.7800000000e+00	1.2659207016e-11	3.7623808830e-07
6.7900000000e+00	1.1890599616e-11	3.7895593964e-07
6.8000000000e+00	1.1048828519e-11	3.8148138616e-07
6.8100000000e+00	1.0129175276e-11	3.8379662623e-07
6.8200000000e+00	9.1259777513e-12	3.8588256400e-07
6.8300000000e+00	8.0332407393e-12	3.8771873331e-07
6.8400000000e+00	6.8413608112e-12	3.8928247292e-07
6.8500000000e+00	5.5461746307e-12	3.9055016998e-07
6.8600000000e+00	4.1374681459e-12	3.9149587699e-07
6.8700000000e+00	2.6080249071e-12	3.9209199697e-07
6.8800000000e+00	9.4724228461e-13	3.9230850949e-07
6.8900000000e+00	8.5420559515e-13	3.9211326249e-07
6.9000000000e+00	2.8087532300e-12	3.9147126176e-07
6.9100000000e+00	4.9281689840e-12	3.9034482313e-07
6.9200000000e+00	7.2242767324e-12	3.8869355988e-07
6.9300000000e+00	9.7111207964e-12	3.8647387512e-07
6.9400000000e+00	1.2406353722e-11	3.8363813713e-07
6.9500000000e+00	1.5323631253e-11	3.8013559284e-07
6.9600000000e+00	1.8482548825e-11	3.7591101026e-07
6.9700000000e+00	2.1903145964e-11	3.7090457689e-07
6.9800000000e+00	2.5606461396e-11	3.6505167143e-07
6.9900000000e+00	2.9616864516e-11	3.5828210240e-07
7.0000000000e+00	3.3957892054e-11	3.5052029850e-07
7.0100000000e+00	3.8658298784e-11	3.4168411592e-07
7.0200000000e+00	4.3749337486e-11	3.3168426735e-07
7.0300000000e+00	4.9262260937e-11	3.2042432200e-07
7.0400000000e+00	5.5235316321e-11	3.0779910684e-07
7.0500000000e+00	6.1705807131e-11	2.9369492235e-07
7.0600000000e+00	6.8717365131e-11	2.7798809603e-07
7.0700000000e+00	7.6318729114e-11	2.6054381509e-07
7.0800000000e+00	8.4559248492e-11	2.4121598687e-07
7.0900000000e+00	9.3496987930e-11	2.1984524677e-07
7.1000000000e+00	1.0319267663e-10	1.9625834925e-07
7.1100000000e+00	1.1371503739e-10	1.7026634071e-07
7.1200000000e+00	1.2513723391e-10	1.4166354439e-07
7.1300000000e+00	1.3754319905e-10	1.1022509889e-07
7.1400000000e+00	1.5101841999e-10	7.5706602891e-08
7.1500000000e+00	1.6566231720e-10	3.7840930389e-08
7.1600000000e+00	1.8158125004e-10	3.6633553334e-09
7.1700000000e+00	1.9889451197e-10	4.9124958070e-08
7.1800000000e+00	2.1772872394e-10	9.8891523541e-08
7.1900000000e+00	2.3822605000e-10	1.5334319211e-07
7.2000000000e+00	2.6053981195e-10	2.1289514913e-07
7.2100000000e+00	2.8483748693e-10	2.7800086043e-07
7.2200000000e+00	3.1130076295e-10	3.4915532053e-07
7.2300000000e+00	3.4013203365e-10	4.2689978536e-07
7.2400000000e+00	3.7154423982e-10	5.1182418304e-07
7.2500000000e+00	4.0577396998e-10	6.0457251903e-07
7.2600000000e+00	4.4306835978e-10	7.0584528698e-07
7.2700000000e+00	4.8369597216e-10	8.1640436633e-07
7.2800000000e+00	5.2794291161e-10	9.3707703184e-07
7.2900000000e+00	5.7610172188e-10	1.0687574254e-06
7.3000000000e+00	6.2848015681e-10	1.2124100327e-06
7.3100000000e+00	6.8538485998e-10	1.3690694293e-06
7.3200000000e+00	7.4711614673e-10	1.5398388342e-06
7.3300000000e+00	8.1394868623e-10	1.7258842482e-06
7.3400000000e+00	8.8611307181e-10	1.9284243789e-06
7.3500000000e+00	9.6376440162e-10	2.1487133850e-06
7.3600000000e+00	1.0469337619e-09	2.3880125306e-06
7.3700000000e+00	1.1354742702e-09	2.6475495066e-06
7.3800000000e+00	1.2289552709e-09	2.9284535685e-06
7.3900000000e+00	1.3265595289e-09	3.2316671751e-06
7.4000000000e+00	1.4268906057e-09	3.5578135993e-06
7.4100000000e+00	1.5277433763e-09	3.9070120853e-06
7.4200000000e+00	1.6257404312e-09	4.2786098981e-06
7.4300000000e+00	1.7158635623e-09	4.6708072838e-06
7.4400000000e+00	1.7907503258e-09	5.0801216440e-06
7.4500000000e+00	1.8397245949e-09	5.5006301228e-06
7.4600000000e+00	1.8474101138e-09	5.9228952917e-06
7.4700000000e+00	1.7917303197e-09	6.3324336505e-06
7.4800000000e+00	1.6410479642e-09	6.7075303280e-06
7.4900000000e+00	1.3500462970e-09	7.0161123387e-06
7.5000000000e+00	8.5371287817e-10	7.2112467109e-06
7.5100000000e+00	5.8602012132e-11	7.2246414565e-06
7.5200000000e+00	1.1699445857e-09	6.9572255512e-06
7.5300000000e+00	3.0267290896e-09	6.2654017593e-06
7.5400000000e+00	5.7945626075e-09	4.9409303062e-06
7.5500000000e+00	9.8855883479e-09	2.6813672552e-06
7.5600000000e+00	1.5902685613e-08	9.5353231343e-07
7.5700000000e+00	2.4730422377e-08	6.6062002852e-06
7.5800000000e+00	3.7669483977e-08	1.5216368051e-05
7.5900000000e+00	5.6633184364e-08	2.8161095906e-05
7.6000000000e+00	8.4429895741e-08	4.7459357790e-05
7.6100000000e+00	1.2515649095e-07	7.6066555721e-05
7.6200000000e+00	1.8471690821e-07	1.1828756331e-04
7.6300000000e+00	2.7143699799e-07	1.8033030571e-04
7.6400000000e+00	3.9663143214e-07	2.7098891877e-04
7.6500000000e+00	5.7472247050e-07	4.0235405489e-04
7.6600000000e+00	8.2202167162e-07	5.9024472269e-04
7.6700000000e+00	1.1525320320e-06	8.5368061572e-04
7.6800000000e+00	1.5683894610e-06	1.2121696354e-03
7.6900000000e+00	2.0429874219e-06	1.6791381889e-03
7.7000000000e+00	2.4989498746e-06	2.2503267317e-03
7.7100000000e+00	2.7936439220e-06	2.8888739139e-03
7.7200000000e+00	2.7386133157e-06	3.5148426717e-03
7.7300000000e+00	2.1776745980e-06	4.0125968656e-03
7.7400000000e+00	1.1053989057e-06	4.2652594726e-03
7.7500000000e+00	2.6194428893e-07	4.2053864923e-03
7.7600000000e+00	1.5572454393e-06	3.8494446776e-03
7.7700000000e+00	2.4515725179e-06	3.2890852449e-03
7.7800000000e+00	2.8120539355e-06	2.6463300597e-03
7.7900000000e+00	2.7138909293e-06	2.0260121330e-03
7.8000000000e+00	2.3382604670e-06	1.4915525976e-03
7.8100000000e+00	1.8622058242e-06	1.0659055521e-03
7.8200000000e+00	1.4037216887e-06	7.4505488042e-04
7.8300000000e+00	1.0186572603e-06	5.1221893520e-04
7.8400000000e+00	7.2043439570e-07	3.4754821619e-04
7.8500000000e+00	5.0091687243e-07	2.3305293106e-04
7.8600000000e+00	3.4446378638e-07	1.5431835132e-04
7.8700000000e+00	2.3518416792e-07	1.0056197008e-04
7.8800000000e+00	1.5977374446e-07	6.4042257059e-05
7.8900000000e+00	1.0808635831e-07	3.9336803732e-05
7.9000000000e+00	7.2775919957e-08	2.2702307742e-05
7.9100000000e+00	4.8682468945e-08	1.1574886269e-05
7.9200000000e+00	3.2244893866e-08	4.2046248134e-06
7.9300000000e+00	2.1029077368e-08	6.0202144222e-07
7.9400000000e+00	1.3378680608e-08	3.6600055811e-06
7.9500000000e+00	8.1678028785e-09	5.5269319534e-06
7.9600000000e+00	4.6302581769e-09	6.5852766795e-06
7.9700000000e+00	2.2432897762e-09	7.0980286284e-06
7.9800000000e+00	6.4906080510e-10	7.2463853838e-06
7.9900000000e+00	3.9832714904e-10	7.1553391783e-06
8.0000000000e+00	1.0684917395e-09	6.9111124950e-06
8.0100000000e+00	1.4788692493e-09	6.5730852380e-06
8.0200000000e+00	1.7110145523e-09	6.1819961975e-06
8.0300000000e+00	1.8217138908e-09	5.7656044510e-06
8.0400000000e+00	1.8505885713e-09	5.3426127776e-06
8.0500000000e+00	1.8252896972e-09	4.9254037039e-06
8.0600000000e+00	1.7651149431e-09	4.5219488598e-06
8.0700000000e+00	1.6834894589e-09	4.1371512692e-06
8.0800000000e+00	1.5897034800e-09	3.7737904738e-06
8.0900000000e+00	1.4901536671e-09	3.4331839213e-06
8.1000000000e+00	1.3891727768e-09	3.1156587152e-06
8.1100000000e+00	1.2896511636e-09	2.8208813063e-06
8.1200000000e+00	1.1934624400e-09	2.5480898915e-06
8.1300000000e+00	1.1017572410e-09	2.2962596650e-06
8.1400000000e+00	1.0151952612e-09	2.0642150338e-06
8.1500000000e+00	9.3408136781e-10	1.8507107212e-06
8.1600000000e+00	8.5849360953e-10	1.6544836104e-06
8.1700000000e+00	7.8834472284e-10	1.4742905309e-06
8.1800000000e+00	7.2344874535e-10	1.3089308177e-06
8.1900000000e+00	6.6355820838e-10	1.1572603701e-06
8.2000000000e+00	6.0838123428e-10	1.0182018022e-06
8.2100000000e+00	5.5761639750e-10	8.9074662567e-07
8.2200000000e+00	5.1095550013e-10	7.7395679706e-07
8.2300000000e+00	4.6809611742e-10	6.6696339880e-07
8.2400000000e+00	4.2874792605e-10	5.6896387284e-07
8.2500000000e+00	3.9262959550e-10	4.7921996530e-07
8.2600000000e+00	3.5948266586e-10	3.9705249882e-07
8.2700000000e+00	3.2906144476e-10	3.2183845430e-07
8.2800000000e+00	3.0113922467e-10	2.5300663152e-07
8.2900000000e+00	2.7550789428e-10	1.9003339854e-07
8.3000000000e+00	2.5197272047e-10	1.3243963386e-07
8.3100000000e+00	2.3035806596e-10	7.9786361645e-08
8.3200000000e+00	2.1049950671e-10	3.1672188681e-08
8.3300000000e+00	1.9225038228e-10	1.2270755840e-08
8.3400000000e+00	1.7547169273e-10	5.2378571322e-08
8.3500000000e+00	1.6004236825e-10	8.8959684064e-08
8.3600000000e+00	1.4584744523e-10	1.2229624297e-07
8.3700000000e+00	1.3278478317e-10	1.5264705056e-07
8.3800000000e+00	1.2075540567e-10	1.8024828614e-07
8.3900000000e+00	1.0967993180e-10	2.0531798484e-07
8.4000000000e+00	9.9475205850e-11	2.2805517474e-07
8.4100000000e+00	9.0069895986e-11	2.4864257954e-07
8.4200000000e+00	8.1399664786e-11	2.6724821721e-07
8.4300000000e+00	7.3404060608e-11	2.8402628820e-07
8.4400000000e+00	6.6029515189e-11	2.9911874882e-07
8.4500000000e+00	5.9224902760e-11	3.1265586945e-07
8.4600000000e+00	5.2945869911e-11	3.2475778257e-07
8.4700000000e+00	4.7149006921e-11	3.3553469844e-07
8.4800000000e+00	4.1797398875e-11	3.4508838961e-07
8.4900000000e+00	3.6857128460e-11	3.5351287612e-07
8.5000000000e+00	3.2293834273e-11	3.6089432395e-07
8.5100000000e+00	2.8079927272e-11	3.6731259304e-07
8.5200000000e+00	2.4186985748e-11	3.7284104693e-07
8.5300000000e+00	2.0592028083e-11	3.7754779620e-07
8.5400000000e+00	1.7271184483e-11	3.8149549551e-07
8.5500000000e+00	1.4204637466e-11	3.8474226979e-07
8.5600000000e+00	1.1372958131e-11	3.8734180308e-07
8.5700000000e+00	8.7584939301e-12	3.8934374455e-07
8.5800000000e+00	6.3440919185e-12	3.9079382270e-07
8.5900000000e+00	4.1150971519e-12	3.9173441633e-07
8.6000000000e+00	2.0600743333e-12	3.9220529047e-07
8.6100000000e+00	1.6403545189e-13	3.9224278428e-07
8.6200000000e+00	1.5839551892e-12	3.9188073738e-07
8.6300000000e+00	3.1946667534e-12	3.9115052784e-07
8.6400000000e+00	4.6784243146e-12	3.9008117371e-07
8.6500000000e+00	6.0431659676e-12	3.8869987863e-07
8.6600000000e+00	7.2989947419e-12	3.8703153698e-07
8.6700000000e+00	8.4527940203e-12	3.8509946977e-07
8.6800000000e+00	9.5120578081e-12	3.8292528513e-07
8.6900000000e+00	1.0483058865e-11	3.8052915739e-07
8.7000000000e+00	1.1372014441e-11	3.7792983980e-07
8.7100000000e+00	1.2185585874e-11	3.7514456303e-07
8.7200000000e+00	1.2929102233e-11	3.7218933967e-07
8.7300000000e+00	1.3606116234e-11	3.6907937024e-07
8.7400000000e+00	1.4222512057e-11	3.6582851034e-07
8.7500000000e+00	1.4781731394e-11	3.6244982888e-07
8.7600000000e+00	1.5288714739e-11	3.5895526551e-07
8.7700000000e+00	1.5745904580e-11	3.5535620161e-07
8.7800000000e+00	1.6157075677e-11	3.5166315574e-07
8.7900000000e+00	1.6526724433e-11	3.4788561872e-07
8.8000000000e+00	1.6855572493e-11	3.4403291644e-07
8.8100000000e+00	1.7148393816e-11	3.4011328357e-07
8.8200000000e+00	1.7406631692e-11	3.3613462490e-07
8.8300000000e+00	1.7632062477e-11	3.3210443919e-07
8.8400000000e+00	1.7829460131e-11	3.2802913401e-07
8.8500000000e+00	1.7997714430e-11	3.2391537072e-07
8.8600000000e+00	1.8139989511e-11	3.1976908740e-07
8.8700000000e+00	1.8259560530e-11	3.1559547356e-07
8.8800000000e+00	1.8355206244e-11	3.1139999785e-07
8.8900000000e+00	1.8430867943e-11	3.0718722804e-07
8.9000000000e+00	1.8487045228e-11	3.0296161770e-07
8.9100000000e+00	1.8525736500e-11	2.9872716364e-07
8.9200000000e+00	1.8547052782e-11	2.9448783729e-07
8.9300000000e+00	1.8553047987e-11	2.9024714061e-07
8.9400000000e+00	1.8544443758e-11	2.8600841061e-07
8.9500000000e+00	1.8522627876e-11	2.8177466709e-07
8.9600000000e+00	1.8488932607e-11	2.7754862535e-07
8.9700000000e+00	1.8443135907e-11	2.7333305143e-07
8.9800000000e+00	1.8386181466e-11	2.6913049567e-07
8.9900000000e+00	1.8319679107e-11	2.6494314044e-07
9.0000000000e+00	1.8243795363e-11	2.6077313007e-07
9.0100000000e+00	1.8159918014e-11	2.5662229167e-07
9.0200000000e+00	1.8067436436e-11	2.5249259191e-07
9.0300000000e+00	1.7968238009e-11	2.4838556608e-07
9.0400000000e+00	1.7861712109e-11	2.4430288903e-07
9.0500000000e+00	1.7749302028e-11	2.4024590571e-07
9.0600000000e+00	1.7631174298e-11	2.3621592301e-07
9.0700000000e+00	1.7508106076e-11	2.3221407019e-07
9.0800000000e+00	1.7379708783e-11	2.2824156533e-07
9.0900000000e+00	1.7247370199e-11	2.2429930928e-07
9.1000000000e+00	1.7110590722e-11	2.2038831712e-07
9.1100000000e+00	1.6970702621e-11	2.1650929938e-07
9.1200000000e+00	1.6826873228e-11	2.1266315693e-07
9.1300000000e+00	1.6679990722e-11	2.0885058762e-07
9.1400000000e+00	1.6530332658e-11	2.0507222587e-07
9.1500000000e+00	1.6378565171e-11	2.0132855383e-07
9.1600000000e+00	1.6224244170e-11	1.9762015516e-07
9.1700000000e+00	1.6068035791e-11	1.9394746127e-07
9.1800000000e+00	1.5909717987e-11	1.9031095430e-07
9.1900000000e+00	1.5749734850e-11	1.8671101490e-07
9.2000000000e+00	1.5588919045e-11	1.8314783341e-07
9.2100000000e+00	1.5426215860e-11	1.7962184121e-07
9.2200000000e+00	1.5262957564e-11	1.7613316520e-07
9.2300000000e+00	1.5098367001e-11	1.7268210988e-07
9.2400000000e+00	1.4933498882e-11	1.6926873871e-07
9.2500000000e+00	1.4767520540e-11	1.6589330544e-07
9.2600000000e+00	1.4601042597e-11	1.6255592428e-07
9.2700000000e+00	1.4434120565e-11	1.5925669672e-07
9.2800000000e+00	1.4267309556e-11	1.5599559739e-07
9.2900000000e+00	1.4100109968e-11	1.5277271511e-07
9.3000000000e+00	1.3932854870e-11	1.4958806257e-07
9.3100000000e+00	1.3765544260e-11	1.4644165246e-07
9.3200000000e+00	1.3598178139e-11	1.4333349745e-07
9.3300000000e+00	1.3431145085e-11	1.4026352143e-07
9.3400000000e+00	1.3264167542e-11	1.3723171171e-07
9.3500000000e+00	1.3097800622e-11	1.3423792871e-07
9.3600000000e+00	1.2931267168e-11	1.3128221050e-07
9.3700000000e+00	1.2765510871e-11	1.2836437944e-07
9.3800000000e+00	1.2600087640e-11	1.2548435941e-07
9.3900000000e+00	1.2435275032e-11	1.2264201083e-07
9.4000000000e+00	1.2270406913e-11	1.1983734640e-07
9.4100000000e+00	1.2106982084e-11	1.1707003620e-07
9.4200000000e+00	1.1943723788e-11	1.1434004220e-07
9.4300000000e+00	1.1781131626e-11	1.1164721211e-07
9.4400000000e+00	1.1619150087e-11	1.0899140638e-07
9.4500000000e+00	1.1458112237e-11	1.0637240929e-07
9.4600000000e+00	1.1297296432e-11	1.0379017011e-07
9.4700000000e+00	1.1137923916e-11	1.0124435893e-07
9.4800000000e+00	1.0978828957e-11	9.8734912310e-08
9.4900000000e+00	1.0820677687e-11	9.6261614552e-08
9.5000000000e+00	1.0663303573e-11	9.3824288021e-08
9.5100000000e+00	1.0506817638e-11	9.1422729704e-08
9.5200000000e+00	1.0350997837e-11	8.9056787341e-08
9.5300000000e+00	1.0196177236e-11	8.6726232545e-08
9.5400000000e+00	1.0042244813e-11	8.4430862302e-08
9.5500000000e+00	9.8889785249e-12	8.2170524353e-08
9.5600000000e+00	9.7363228591e-12	7.9945079128e-08
9.5700000000e+00	9.5848884385e-12	7.7754247485e-08
9.5800000000e+00	9.4342866852e-12	7.5597839100e-08
9.5900000000e+00	9.2845175992e-12	7.3475663649e-08
9.6000000000e+00	9.1354146470e-12	7.1387568872e-08
9.6100000000e+00	8.9873664066e-12	6.9333313693e-08
9.6200000000e+00	8.8405394116e-12	6.7312618971e-08
9.6300000000e+00	8.6938789501e-12	6.5325446639e-08
9.6400000000e+00	8.5483842227e-12	6.3371530246e-08
9.6500000000e+00	8.4037776737e-12	6.1450666777e-08
9.6600000000e+00	8.2600037921e-12	5.9562665911e-08
9.6700000000e+00	8.1169515553e-12	5.7707362698e-08
9.6800000000e+00	7.9747319859e-12	5.5884566815e-08
9.6900000000e+00	7.8335671283e-12	5.4094037186e-08
9.7000000000e+00	7.6929018711e-12	5.2335659616e-08
9.7100000000e+00	7.5532358146e-12	5.0609205715e-08
9.7200000000e+00	7.4142358919e-12	4.8914523226e-08
9.7300000000e+00	7.2760686365e-12	4.7251421823e-08
9.7400000000e+00	7.1390116041e-12	4.5619647742e-08
9.7500000000e+00	7.0024541721e-12	4.4019086788e-08
9.7600000000e+00	6.8666183850e-12	4.2449574015e-08
9.7700000000e+00	6.7317262875e-12	4.0910893720e-08
9.7800000000e+00	6.5973893015e-12	3.9402919023e-08
9.7900000000e+00	6.4638294717e-12	3.7925472286e-08
9.8000000000e+00	6.3308247533e-12	3.6478426629e-08
9.8100000000e+00	6.1989302580e-12	3.5061528284e-08
9.8200000000e+00	6.0677018965e-12	3.3674624993e-08
9.8300000000e+00	5.9369731353e-12	3.2317602562e-08
9.8400000000e+00	5.8067994857e-12	3.0990334108e-08
9.8500000000e+00	5.6774585033e-12	2.9692629308e-08
9.8600000000e+00	5.5487836548e-12	2.8424335901e-08
9.8700000000e+00	5.4209414735e-12	2.7185263564e-08
9.8800000000e+00	5.2931548034e-12	2.5975399609e-08
9.8900000000e+00	5.1664783562e-12	2.4794490270e-08
9.9000000000e+00	5.0402459983e-12	2.3642434042e-08
9.9100000000e+00	4.9146797743e-12	2.2519078665e-08
9.9200000000e+00	4.7893911059e-12	2.1424360698e-08
9.9300000000e+00	4.6649906160e-12	2.0358077129e-08
9.9400000000e+00	4.5410897265e-12	1.9320113763e-08
9.9500000000e+00	4.4177439484e-12	1.8310343717e-08
9.9600000000e+00	4.2947312373e-12	1.7328690863e-08
9.9700000000e+00	4.1724401711e-12	1.6374990253e-08
9.9800000000e+00	4.0505376830e-12	1.5449153068e-08
9.9900000000e+00	3.9290792841e-12	1.4551077803e-08
1.0000000000e+01	3.8081759968e-12	1.3680637575e-08
1.0010000000e+01	3.6877167986e-12	1.2837730878e-08
1.0020000000e+01	3.5678682231e-12	1.2022218142e-08
1.0030000000e+01	3.4480196476e-12	1.1234099365e-08
1.0040000000e+01	3.3290037393e-12	1.0473184225e-08
1.0050000000e+01	3.2101543646e-12	9.7394346556e-09
1.0060000000e+01	3.0918601013e-12	9.0327237753e-09
1.0070000000e+01	2.9737323715e-12	8.3530135190e-09
1.0080000000e+01	2.8560487308e-12	7.7002023805e-09
1.0090000000e+01	2.7388091794e-12	7.0741888538e-09
1.0100000000e+01	2.6216806503e-12	6.4749475622e-09
1.0110000000e+01	2.5049962105e-12	5.9023769999e-09
1.0120000000e+01	2.3888113709e-12	5.3563629722e-09
1.0130000000e+01	2.2727930649e-12	4.8368674145e-09
1.0140000000e+01	2.1569412922e-12	4.3438522620e-09
1.0150000000e+01	2.0413670754e-12	3.8772540734e-09
1.0160000000e+01	1.9259593920e-12	3.4370347838e-09
1.0170000000e+01	1.8108847755e-12	3.0231182637e-09
1.0180000000e+01	1.6963097593e-12	2.6353903187e-09
1.0190000000e+01	1.5815682097e-12	2.2738890136e-09
1.0200000000e+01	1.4670487047e-12	1.9385635954e-09
1.0210000000e+01	1.3529177778e-12	1.6293252462e-09
1.0220000000e+01	1.2387868509e-12	1.3461739660e-09
1.0230000000e+01	1.1247114351e-12	1.0890970665e-09
1.0240000000e+01	1.0109690862e-12	8.5801841822e-10
1.0250000000e+01	8.9733775965e-13	6.5291264458e-10
1.0260000000e+01	7.8376194423e-13	4.7376705733e-10
1.0270000000e+01	6.7040817342e-13	3.2053090341e-10
1.0280000000e+01	5.5677684685e-13	1.9326762413e-10
1.0290000000e+01	4.4353409834e-13	9.1888401650e-11
1.0300000000e+01	3.3018032752e-13	1.6418612501e-11
1.0310000000e+01	2.1715962362e-13	3.3217872897e-11
1.0320000000e+01	1.0391687510e-13	5.6970301492e-11
1.0330000000e+01	9.3813845581e-15	5.4825985022e-11
1.0340000000e+01	1.2262413307e-13	2.6797611749e-11
1.0350000000e+01	2.3564483698e-13	2.7064065275e-11
1.0360000000e+01	3.4905411894e-13	1.0684786389e-10
1.0370000000e+01	4.6224135630e-13	2.1250303104e-10
1.0380000000e+01	5.7565063827e-13	3.4408031979e-10
1.0390000000e+01	6.8905992023e-13	5.0157973013e-10
1.0400000000e+01	8.0246920220e-13	6.8500126206e-10
1.0410000000e+01	9.1610052877e-13	8.9439566864e-10
1.0420000000e+01	1.0297318553e-12	1.1297629499e-09
1.0430000000e+01	1.1435297154e-12	1.3911411705e-09
1.0440000000e+01	1.2576051311e-12	1.6785937719e-09
1.0450000000e+01	1.3717915692e-12	1.9921461306e-09
1.0460000000e+01	1.4860335185e-12	2.3318109348e-09
1.0470000000e+01	1.6004420011e-12	2.6976262494e-09
1.0480000000e+01	1.7151835507e-12	3.0896682038e-09
1.0490000000e+01	1.8299806115e-12	3.5079494864e-09
1.0500000000e+01	1.9449997168e-12	3.9525208503e-09
1.0510000000e+01	2.0604074003e-12	4.4234711132e-09
1.0520000000e+01	2.1759816171e-12	4.9208383400e-09
1.0530000000e+01	2.2918333897e-12	5.4446859719e-09
1.0540000000e+01	2.4079627181e-12	5.9950774503e-09
1.0550000000e+01	2.5243696022e-12	6.5720762166e-09
1.0560000000e+01	2.6410540421e-12	7.1757457119e-09
1.0570000000e+01	2.7582380824e-12	7.8062001307e-09
1.0580000000e+01	2.8754776338e-12	8.4634521613e-09
1.0590000000e+01	2.9933833190e-12	9.1476540628e-09
1.0600000000e+01	3.1112890042e-12	9.8588058352e-09
1.0610000000e+01	3.2296387786e-12	1.0597008985e-08
1.0620000000e+01	3.3487657092e-12	1.1362441147e-08
1.0630000000e+01	3.4677816174e-12	1.2155076945e-08
1.0640000000e+01	3.5876857041e-12	1.2975119392e-08
1.0650000000e+01	3.7077008130e-12	1.3822593863e-08
1.0660000000e+01	3.8282155224e-12	1.4697614554e-08
1.0670000000e+01	3.9490077874e-12	1.5600244905e-08
1.0680000000e+01	4.0707992532e-12	1.6530713306e-08
1.0690000000e+01	4.1925352079e-12	1.7489007068e-08
1.0700000000e+01	4.3151038298e-12	1.8475316515e-08
1.0710000000e+01	4.4381720521e-12	1.9489755841e-08
1.0720000000e+01	4.5615733413e-12	2.0532401176e-08
1.0730000000e+01	4.6854742308e-12	2.1603366715e-08
1.0740000000e+01	4.8101522765e-12	2.2702830092e-08
1.0750000000e+01	4.9353854337e-12	2.3830918191e-08
1.0760000000e+01	5.0609516578e-12	2.4987707142e-08
1.0770000000e+01	5.1874615714e-12	2.6173412644e-08
1.0780000000e+01	5.3142490408e-12	2.7388098139e-08
1.0790000000e+01	5.4417026440e-12	2.8631915886e-08
1.0800000000e+01	5.5700999368e-12	2.9905081586e-08
1.0810000000e+01	5.6987192742e-12	3.1207645991e-08
1.0820000000e+01	5.8282267901e-12	3.2539812115e-08
1.0830000000e+01	5.9582894174e-12	3.3901706839e-08
1.0840000000e+01	6.0893512455e-12	3.5293558552e-08
1.0850000000e+01	6.2206351181e-12	3.6715418007e-08
1.0860000000e+01	6.3530847250e-12	3.8167551659e-08
1.0870000000e+01	6.4857563764e-12	3.9650010259e-08
1.0880000000e+01	6.6194827397e-12	4.1163034885e-08
1.0890000000e+01	6.7538197257e-12	4.2706765108e-08
1.0900000000e+01	6.8889893790e-12	4.4281391252e-08
1.0910000000e+01	7.0249916995e-12	4.5887103641e-08
1.0920000000e+01	7.1614381092e-12	4.7524003780e-08
1.0930000000e+01	7.2990502531e-12	4.9192358123e-08
1.0940000000e+01	7.4369954639e-12	5.0892242801e-08
1.0950000000e+01	7.5762729423e-12	5.2623962331e-08
1.0960000000e+01	7.7161610434e-12	5.4387656283e-08
1.0970000000e+01	7.8568263007e-12	5.6183502295e-08
1.0980000000e+01	7.9981576917e-12	5.8011652625e-08
1.0990000000e+01	8.1404882835e-12	5.9872335661e-08
1.1000000000e+01	8.2834850090e-12	6.1765703663e-08
1.1010000000e+01	8.4276474688e-12	6.3692023084e-08
1.1020000000e+01	8.5723650400e-12	6.5651420808e-08
1.1030000000e+01	8.7180263009e-12	6.7644112534e-08
1.1040000000e+01	8.8645757401e-12	6.9670301274e-08
1.1050000000e+01	9.0116247797e-12	7.1730101224e-08
1.1060000000e+01	9.1602281316e-12	7.3823867654e-08
1.1070000000e+01	9.3094421061e-12	7.5951740135e-08
1.1080000000e+01	9.4589891475e-12	7.8113794798e-08
1.1090000000e+01	9.6099239677e-12	8.0310348847e-08
1.1100000000e+01	9.7614694106e-12	8.2541541855e-08
1.1110000000e+01	9.9140140541e-12	8.4807602211e-08
1.1120000000e+01	1.0067502387e-11	8.7108745614e-08
1.1130000000e+01	1.0221712365e-11	8.9445137011e-08
1.1140000000e+01	1.0376755011e-11	9.1816966728e-08
1.1150000000e+01	1.0532574812e-11	9.4224412399e-08
1.1160000000e+01	1.0689449326e-11	9.6667715102e-08
1.1170000000e+01	1.0846712417e-11	9.9146963655e-08
1.1180000000e+01	1.1005307776e-11	1.0166246258e-07
1.1190000000e+01	1.1164236202e-11	1.0421428799e-07
1.1200000000e+01	1.1324108318e-11	1.0680265561e-07
1.1210000000e+01	1.1484757589e-11	1.0942774306e-07
1.1220000000e+01	1.1645906461e-11	1.1208966453e-07
1.1230000000e+01	1.1807888001e-11	1.1478861036e-07
1.1240000000e+01	1.1970757718e-11	1.1752478356e-07
1.1250000000e+01	1.2133849481e-11	1.2029823487e-07
1.1260000000e+01	1.2297718399e-11	1.2310914193e-07
1.1270000000e+01	1.2462475496e-11	1.2595770776e-07
1.1280000000e+01	1.2627232593e-11	1.2884393235e-07
1.1290000000e+01	1.2792988890e-11	1.3176804410e-07
1.1300000000e+01	1.2958856210e-11	1.3473006837e-07
1.1310000000e+01	1.3125112108e-11	1.3773009400e-07
1.1320000000e+01	1.3291812095e-11	1.4076822248e-07
1.1330000000e+01	1.3458567594e-11	1.4384446650e-07
1.1340000000e+01	1.3625878204e-11	1.4695895294e-07
1.1350000000e+01	1.3793077791e-11	1.5011165644e-07
1.1360000000e+01	1.3960388401e-11	1.5330260236e-07
1.1370000000e+01	1.4127865544e-11	1.5653182877e-07
1.1380000000e+01	1.4294676554e-11	1.5979918341e-07
1.1390000000e+01	1.4461987163e-11	1.6310478048e-07
1.1400000000e+01	1.4628409595e-11	1.6644841695e-07
1.1410000000e+01	1.4794943048e-11	1.6983011822e-07
1.1420000000e+01	1.4960699346e-11	1.7324970664e-07
1.1430000000e+01	1.5126011554e-11	1.7670708071e-07
1.1440000000e+01	1.5289880473e-11	1.8020191054e-07
1.1450000000e+01	1.5453083257e-11	1.8373404385e-07
1.1460000000e+01	1.5615564397e-11	1.8730331571e-07
1.1470000000e+01	1.5776546736e-11	1.9090938354e-07
1.1480000000e+01	1.5935863740e-11	1.9455186668e-07
1.1490000000e+01	1.6093959498e-11	1.9823048599e-07
1.1500000000e+01	1.6249779300e-11	2.0194472126e-07
1.1510000000e+01	1.6403656211e-11	2.0569412840e-07
1.1520000000e+01	1.6555423699e-11	2.0947822524e-07
1.1530000000e+01	1.6704748695e-11	2.1329645352e-07
1.1540000000e+01	1.6850576490e-11	2.1714801386e-07
1.1550000000e+01	1.6993684238e-11	2.2103228454e-07
1.1560000000e+01	1.7133738872e-11	2.2494856771e-07
1.1570000000e+01	1.7269408126e-11	2.2889586100e-07
1.1580000000e+01	1.7401302621e-11	2.3287330159e-07
1.1590000000e+01	1.7528645202e-11	2.3687984907e-07
1.1600000000e+01	1.7651324846e-11	2.4091443761e-07
1.1610000000e+01	1.7768064797e-11	2.4497570956e-07
1.1620000000e+01	1.7879919767e-11	2.4906254836e-07
1.1630000000e+01	1.7985113399e-11	2.5317343143e-07
1.1640000000e+01	1.8083201603e-11	2.5730673465e-07
1.1650000000e+01	1.8174572958e-11	2.6146092275e-07
1.1660000000e+01	1.8257506618e-11	2.6563406712e-07
1.1670000000e+01	1.8331114404e-11	2.6982403613e-07
1.1680000000e+01	1.8396173473e-11	2.7402887578e-07
1.1690000000e+01	1.8450907469e-11	2.7824622606e-07
1.1700000000e+01	1.8494650256e-11	2.8247357469e-07
1.1710000000e+01	1.8527290813e-11	2.8670838402e-07
1.1720000000e+01	1.8547052782e-11	2.9094771037e-07
1.1730000000e+01	1.8552825942e-11	2.9518835630e-07
1.1740000000e+01	1.8544721314e-11	2.9942714974e-07
1.1750000000e+01	1.8520629474e-11	3.0366043648e-07
1.1760000000e+01	1.8478996111e-11	3.0788420702e-07
1.1770000000e+01	1.8420154291e-11	3.1209452800e-07
1.1780000000e+01	1.8341106411e-11	3.1628678089e-07
1.1790000000e+01	1.8240964295e-11	3.2045614416e-07
1.1800000000e+01	1.8117840561e-11	3.2459736486e-07
1.1810000000e+01	1.7971568678e-11	3.2870515199e-07
1.1820000000e+01	1.7799095531e-11	3.3277351668e-07
1.1830000000e+01	1.7597312496e-11	3.3679575954e-07
1.1840000000e+01	1.7365997529e-11	3.4076513040e-07
1.1850000000e+01	1.7102652627e-11	3.4467430814e-07
1.1860000000e+01	1.6804335701e-11	3.4851529916e-07
1.1870000000e+01	1.6468604258e-11	3.5227955156e-07
1.1880000000e+01	1.6092460697e-11	3.5595782829e-07
1.1890000000e+01	1.5673684572e-11	3.5954038477e-07
1.1900000000e+01	1.5208168058e-11	3.6301653747e-07
1.1910000000e+01	1.4693246619e-11	3.6637499384e-07
1.1920000000e+01	1.4124923453e-11	3.6960354777e-07
1.1930000000e+01	1.3498757667e-11	3.7268897809e-07
1.1940000000e+01	1.2810974503e-11	3.7561720083e-07
1.1950000000e+01	1.2056688981e-11	3.7837301546e-07
1.1960000000e+01	1.1231238162e-11	3.8094015561e-07
1.1970000000e+01	1.0328071731e-11	3.8330085772e-07
1.1980000000e+01	9.3430818637e-12	3.8543641929e-07
1.1990000000e+01	8.2682749536e-12	3.8732631071e-07
1.2000000000e+01	7.0988770418e-12	3.8894891117e-07
1.2010000000e+01	5.8247295875e-12	3.9028027794e-07
1.2020000000e+01	4.4408920985e-12	3.9129533899e-07
1.2030000000e+01	2.9377611455e-12	3.9196682725e-07
1.2040000000e+01	1.3045120539e-12	3.9226500143e-07
1.2050000000e+01	4.6646020380e-13	3.9215838196e-07
1.2060000000e+01	2.3885893263e-12	3.9161241868e-07
1.2070000000e+01	4.4712566982e-12	3.9059041715e-07
1.2080000000e+01	6.7291727746e-12	3.8905232052e-07
1.2090000000e+01	9.1759377874e-12	3.8695496331e-07
1.2100000000e+01	1.1825318502e-11	3.8425203337e-07
1.2110000000e+01	1.4694856443e-11	3.8089320904e-07
1.2120000000e+01	1.7802370689e-11	3.7682409574e-07
1.2130000000e+01	2.1167179121e-11	3.7198588337e-07
1.2140000000e+01	2.4809154731e-11	3.6631521943e-07
1.2150000000e+01	2.8752999981e-11	3.5974310515e-07
1.2160000000e+01	3.3021863022e-11	3.5219525074e-07
1.2170000000e+01	3.7646774587e-11	3.4359027369e-07
1.2180000000e+01	4.2653713894e-11	3.3384085337e-07
1.2190000000e+01	4.8076098658e-11	3.2285203082e-07
1.2200000000e+01	5.3948956413e-11	3.1052084079e-07
1.2210000000e+01	6.0311977634e-11	2.9673524590e-07
1.2220000000e+01	6.7208016929e-11	2.8137341346e-07
1.2230000000e+01	7.4681927309e-11	2.6430325864e-07
1.2240000000e+01	8.2784168409e-11	2.4538116301e-07
1.2250000000e+01	9.1571639160e-11	2.2445050263e-07
1.2260000000e+01	1.0110329240e-10	2.0134117865e-07
1.2270000000e+01	1.1144779544e-10	1.7586739684e-07
1.2280000000e+01	1.2267586946e-10	1.4782719810e-07
1.2290000000e+01	1.3486844974e-10	1.1700012387e-07
1.2300000000e+01	1.4811241122e-10	8.3145858452e-08
1.2310000000e+01	1.6250395474e-10	4.6002097369e-08
1.2320000000e+01	1.7814810738e-10	5.2825299690e-09
1.2330000000e+01	1.9516027683e-10	3.9325533306e-08
1.2340000000e+01	2.1366602931e-10	8.8163482863e-08
1.2350000000e+01	2.3380392067e-10	1.4160437902e-07
1.2360000000e+01	2.5572532980e-10	2.0005588297e-07
1.2370000000e+01	2.7959284887e-10	2.6396281986e-07
1.2380000000e+01	3.0558933162e-10	3.3381180994e-07
1.2390000000e+01	3.3390934462e-10	4.1013394585e-07
1.2400000000e+01	3.6476555110e-10	4.9350892896e-07
1.2410000000e+01	3.9838543575e-10	5.8456845713e-07
1.2420000000e+01	4.3501924285e-10	6.8400142693e-07
1.2430000000e+01	4.7492865196e-10	7.9255654738e-07
1.2440000000e+01	5.1839499360e-10	9.1104683163e-07
1.2450000000e+01	5.6571314300e-10	1.0403526929e-06
1.2460000000e+01	6.1718508082e-10	1.1814235685e-06
1.2470000000e+01	6.7312044827e-10	1.3352796710e-06
1.2480000000e+01	7.3382044885e-10	1.5030100593e-06
1.2490000000e+01	7.9956763432e-10	1.6857683757e-06
1.2500000000e+01	8.7060392229e-10	1.8847635579e-06
1.2510000000e+01	9.4710295162e-10	2.1012442326e-06
1.2520000000e+01	1.0291256736e-09	2.3364729580e-06
1.2530000000e+01	1.1165688374e-09	2.5916886922e-06
1.2540000000e+01	1.2090708434e-09	2.8680477422e-06
1.2550000000e+01	1.3059071602e-09	3.1665408073e-06
1.2560000000e+01	1.4058212372e-09	3.4878713758e-06
1.2570000000e+01	1.5067997960e-09	3.8322827578e-06
1.2580000000e+01	1.6057437602e-09	4.1993099030e-06
1.2590000000e+01	1.6980271633e-09	4.5874303975e-06
1.2600000000e+01	1.7768447824e-09	4.9935663477e-06
1.2610000000e+01	1.8323182971e-09	5.4123819585e-06
1.2620000000e+01	1.8501855603e-09	5.8352815151e-06
1.2630000000e+01	1.8099719501e-09	6.2489893894e-06
1.2640000000e+01	1.6823282767e-09	6.6335215670e-06
1.2650000000e+01	1.4252141689e-09	6.9592848056e-06
1.2660000000e+01	9.7834185198e-10	7.1829058003e-06
1.2670000000e+01	2.5510127344e-10	7.2412146628e-06
1.2680000000e+01	8.6925311393e-10	7.0425282368e-06
1.2690000000e+01	2.5750142019e-09	6.4539535621e-06
1.2700000000e+01	5.1237467602e-09	5.2828114454e-06
1.2710000000e+01	8.8963194589e-09	3.2493669977e-06
1.2720000000e+01	1.4449450747e-08	5.3364601627e-08
1.2730000000e+01	2.2599520033e-08	5.2189691806e-06
1.2740000000e+01	3.4546524974e-08	1.3115317746e-05
1.2750000000e+01	5.2055857847e-08	2.5013799540e-05
1.2760000000e+01	7.7720645253e-08	4.2778518455e-05
1.2770000000e+01	1.1533019584e-07	6.9139706075e-05
1.2780000000e+01	1.7036268729e-07	1.0807974888e-04
1.2790000000e+01	2.5058640940e-07	1.6535664246e-04
1.2800000000e+01	3.6665842784e-07	2.4916428311e-04
1.2810000000e+01	5.3238974140e-07	3.7085336686e-04
1.2820000000e+01	7.6391339832e-07	5.4546214362e-04
1.2830000000e+01	1.0762863778e-06	7.9147045854e-04
1.2840000000e+01	1.4752594368e-06	1.1286726155e-03
1.2850000000e+01	1.9419699520e-06	1.5725514617e-03
1.2860000000e+01	2.4113955517e-06	2.1237275878e-03
1.2870000000e+01	2.7545211787e-06	2.7533324286e-03
1.2880000000e+01	2.7881217775e-06	3.3906174063e-03
1.2890000000e+01	2.3399608695e-06	3.9254656051e-03
1.2900000000e+01	1.3639588947e-06	4.2372276382e-03
1.2910000000e+01	3.0507871340e-08	4.2442008659e-03
1.2920000000e+01	1.3113474320e-06	3.9444643100e-03
1.2930000000e+01	2.3080998335e-06	3.4168986338e-03
1.2940000000e+01	2.7796171320e-06	2.7815575751e-03
1.2950000000e+01	2.7638448499e-06	2.1498216094e-03
1.2960000000e+01	2.4301208219e-06	1.5943654215e-03
1.2970000000e+01	1.9630139869e-06	1.1456765102e-03
1.2980000000e+01	1.4944152222e-06	8.0409588798e-04
1.2990000000e+01	1.0918530386e-06	5.5452947915e-04
1.3000000000e+01	7.7572205726e-07	3.7722158035e-04
1.3010000000e+01	5.4096716728e-07	2.5357194211e-04
1.3020000000e+01	3.7272028308e-07	1.6837873455e-04
1.3030000000e+01	2.5479858357e-07	1.1013905831e-04
1.3040000000e+01	1.7326063229e-07	7.0536628069e-05
1.3050000000e+01	1.1731337524e-07	4.3722142300e-05
1.3060000000e+01	7.9074563342e-08	2.5647956394e-05
1.3070000000e+01	5.2979539422e-08	1.3538347383e-05
1.3080000000e+01	3.5176732416e-08	5.4979514021e-06
1.3090000000e+01	2.3029526064e-08	2.3405973033e-07
1.3100000000e+01	1.4742679966e-08	3.1356956904e-06
1.3110000000e+01	9.0958871546e-09	5.2147556115e-06
1.3120000000e+01	5.2590094501e-09	6.4168149143e-06
1.3130000000e+01	2.6660307295e-09	7.0261933668e-06
1.3140000000e+01	9.2976071286e-10	7.2387101012e-06
1.3150000000e+01	2.1562640562e-10	7.1894240656e-06
1.3160000000e+01	9.5336605277e-10	6.9715118250e-06
1.3170000000e+01	1.4102277124e-09	6.6491740621e-06
1.3180000000e+01	1.6741856790e-09	6.2665030498e-06
1.3190000000e+01	1.8064801877e-09	5.8535932926e-06
1.3200000000e+01	1.8498114152e-09	5.4307792549e-06
1.3210000000e+01	1.8339917363e-09	5.0115811437e-06
1.3220000000e+01	1.7798236218e-09	4.6047643159e-06
1.3230000000e+01	1.7017874887e-09	4.2157843185e-06
1.3240000000e+01	1.6099298561e-09	3.8478003514e-06
1.3250000000e+01	1.5111659701e-09	3.5023909868e-06
1.3260000000e+01	1.4102036205e-09	3.1800587306e-06
1.3270000000e+01	1.3101963958e-09	2.8805852687e-06
1.3280000000e+01	1.2131956550e-09	2.6032834047e-06
1.3290000000e+01	1.1204875916e-09	2.3471719552e-06
1.3300000000e+01	1.0328153888e-09	2.1110998663e-06
1.3310000000e+01	9.5055274763e-10	1.8938306669e-06
1.3320000000e+01	8.7381502034e-10	1.6941015194e-06
1.3330000000e+01	8.0254469736e-10	1.5106627314e-06
1.3340000000e+01	7.3657213662e-10	1.3423033859e-06
1.3350000000e+01	6.7565730788e-10	1.1878674298e-06
1.3360000000e+01	6.1952099006e-10	1.0462626321e-06
1.3370000000e+01	5.6786042535e-10	9.1646596344e-07
1.3380000000e+01	5.2037063547e-10	7.9752410390e-07
1.3390000000e+01	4.7674120207e-10	6.8855468628e-07
1.3400000000e+01	4.3668368921e-10	5.8874127161e-07
1.3410000000e+01	3.9991343570e-10	4.9733248630e-07
1.3420000000e+01	3.6616687460e-10	4.1363720068e-07
1.3430000000e+01	3.3519653719e-10	3.3702084932e-07
1.3440000000e+01	3.0677071994e-10	2.6690182762e-07
1.3450000000e+01	2.8067748126e-10	2.0274697476e-07
1.3460000000e+01	2.5671975656e-10	1.4406817326e-07
1.3470000000e+01	2.3471768973e-10	9.0418415612e-08
1.3480000000e+01	2.1450674570e-10	4.1388302309e-08
1.3490000000e+01	1.9593293654e-10	3.3963689004e-09
1.3500000000e+01	1.7885870562e-10	4.4278358757e-08
1.3510000000e+01	1.6315704343e-10	8.1571397256e-08
1.3520000000e+01	1.4871320841e-10	1.1556298775e-07
1.3530000000e+01	1.3542222899e-10	1.4651664009e-07
1.3540000000e+01	1.2318529530e-10	1.7467327902e-07
1.3550000000e+01	1.1191686466e-10	2.0025427665e-07
1.3560000000e+01	1.0153572427e-10	2.2346244220e-07
1.3570000000e+01	9.1970375760e-11	2.4448424237e-07
1.3580000000e+01	8.3151874275e-11	2.6349038507e-07
1.3590000000e+01	7.5020656354e-11	2.8063796366e-07
1.3600000000e+01	6.7519989599e-11	2.9607110414e-07
1.3610000000e+01	6.0600635621e-11	3.0992267800e-07
1.3620000000e+01	5.4213966649e-11	3.2231444180e-07
1.3630000000e+01	4.8321568968e-11	3.3335937185e-07
1.3640000000e+01	4.2880199391e-11	3.4316056029e-07
1.3650000000e+01	3.7855607538e-11	3.5181327058e-07
1.3660000000e+01	3.3216096540e-11	3.5940552122e-07
1.3670000000e+01	2.8931301799e-11	3.6601839020e-07
1.3680000000e+01	2.4974522450e-11	3.7172685247e-07
1.3690000000e+01	2.1319612742e-11	3.7659990682e-07
1.3700000000e+01	1.7941703678e-11	3.8070086766e-07
1.3710000000e+01	1.4824752537e-11	3.8408938252e-07
1.3720000000e+01	1.1945278100e-11	3.8681973180e-07
1.3730000000e+01	9.2859053780e-12	3.8894222446e-07
1.3740000000e+01	6.8323124935e-12	3.9050389589e-07
1.3750000000e+01	4.5661252557e-12	3.9154758166e-07
1.3760000000e+01	2.4750201888e-12	3.9211330056e-07
1.3770000000e+01	5.4745097344e-13	3.9223843221e-07
1.3780000000e+01	1.2303491559e-12	3.9195720955e-07
1.3790000000e+01	2.8693714071e-12	3.9130135322e-07
1.3800000000e+01	4.3792192095e-12	3.9030038883e-07
1.3810000000e+01	5.7674975906e-12	3.8898210367e-07
1.3820000000e+01	7.0460304258e-12	3.8737158243e-07
1.3830000000e+01	8.2202578078e-12	3.8549266636e-07
1.3840000000e+01	9.2975072086e-12	3.8336752185e-07
1.3850000000e+01	1.0287715124e-11	3.8101604411e-07
1.3860000000e+01	1.1193490579e-11	3.7845753198e-07
1.3870000000e+01	1.2022161044e-11	3.7570960946e-07
1.3880000000e+01	1.2778944569e-11	3.7278870784e-07
1.3890000000e+01	1.3470669025e-11	3.6970969778e-07
1.3900000000e+01	1.4098555656e-11	3.6648717077e-07
1.3910000000e+01	1.4670098469e-11	3.6313400541e-07
1.3920000000e+01	1.5186851776e-11	3.5966272500e-07
1.3930000000e+01	1.5654311181e-11	3.5608459673e-07
1.3940000000e+01	1.6075529796e-11	3.5241018992e-07
1.3950000000e+01	1.6452894602e-11	3.4864952830e-07
1.3960000000e+01	1.6791124047e-11	3.4481155708e-07
1.3970000000e+01	1.7090273641e-11	3.4090520882e-07
1.3980000000e+01	1.7355228366e-11	3.3693829948e-07
1.3990000000e+01	1.7587931112e-11	3.3291820094e-07
1.4000000000e+01	1.7790269258e-11	3.2885185368e-07
1.4010000000e+01	1.7964574273e-11	3.2474566528e-07
1.4020000000e+01	1.8112455979e-11	3.2060567534e-07
1.4030000000e+01	1.8236412380e-11	3.1643735251e-07
1.4040000000e+01	1.8336665519e-11	3.1224611468e-07
1.4050000000e+01	1.8416657088e-11	3.0803659306e-07
1.4060000000e+01	1.8477441799e-11	3.0381317779e-07
1.4070000000e+01	1.8518520051e-11	2.9958037321e-07
1.4080000000e+01	1.8544221714e-11	2.9534169396e-07
1.4090000000e+01	1.8553547587e-11	2.9110088308e-07
1.4100000000e+01	1.8547663405e-11	2.8686141716e-07
1.4110000000e+01	1.8528123480e-11	2.8262641751e-07
1.4120000000e+01	1.8497092746e-11	2.7839851059e-07
1.4130000000e+01	1.8453127915e-11	2.7418065278e-07
1.4140000000e+01	1.8398671475e-11	2.6997524216e-07
1.4150000000e+01	1.8334389562e-11	2.6578452455e-07
1.4160000000e+01	1.8260393198e-11	2.6161072039e-07
1.4170000000e+01	1.8178181183e-11	2.5745570755e-07
1.4180000000e+01	1.8087586984e-11	2.5332140195e-07
1.4190000000e+01	1.7989332246e-11	2.4920955458e-07
1.4200000000e+01	1.7884416170e-11	2.4512168803e-07
1.4210000000e+01	1.7773005290e-11	2.4105928682e-07
1.4220000000e+01	1.7656209828e-11	2.3702358171e-07
1.4230000000e+01	1.7534196317e-11	2.3301576541e-07
1.4240000000e+01	1.7407020270e-11	2.2903701792e-07
1.4250000000e+01	1.7275458841e-11	2.2508834162e-07
1.4260000000e+01	1.7139289987e-11	2.2117078962e-07
1.4270000000e+01	1.6999956998e-11	2.1728508516e-07
1.4280000000e+01	1.6856960272e-11	2.1343206567e-07
1.4290000000e+01	1.6710632877e-11	2.0961249244e-07
1.4300000000e+01	1.6562029526e-11	2.0582688569e-07
1.4310000000e+01	1.6410650616e-11	2.0207587984e-07
1.4320000000e+01	1.6256607172e-11	1.9836008391e-07
1.4330000000e+01	1.6100565325e-11	1.9467995470e-07
1.4340000000e+01	1.5942858145e-11	1.9103587284e-07
1.4350000000e+01	1.5783541141e-11	1.8742820629e-07
1.4360000000e+01	1.5622281246e-11	1.8385739915e-07
1.4370000000e+01	1.5460133174e-11	1.8032365442e-07
1.4380000000e+01	1.5297152434e-11	1.7682716244e-07
1.4390000000e+01	1.5132783915e-11	1.7336824040e-07
1.4400000000e+01	1.4967638240e-11	1.6994706594e-07
1.4410000000e+01	1.4802326032e-11	1.6656367714e-07
1.4420000000e+01	1.4635626044e-11	1.6321839118e-07
1.4430000000e+01	1.4469203613e-11	1.5991114464e-07
1.4440000000e+01	1.4302226070e-11	1.5664206440e-07
1.4450000000e+01	1.4134915460e-11	1.5341122658e-07
1.4460000000e+01	1.3967882406e-11	1.5021856774e-07
1.4470000000e+01	1.3800127707e-11	1.4706425284e-07
1.4480000000e+01	1.3633205675e-11	1.4394809154e-07
1.4490000000e+01	1.3465617510e-11	1.4087023611e-07
1.4500000000e+01	1.3299306101e-11	1.3783039472e-07
1.4510000000e+01	1.3132162024e-11	1.3482875768e-07
1.4520000000e+01	1.2966017149e-11	1.3186509662e-07
1.4530000000e+01	1.2800094318e-11	1.2893936078e-07
1.4540000000e+01	1.2634671087e-11	1.2605143596e-07
1.4550000000e+01	1.2469747457e-11	1.2320120797e-07
1.4560000000e+01	1.2304823827e-11	1.2038867681e-07
1.4570000000e+01	1.2141232464e-11	1.1761353796e-07
1.4580000000e+01	1.1977696612e-11	1.1487577873e-07
1.4590000000e+01	1.1815159962e-11	1.1217517074e-07
1.4600000000e+01	1.1652845355e-11	1.0951166323e-07
1.4610000000e+01	1.1491751994e-11	1.0688497706e-07
1.4620000000e+01	1.1330991700e-11	1.0429503610e-07
1.4630000000e+01	1.1171341630e-11	1.0174158658e-07
1.4640000000e+01	1.1011691559e-11	9.9224628514e-08
1.4650000000e+01	1.0853817844e-11	9.6743755863e-08
1.4660000000e+01	1.0696221686e-11	9.4298905192e-08
1.4670000000e+01	1.0539402684e-11	9.1889898865e-08
1.4680000000e+01	1.0383527371e-11	8.9516521180e-08
1.4690000000e+01	1.0228318192e-11	8.7178619879e-08
1.4700000000e+01	1.0074274748e-11	8.4875928508e-08
1.4710000000e+01	9.9207309034e-12	8.2608332873e-08
1.4720000000e+01	9.7681862599e-12	8.0375604585e-08
1.4730000000e+01	9.6166408170e-12	7.8177515255e-08
1.4740000000e+01	9.4655394633e-12	7.6013963378e-08
1.4750000000e+01	9.3159924219e-12	7.3884593681e-08
1.4760000000e+01	9.1662788471e-12	7.1789444231e-08
1.4770000000e+01	9.0182306067e-12	6.9728134378e-08
1.4780000000e+01	8.8707929891e-12	6.7700524551e-08
1.4790000000e+01	8.7245211056e-12	6.5706348299e-08
1.4800000000e+01	8.5786933113e-12	6.3745504113e-08
1.4810000000e+01	8.4338092066e-12	6.1817776295e-08
1.4820000000e+01	8.2898132803e-12	5.9922961831e-08
1.4830000000e+01	8.1465945101e-12	5.8060883085e-08
1.4840000000e+01	8.0043749406e-12	5.6231311670e-08
1.4850000000e+01	7.8630435496e-12	5.4434044573e-08
1.4860000000e+01	7.7222117589e-12	5.2668967600e-08
1.4870000000e+01	7.5822126355e-12	5.0935890426e-08
1.4880000000e+01	7.4433792463e-12	4.9234546598e-08
1.4890000000e+01	7.3049344351e-12	4.7564847299e-08
1.4900000000e+01	7.1674888247e-12	4.5926564139e-08
1.4910000000e+01	7.0307648592e-12	4.4319532171e-08
1.4920000000e+01	6.8949290721e-12	4.2743548383e-08
1.4930000000e+01	6.7598704412e-12	4.1198435140e-08
1.4940000000e+01	6.6253669218e-12	3.9684065557e-08
1.4950000000e+01	6.4918070919e-12	3.8200223936e-08
1.4960000000e+01	6.3585248178e-12	3.6746846835e-08
1.4970000000e+01	6.2265193002e-12	3.5323642424e-08
1.4980000000e+01	6.0949578717e-12	3.3930509196e-08
1.4990000000e+01	5.9641735994e-12	3.2567269516e-08
1.5000000000e+01	5.8338889275e-12	3.1233809190e-08
1.5010000000e+01	5.7044924340e-12	2.9929925205e-08
1.5020000000e+01	5.5754845185e-12	2.8655528744e-08
1.5030000000e+01	5.4473647815e-12	2.7410416793e-08
1.5040000000e+01	5.3196891336e-12	2.6194487849e-08
1.5050000000e+01	5.1928461531e-12	2.5007551585e-08
1.5060000000e+01	5.0664472617e-12	2.3849506497e-08
1.5070000000e+01	4.9407700153e-12	2.2720187636e-08
1.5080000000e+01	4.8155923693e-12	2.1619480809e-08
1.5090000000e+01	4.6910253459e-12	2.0547246444e-08
1.5100000000e+01	4.5669024118e-12	1.9503383036e-08
1.5110000000e+01	4.4435566338e-12	1.8487712948e-08
1.5120000000e+01	4.3203218780e-12	1.7500210804e-08
1.5130000000e+01	4.1979197896e-12	1.6540686281e-08
1.5140000000e+01	4.0760173015e-12	1.5609025183e-08
1.5150000000e+01	3.9543923691e-12	1.4705164071e-08
1.5160000000e+01	3.8336556152e-12	1.3828899930e-08
1.5170000000e+01	3.7128078390e-12	1.2980258138e-08
1.5180000000e+01	3.5927372188e-12	1.2159061060e-08
1.5190000000e+01	3.4730551768e-12	1.1365219876e-08
1.5200000000e+01	3.3538727351e-12	1.0598620394e-08
1.5210000000e+01	3.2349123380e-12	9.8592118596e-09
1.5220000000e+01	3.1165070524e-12	9.1468673905e-09
1.5230000000e+01	2.9984348338e-12	8.4615108571e-09
1.5240000000e+01	2.8805291485e-12	7.8031041945e-09
1.5250000000e+01	2.7631230637e-12	7.1715332086e-09
1.5260000000e+01	2.6462165792e-12	6.5666837047e-09
1.5270000000e+01	2.5293656059e-12	5.9885429948e-09
1.5280000000e+01	2.4129587217e-12	5.4370095727e-09
1.5290000000e+01	2.2969404156e-12	4.9119946206e-09
1.5300000000e+01	2.1809221096e-12	4.4134981384e-09
1.5310000000e+01	2.0654034039e-12	3.9414059318e-09
1.5320000000e+01	1.9502177651e-12	3.4956418712e-09
1.5330000000e+01	1.8347545705e-12	3.0762693979e-09
1.5340000000e+01	1.7201795544e-12	2.6830854998e-09
1.5350000000e+01	1.6052714713e-12	2.3161663064e-09
1.5360000000e+01	1.4909740109e-12	1.9753722467e-09
1.5370000000e+01	1.3767320617e-12	1.6606906326e-09
1.5380000000e+01	1.2624346013e-12	1.3721341523e-09
1.5390000000e+01	1.1485257190e-12	1.1096139880e-09
1.5400000000e+01	1.0347833701e-12	8.7309207483e-10
1.5410000000e+01	9.2098551008e-13	6.6258110110e-10
1.5420000000e+01	8.0752071696e-13	4.7800493722e-10
1.5430000000e+01	6.9366734579e-13	3.1945240104e-10
1.5440000000e+01	5.8059113073e-13	1.8674585687e-10
1.5450000000e+01	4.6718184876e-13	7.9961434299e-11
1.5460000000e+01	3.5393910025e-13	9.3893147225e-13
1.5470000000e+01	2.4080737404e-13	5.5980616967e-11
1.5480000000e+01	1.2739809208e-13	8.5100180870e-11
1.5490000000e+01	1.4266365866e-14	8.8361064497e-11
1.5500000000e+01	9.8920871494e-14	6.5750579584e-11
1.5510000000e+01	2.1216362001e-13	1.7256037868e-11
1.5520000000e+01	3.2523983506e-13	5.7084495860e-11
1.5530000000e+01	4.3870462818e-13	1.5735983944e-10
1.5540000000e+01	5.5205839899e-13	2.8354461636e-10
1.5550000000e+01	6.6524563636e-13	4.3560076181e-10
1.5560000000e+01	7.7887696293e-13	6.1362978191e-10
1.5570000000e+01	8.9217522259e-13	8.1755554707e-10
1.5580000000e+01	1.0060841049e-12	1.0475176282e-09
1.5590000000e+01	1.1198264538e-12	1.3034779605e-09
1.5600000000e+01	1.2337353361e-12	1.5854746087e-09
1.5610000000e+01	1.3480327965e-12	1.8935963908e-09
1.5620000000e+01	1.4619416788e-12	2.2277544888e-09
1.5630000000e+01	1.5766832284e-12	2.5881392267e-09
1.5640000000e+01	1.6910362000e-12	2.9746617867e-09
1.5650000000e+01	1.8059997942e-12	3.3874617397e-09
1.5660000000e+01	1.9210188995e-12	3.8265517739e-09
1.5670000000e+01	2.0363155606e-12	4.2919953306e-09
1.5680000000e+01	2.1516677329e-12	4.7838050981e-09
1.5690000000e+01	2.2677970613e-12	5.3021587121e-09
1.5700000000e+01	2.3835378116e-12	5.8469673547e-09
1.5710000000e+01	2.5001112292e-12	6.4184213500e-09
1.5720000000e+01	2.6167401579e-12	7.0165333861e-09
1.5730000000e+01	2.7337576647e-12	7.6413922808e-09
1.5740000000e+01	2.8508861938e-12	8.2930234108e-09
1.5750000000e+01	2.9686253455e-12	8.9715663470e-09
1.5760000000e+01	3.0867530754e-12	9.6771099071e-09
1.5770000000e+01	3.2050473386e-12	1.0409692156e-08
1.5780000000e+01	3.3237301800e-12	1.1169401911e-08
1.5790000000e+01	3.4430236440e-12	1.1956378744e-08
1.5800000000e+01	3.5623171080e-12	1.2770622655e-08
1.5810000000e+01	3.6826652838e-12	1.3612374719e-08
1.5820000000e+01	3.8029024374e-12	1.4481609562e-08
1.5830000000e+01	3.9240277694e-12	1.5378530195e-08
1.5840000000e+01	4.0452086125e-12	1.6303149307e-08
1.5850000000e+01	4.1671111006e-12	1.7255631844e-08
1.5860000000e+01	4.2894576779e-12	1.8236079313e-08
1.5870000000e+01	4.4122483445e-12	1.9244593221e-08
1.5880000000e+01	4.5358161671e-12	2.0281351202e-08
1.5890000000e+01	4.6595505232e-12	2.1346391321e-08
1.5900000000e+01	4.7841730577e-12	2.2439916592e-08
1.5910000000e+01	4.9090731480e-12	2.3561990454e-08
1.5920000000e+01	5.0347503944e-12	2.4712790544e-08
1.5930000000e+01	5.1609827523e-12	2.5892443745e-08
1.5940000000e+01	5.2876036882e-12	2.7101038873e-08
1.5950000000e+01	5.4153903584e-12	2.8338842384e-08
1.5960000000e+01	5.5432325397e-12	2.9605866964e-08
1.5970000000e+01	5.6719628994e-12	3.0902315627e-08
1.5980000000e+01	5.8011373483e-12	3.2228289878e-08
1.5990000000e+01	5.9312554868e-12	3.3584005418e-08
1.6000000000e+01	6.0619287368e-12	3.4969589129e-08
1.6010000000e+01	6.1929350537e-12	3.6385117141e-08
1.6020000000e+01	6.3256067051e-12	3.7830970103e-08
1.6030000000e+01	6.4578897785e-12	3.9307059195e-08
1.6040000000e+01	6.5916161418e-12	4.0813714313e-08
1.6050000000e+01	6.7256755720e-12	4.2351011587e-08
1.6060000000e+01	6.8609562476e-12	4.3919230157e-08
1.6070000000e+01	6.9962369231e-12	4.5518370026e-08
1.6080000000e+01	7.1331274221e-12	4.7148799151e-08
1.6090000000e+01	7.2701844545e-12	4.8810555597e-08
1.6100000000e+01	7.4082406876e-12	5.0503867755e-08
1.6110000000e+01	7.5474071437e-12	5.2228989387e-08
1.6120000000e+01	7.6870732002e-12	5.3986034690e-08
1.6130000000e+01	7.8272388571e-12	5.5775117858e-08
1.6140000000e+01	7.9685702481e-12	5.7596505343e-08
1.6150000000e+01	8.1107898176e-12	5.9450400158e-08
1.6160000000e+01	8.2535644985e-12	6.1336929187e-08
1.6170000000e+01	8.3974494025e-12	6.3256346193e-08
1.6180000000e+01	8.5420559515e-12	6.5208816125e-08
1.6190000000e+01	8.6875506788e-12	6.7194541994e-08
1.6200000000e+01	8.8337115400e-12	6.9213676060e-08
1.6210000000e+01	8.9810936466e-12	7.1266497465e-08
1.6220000000e+01	9.1290308646e-12	7.3353133091e-08
1.6230000000e+01	9.2778562610e-12	7.5473785951e-08
1.6240000000e+01	9.4279584140e-12	7.7628747874e-08
1.6250000000e+01	9.5783381227e-12	7.9818082302e-08
1.6260000000e+01	9.7299390767e-12	8.2042068377e-08
1.6270000000e+01	9.8822061645e-12	8.4300858357e-08
1.6280000000e+01	1.0035638986e-11	8.6594718697e-08
1.6290000000e+01	1.0189127320e-11	8.8923662085e-08
1.6300000000e+01	1.0344392010e-11	9.1288094544e-08
1.6310000000e+01	1.0500045278e-11	9.3688104893e-08
1.6320000000e+01	1.0656586724e-11	9.6123896144e-08
1.6330000000e+01	1.0813683282e-11	9.8595595180e-08
1.6340000000e+01	1.0972112108e-11	1.0110350652e-07
1.6350000000e+01	1.1130874000e-11	1.0364770629e-07
1.6360000000e+01	1.1290635094e-11	1.0622842288e-07
1.6370000000e+01	1.1451062321e-11	1.0884580856e-07
1.6380000000e+01	1.1612155681e-11	1.1150001557e-07
1.6390000000e+01	1.1774359265e-11	1.1419129769e-07
1.6400000000e+01	1.1936340805e-11	1.1691960416e-07
1.6410000000e+01	1.2099876656e-11	1.1968529025e-07
1.6420000000e+01	1.2263634552e-11	1.2248840672e-07
1.6430000000e+01	1.2427947560e-11	1.2532908045e-07
1.6440000000e+01	1.2592815679e-11	1.2820743832e-07
1.6450000000e+01	1.2758127887e-11	1.3112358183e-07
1.6460000000e+01	1.2924217252e-11	1.3407768863e-07
1.6470000000e+01	1.3090417639e-11	1.3706978409e-07
1.6480000000e+01	1.3256840070e-11	1.4009991897e-07
1.6490000000e+01	1.3423928635e-11	1.4316824551e-07
1.6500000000e+01	1.3591072712e-11	1.4627477642e-07
1.6510000000e+01	1.3758050255e-11	1.4941947362e-07
1.6520000000e+01	1.3925749442e-11	1.5260250206e-07
1.6530000000e+01	1.4092838008e-11	1.5582372218e-07
1.6540000000e+01	1.4260093106e-11	1.5908317203e-07
1.6550000000e+01	1.4427181672e-11	1.6238081356e-07
1.6560000000e+01	1.4593992681e-11	1.6571658331e-07
1.6570000000e+01	1.4760193068e-11	1.6909034173e-07
1.6580000000e+01	1.4926226921e-11	1.7250205074e-07
1.6590000000e+01	1.5091372596e-11	1.7595150733e-07
1.6600000000e+01	1.5255963159e-11	1.7943858463e-07
1.6610000000e+01	1.5419054922e-11	1.8296294004e-07
1.6620000000e+01	1.5581813617e-11	1.8652449743e-07
1.6630000000e+01	1.5742962489e-11	1.9012288886e-07
1.6640000000e+01	1.5902890116e-11	1.9375783517e-07
1.6650000000e+01	1.6061207919e-11	1.9742896841e-07
1.6660000000e+01	1.6217360788e-11	2.0113579373e-07
1.6670000000e+01	1.6371903833e-11	2.0487794318e-07
1.6680000000e+01	1.6523782342e-11	2.0865480772e-07
1.6690000000e+01	1.6673662451e-11	2.1246593056e-07
1.6700000000e+01	1.6820322912e-11	2.1631057580e-07
1.6710000000e+01	1.6964374350e-11	2.2018814708e-07
1.6720000000e+01	1.7104595518e-11	2.2409776891e-07
1.6730000000e+01	1.7241541528e-11	2.2803869269e-07
1.6740000000e+01	1.7374046646e-11	2.3200990335e-07
1.6750000000e+01	1.7502388427e-11	2.3601044928e-07
1.6760000000e+01	1.7626233806e-11	2.4003930272e-07
1.6770000000e+01	1.7744472558e-11	2.4409518216e-07
1.6780000000e+01	1.7856549572e-11	2.4817667921e-07
1.6790000000e+01	1.7963797116e-11	2.5228268998e-07
1.6800000000e+01	1.8063106566e-11	2.5641140005e-07
1.6810000000e+01	1.8156143256e-11	2.6056137565e-07
1.6820000000e+01	1.8240298161e-11	2.6473058666e-07
1.6830000000e+01	1.8316737016e-11	2.6891726940e-07
1.6840000000e+01	1.8383849998e-11	2.7311929226e-07
1.6850000000e+01	1.8440970972e-11	2.7733437134e-07
1.6860000000e+01	1.8487045228e-11	2.8155998168e-07
1.6870000000e+01	1.8521517653e-11	2.8579347143e-07
1.6880000000e+01	1.8544665803e-11	2.9003225218e-07
1.6890000000e+01	1.8553381054e-11	2.9427302500e-07
1.6900000000e+01	1.8547496872e-11	2.9851245285e-07
1.6910000000e+01	1.8526735701e-11	3.0274713530e-07
1.6920000000e+01	1.8488988118e-11	3.0697318972e-07
1.6930000000e+01	1.8434198612e-11	3.1118672084e-07
1.6940000000e+01	1.8359369580e-11	3.1538314817e-07
1.6950000000e+01	1.8263057733e-11	3.1955756136e-07
1.6960000000e+01	1.8146095737e-11	3.2370524039e-07
1.6970000000e+01	1.8003987190e-11	3.2782043746e-07
1.6980000000e+01	1.7837065158e-11	3.3189748093e-07
1.6990000000e+01	1.7641998973e-11	3.3592993784e-07
1.7000000000e+01	1.7416845743e-11	3.3991093115e-07
1.7010000000e+01	1.7159995647e-11	3.4383321587e-07
1.7020000000e+01	1.6869394770e-11	3.4768907753e-07
1.7030000000e+01	1.6542212045e-11	3.5147015457e-07
1.7040000000e+01	1.6174228623e-11	3.5516712111e-07
1.7050000000e+01	1.5764944905e-11	3.5877053709e-07
1.7060000000e+01	1.5309531420e-11	3.6226985856e-07
1.7070000000e+01	1.4805212611e-11	3.6565390715e-07
1.7080000000e+01	1.4247991675e-11	3.6891059096e-07
1.7090000000e+01	1.3634093854e-11	3.7202695527e-07
1.7100000000e+01	1.2960021945e-11	3.7498924600e-07
1.7110000000e+01	1.2219170120e-11	3.7778219917e-07
1.7120000000e+01	1.1408929357e-11	3.8038995446e-07
1.7130000000e+01	1.0523637517e-11	3.8279535732e-07
1.7140000000e+01	9.5554120172e-12	3.8497945149e-07
1.7150000000e+01	8.4997009431e-12	3.8692224028e-07
1.7160000000e+01	7.3513417576e-12	3.8860254697e-07
1.7170000000e+01	6.1004534757e-12	3.8999693633e-07
1.7180000000e+01	4.7397641367e-12	3.9108031099e-07
1.7190000000e+01	3.2617242240e-12	3.9182584796e-07
1.7200000000e+01	1.6570078643e-12	3.9220459261e-07
1.7210000000e+01	8.5043083686e-14	3.9218515419e-07
1.7220000000e+01	1.9739765378e-12	3.9173395956e-07
1.7230000000e+01	4.0234482412e-12	3.9081431424e-07
1.7240000000e+01	6.2430061121e-12	3.8938734142e-07
1.7250000000e+01	8.6489149176e-12	3.8741044658e-07
1.7260000000e+01	1.1254608356e-11	3.8483796467e-07
1.7270000000e+01	1.4077128352e-11	3.8162033533e-07
1.7280000000e+01	1.7133461316e-11	3.7770411560e-07
1.7290000000e+01	2.0441537352e-11	3.7303176421e-07
1.7300000000e+01	2.4024615630e-11	3.6754042349e-07
1.7310000000e+01	2.7903457323e-11	3.6116249039e-07
1.7320000000e+01	3.2103653069e-11	3.5382451255e-07
1.7330000000e+01	3.6651126578e-11	3.4544711219e-07
1.7340000000e+01	4.1575298759e-11	3.3594418675e-07
1.7350000000e+01	4.6907866480e-11	3.2522238870e-07
1.7360000000e+01	5.2684634433e-11	3.1318018655e-07
1.7370000000e+01	5.8941518333e-11	2.9970783950e-07
1.7380000000e+01	6.5722760567e-11	2.8468549423e-07
1.7390000000e+01	7.3071659834e-11	2.6798340055e-07
1.7400000000e+01	8.1039730482e-11	2.4946003358e-07
1.7410000000e+01	8.9678486859e-11	2.2896209373e-07
1.7420000000e+01	9.9049324298e-11	2.0632224818e-07
1.7430000000e+01	1.0921891169e-10	1.8135792550e-07
1.7440000000e+01	1.2025608287e-10	1.5387082085e-07
1.7450000000e+01	1.3223849793e-10	1.2364487846e-07
1.7460000000e+01	1.4525741721e-10	9.0443183102e-08
1.7470000000e+01	1.5940032627e-10	5.4008822811e-08
1.7480000000e+01	1.7477408409e-10	1.4060460732e-08
1.7490000000e+01	1.9149110075e-10	2.9708933726e-08
1.7500000000e+01	2.0967483305e-10	7.7634609852e-08
1.7510000000e+01	2.2945967348e-10	1.3008253522e-07
1.7520000000e+01	2.5099489154e-10	1.8745279614e-07
1.7530000000e+01	2.7444257977e-10	2.5018252866e-07
1.7540000000e+01	2.9997893058e-10	3.1874914137e-07
1.7550000000e+01	3.2779690073e-10	3.9367414725e-07
1.7560000000e+01	3.5810410193e-10	4.7552651340e-07
1.7570000000e+01	3.9112779682e-10	5.6492715268e-07
1.7580000000e+01	4.2711212345e-10	6.6255278089e-07
1.7590000000e+01	4.6631509765e-10	7.6913908893e-07
1.7600000000e+01	5.0901571846e-10	8.8548553886e-07
1.7610000000e+01	5.5550486433e-10	1.0124580793e-06
1.7620000000e+01	6.0608540409e-10	1.1509918859e-06
1.7630000000e+01	6.6106276009e-10	1.3020919454e-06
1.7640000000e+01	7.2074501922e-10	1.4668336641e-06
1.7650000000e+01	7.8541773085e-10	1.6463577168e-06
1.7660000000e+01	8.5533102823e-10	1.8418619518e-06
1.7670000000e+01	9.3068197593e-10	2.0545892606e-06
1.7680000000e+01	1.0115545068e-09	2.2858017193e-06
1.7690000000e+01	1.0978855602e-09	2.5367469902e-06
1.7700000000e+01	1.1893770413e-09	2.8086045997e-06
1.7710000000e+01	1.2853920150e-09	3.1024084888e-06
1.7720000000e+01	1.3848024949e-09	3.4189347734e-06
1.7730000000e+01	1.4857701736e-09	3.7585393845e-06
1.7740000000e+01	1.5854630941e-09	4.1209309489e-06
1.7750000000e+01	1.6796138924e-09	4.5048426957e-06
1.7760000000e+01	1.7619401493e-09	4.9075718727e-06
1.7770000000e+01	1.8232932941e-09	5.3243246256e-06
1.7780000000e+01	1.8504578980e-09	5.7472864309e-06
1.7790000000e+01	1.8244467048e-09	6.1643028206e-06
1.7800000000e+01	1.7180303846e-09	6.5569954799e-06
1.7810000000e+01	1.4922046931e-09	6.8980708383e-06
1.7820000000e+01	1.0910632398e-09	7.1474567217e-06
1.7830000000e+01	4.3431658270e-10	7.2467290835e-06
1.7840000000e+01	5.9360671933e-10	7.1110475476e-06
1.7850000000e+01	2.1596067157e-09	6.6174231555e-06
1.7860000000e+01	4.5056336440e-09	5.5875640369e-06
1.7870000000e+01	7.9837130240e-09	3.7627153457e-06
1.7880000000e+01	1.3108016228e-08	7.6659735068e-07
1.7890000000e+01	2.0632058728e-08	3.9493017872e-06
1.7900000000e+01	3.1663003330e-08	1.1186559691e-05
1.7910000000e+01	4.7829638694e-08	2.2119048536e-05
1.7920000000e+01	7.1525826151e-08	3.8467808799e-05
1.7930000000e+01	1.0625479985e-07	6.2754620192e-05
1.7940000000e+01	1.5709548462e-07	9.8662159534e-05
1.7950000000e+01	2.3128576010e-07	1.5152747613e-04
1.7960000000e+01	3.3883910189e-07	2.2897641370e-04
1.7970000000e+01	4.9292407045e-07	3.4164477266e-04
1.7980000000e+01	7.0935529983e-07	5.0378312691e-04
1.7990000000e+01	1.0038943992e-06	7.3324470386e-04
1.8000000000e+01	1.3852403726e-06	1.0498710747e-03
1.8010000000e+01	1.8413047842e-06	1.4707407397e-03
1.8020000000e+01	2.3185561897e-06	2.0006964402e-03
1.8030000000e+01	2.7019084188e-06	2.6182755074e-03
1.8040000000e+01	2.8162022327e-06	3.2619788748e-03
1.8050000000e+01	2.4784395594e-06	3.8284793456e-03
1.8060000000e+01	1.6062542185e-06	4.1956231669e-03
1.8070000000e+01	3.2257642379e-07	4.2693549209e-03
1.8080000000e+01	1.0497424818e-06	4.0294137822e-03
1.8090000000e+01	2.1409254498e-06	3.5400593937e-03
1.8100000000e+01	2.7254909041e-06	2.9170900442e-03
1.8110000000e+01	2.7999263170e-06	2.2771068860e-03
1.8120000000e+01	2.5163828972e-06	1.7019336524e-03
1.8130000000e+01	2.0639931635e-06	1.2301637865e-03
1.8140000000e+01	1.5881493471e-06	8.6715822139e-04
1.8150000000e+01	1.1688981139e-06	5.9998150966e-04
1.8160000000e+01	8.3458455036e-07	4.0921932672e-04
1.8170000000e+01	5.8391646096e-07	2.7575270707e-04
1.8180000000e+01	4.0315971339e-07	1.8360191544e-04
1.8190000000e+01	2.7598623942e-07	1.2051934643e-04
1.8200000000e+01	1.8785186251e-07	7.7581777853e-05
1.8210000000e+01	1.2730362653e-07	4.8483806075e-05
1.8220000000e+01	8.5896223911e-08	2.8850383466e-05
1.8230000000e+01	5.7633605888e-08	1.5676987835e-05
1.8240000000e+01	3.8352024445e-08	6.9108108188e-06
1.8250000000e+01	2.5196147391e-08	1.1516914153e-06
1.8260000000e+01	1.6220337296e-08	2.5558142523e-06
1.8270000000e+01	1.0101900871e-08	4.8648201658e-06
1.8280000000e+01	5.9413303166e-09	6.2228385238e-06
1.8290000000e+01	3.1256659483e-09	6.9372764549e-06
1.8300000000e+01	1.2359215873e-09	7.2197728177e-06
1.8310000000e+01	1.5361711903e-11	7.2162615693e-06
1.8320000000e+01	8.2613738073e-10	7.0274301679e-06
1.8330000000e+01	1.3332737137e-09	6.7226818905e-06
1.8340000000e+01	1.6316881180e-09	6.3497246064e-06
1.8350000000e+01	1.7874148828e-09	5.9411726332e-06
1.8360000000e+01	1.8464869633e-09	5.5191184702e-06
1.8370000000e+01	1.8410420966e-09	5.0983088481e-06
1.8380000000e+01	1.7935016805e-09	4.6883656069e-06
1.8390000000e+01	1.7194938806e-09	4.2953384341e-06
1.8400000000e+01	1.6298616901e-09	3.9227986193e-06
1.8410000000e+01	1.5320897884e-09	3.5726066676e-06
1.8420000000e+01	1.4312823149e-09	3.2454564242e-06
1.8430000000e+01	1.3308736335e-09	2.9412567366e-06
1.8440000000e+01	1.2331176080e-09	2.6594012833e-06
1.8450000000e+01	1.1394380994e-09	2.3989582892e-06
1.8460000000e+01	1.0506731041e-09	2.1588044368e-06
1.8470000000e+01	9.6726437970e-10	1.9377154357e-06
1.8480000000e+01	8.8937279763e-10	1.7344302248e-06
1.8490000000e+01	8.1697282273e-10	1.5476935796e-06
1.8500000000e+01	7.4991435284e-10	1.3762845847e-06
1.8510000000e+01	6.8796568442e-10	1.2190352854e-06
1.8520000000e+01	6.3085692226e-10	1.0748394175e-06
1.8530000000e+01	5.7828886124e-10	9.4265910633e-07
1.8540000000e+01	5.2995274835e-10	8.2152704956e-07
1.8550000000e+01	4.8554282817e-10	7.1054583170e-07
1.8560000000e+01	4.4476233807e-10	6.0888586871e-07
1.8570000000e+01	4.0732839324e-10	5.1578223597e-07
1.8580000000e+01	3.7297220867e-10	4.3053144542e-07
1.8590000000e+01	3.4144220784e-10	3.5248751219e-07
1.8600000000e+01	3.1250479982e-10	2.8105784367e-07
1.8610000000e+01	2.8593971635e-10	2.1570019421e-07
1.8620000000e+01	2.6155344557e-10	1.5591654951e-07
1.8630000000e+01	2.3915819325e-10	1.0125181963e-07
1.8640000000e+01	2.1858431731e-10	5.1289689955e-08
1.8650000000e+01	1.9968149356e-10	5.6482057127e-09
1.8660000000e+01	1.8230461585e-10	3.6021420767e-08
1.8670000000e+01	1.6632606403e-10	7.4038806831e-08
1.8680000000e+01	1.5163004186e-10	1.0869710211e-07
1.8690000000e+01	1.3810397270e-10	1.4026372444e-07
1.8700000000e+01	1.2565626317e-10	1.6898515603e-07
1.8710000000e+01	1.1419321044e-10	1.9508646127e-07
1.8720000000e+01	1.0363132574e-10	2.1877362144e-07
1.8730000000e+01	9.3901164622e-11	2.4023674478e-07
1.8740000000e+01	8.4932894051e-11	2.5964997771e-07
1.8750000000e+01	7.6662731718e-11	2.7717288782e-07
1.8760000000e+01	6.9035499539e-11	2.9295243057e-07
1.8770000000e+01	6.1999239076e-11	3.0712368521e-07
1.8780000000e+01	5.5505655627e-11	3.1981069221e-07
1.8790000000e+01	4.9513004807e-11	3.3112795046e-07
1.8800000000e+01	4.3979486719e-11	3.4118040456e-07
1.8810000000e+01	3.8871406094e-11	3.5006529738e-07
1.8820000000e+01	3.4153735395e-11	3.5787186548e-07
1.8830000000e+01	2.9796443091e-11	3.6468248104e-07
1.8840000000e+01	2.5774382628e-11	3.7057376850e-07
1.8850000000e+01	2.2058910254e-11	3.7561580513e-07
1.8860000000e+01	1.8626100662e-11	3.7987319956e-07
1.8870000000e+01	1.5454970637e-11	3.8340576428e-07
1.8880000000e+01	1.2527479054e-11	3.8626918806e-07
1.8890000000e+01	9.8234198553e-12	3.8851454117e-07
1.8900000000e+01	7.3281380963e-12	3.9018954417e-07
1.8910000000e+01	5.0245363425e-12	3.9133800962e-07
1.8920000000e+01	2.8980151612e-12	3.9200041308e-07
1.8930000000e+01	9.3708374393e-13	3.9221460365e-07
1.8940000000e+01	8.7169160778e-13	3.9201535986e-07
1.8950000000e+01	2.5389135239e-12	3.9143503676e-07
1.8960000000e+01	4.0732417439e-12	3.9050401008e-07
1.8970000000e+01	5.4881654776e-12	3.8924957226e-07
1.8980000000e+01	6.7874594833e-12	3.8769815295e-07
1.8990000000e+01	7.9825035471e-12	3.8587358071e-07
1.9000000000e+01	9.0804030961e-12	3.8379806000e-07
1.9010000000e+01	1.0088041513e-11	3.8149222194e-07
1.9020000000e+01	1.1010914402e-11	3.7897544150e-07
1.9030000000e+01	1.1855516568e-11	3.7626560915e-07
1.9040000000e+01	1.2627066059e-11	3.7337942262e-07
1.9050000000e+01	1.3330725412e-11	3.7033239967e-07
1.9060000000e+01	1.3971934720e-11	3.6713881459e-07
1.9070000000e+01	1.4555023853e-11	3.6381195199e-07
1.9080000000e+01	1.5083545524e-11	3.6036428444e-07
1.9090000000e+01	1.5561052447e-11	3.5680747246e-07
1.9100000000e+01	1.5990264668e-11	3.5315255482e-07
1.9110000000e+01	1.6378121082e-11	3.4940898429e-07
1.9120000000e+01	1.6723677998e-11	3.4558642931e-07
1.9130000000e+01	1.7031209776e-11	3.4169358137e-07
1.9140000000e+01	1.7302825839e-11	3.3773864975e-07
1.9150000000e+01	1.7541745834e-11	3.3372910784e-07
1.9160000000e+01	1.7750467762e-11	3.2967185807e-07
1.9170000000e+01	1.7930601448e-11	3.2557343488e-07
1.9180000000e+01	1.8083867737e-11	3.2143997940e-07
1.9190000000e+01	1.8212320541e-11	3.1727716327e-07
1.9200000000e+01	1.8317958261e-11	3.1309020138e-07
1.9210000000e+01	1.8402390722e-11	3.0888394065e-07
1.9220000000e+01	1.8466284057e-11	3.0466307572e-07
1.9230000000e+01	1.8512025246e-11	3.0043175566e-07
1.9240000000e+01	1.8540058377e-11	2.9619402803e-07
1.9250000000e+01	1.8552714920e-11	2.9195340748e-07
1.9260000000e+01	1.8550272429e-11	2.8771334521e-07
1.9270000000e+01	1.8533619084e-11	2.8347708942e-07
1.9280000000e+01	1.8504420218e-11	2.7924750766e-07
1.9290000000e+01	1.8463675033e-11	2.7502723908e-07
1.9300000000e+01	1.8411439040e-11	2.7081891015e-07
1.9310000000e+01	1.8348766950e-11	2.6662490628e-07
1.9320000000e+01	1.8276768987e-11	2.6244735908e-07
1.9330000000e+01	1.8195667195e-11	2.5828834944e-07
1.9340000000e+01	1.8107237931e-11	2.5414955220e-07
1.9350000000e+01	1.8010815062e-11	2.5003279447e-07
1.9360000000e+01	1.7906842675e-11	2.4593980186e-07
1.9370000000e+01	1.7796542018e-11	2.4187202082e-07
1.9380000000e+01	1.7681023312e-11	2.3783064407e-07
1.9390000000e+01	1.7559953491e-11	2.3381694041e-07
1.9400000000e+01	1.7433998689e-11	2.2983202643e-07
1.9410000000e+01	1.7302936861e-11	2.2587706943e-07
1.9420000000e+01	1.7168211297e-11	2.2195290685e-07
1.9430000000e+01	1.7029322397e-11	2.1806049030e-07
1.9440000000e+01	1.6886991805e-11	2.1420060646e-07
1.9450000000e+01	1.6741663611e-11	2.1037394049e-07
1.9460000000e+01	1.6593226793e-11	2.0658120294e-07
1.9470000000e+01	1.6442125439e-11	2.0282300284e-07
1.9480000000e+01	1.6288692617e-11	1.9909987310e-07
1.9490000000e+01	1.6133427927e-11	1.9541223243e-07
1.9500000000e+01	1.5975720746e-11	1.9176063911e-07
1.9510000000e+01	1.5816903343e-11	1.8814534692e-07
1.9520000000e+01	1.5656032026e-11	1.8456682532e-07
1.9530000000e+01	1.5494383554e-11	1.8102525193e-07
1.9540000000e+01	1.5331291792e-11	1.7752095666e-07
1.9550000000e+01	1.5167034295e-11	1.7405420597e-07
1.9560000000e+01	1.5002221687e-11	1.7062512673e-07
1.9570000000e+01	1.4836742945e-11	1.6723387120e-07
1.9580000000e+01	1.4670598070e-11	1.6388059164e-07
1.9590000000e+01	1.4504064616e-11	1.6056537687e-07
1.9600000000e+01	1.4337142584e-11	1.5728831571e-07
1.9610000000e+01	1.4169831974e-11	1.5404949697e-07
1.9620000000e+01	1.4002632387e-11	1.5084889528e-07
1.9630000000e+01	1.3835321777e-11	1.4768653602e-07
1.9640000000e+01	1.3668066678e-11	1.4456240649e-07
1.9650000000e+01	1.3500867091e-11	1.4147649401e-07
1.9660000000e+01	1.3334056082e-11	1.3842870976e-07
1.9670000000e+01	1.3166967516e-11	1.3541911719e-07
1.9680000000e+01	1.3000711618e-11	1.3244752596e-07
1.9690000000e+01	1.2834733276e-11	1.2951387264e-07
1.9700000000e+01	1.2669088001e-11	1.2661808110e-07
1.9710000000e+01	1.2503942326e-11	1.2376003714e-07
1.9720000000e+01	1.2339240740e-11	1.2093963926e-07
1.9730000000e+01	1.2175205288e-11	1.1815673519e-07
1.9740000000e+01	1.2011835970e-11	1.1541117268e-07
1.9750000000e+01	1.1848633186e-11	1.1270291367e-07
1.9760000000e+01	1.1686873691e-11	1.1003162825e-07
1.9770000000e+01	1.1525169707e-11	1.0739730375e-07
1.9780000000e+01	1.1364520436e-11	1.0479969908e-07
1.9790000000e+01	1.1204426276e-11	1.0223868736e-07
1.9800000000e+01	1.1045109272e-11	9.9714090952e-08
1.9810000000e+01	1.0886624935e-11	9.7225719539e-08
1.9820000000e+01	1.0729084288e-11	9.4773357416e-08
1.9830000000e+01	1.0572320797e-11	9.2356826948e-08
1.9840000000e+01	1.0415723839e-11	8.9976090071e-08
1.9850000000e+01	1.0260903238e-11	8.7630740759e-08
1.9860000000e+01	1.0106304682e-11	8.5320728260e-08
1.9870000000e+01	9.9528163489e-12	8.3045798809e-08
1.9880000000e+01	9.8000496607e-12	8.0805787458e-08
1.9890000000e+01	9.6480601286e-12	7.8600516572e-08
1.9900000000e+01	9.4970697972e-12	7.6429757761e-08
1.9910000000e+01	9.3468011109e-12	7.4293346078e-08
1.9920000000e+01	9.1975871364e-12	7.2191040447e-08
1.9930000000e+01	9.0492613403e-12	7.0122637855e-08
1.9940000000e+01	8.9017682114e-12	6.8087947978e-08
1.9950000000e+01	8.7547191718e-12	6.6086869310e-08
1.9960000000e+01	8.6090023999e-12	6.4119097333e-08
1.9970000000e+01	8.4640072728e-12	6.2184467099e-08
1.9980000000e+01	8.3197893019e-12	6.0282800973e-08
1.9990000000e+01	8.1764595095e-12	5.8413895943e-08
2.0000000000e+01	8.0340178954e-12	5.6577548995e-08
2.0010000000e+01	7.8922424152e-12	5.4773607872e-08
2.0020000000e+01	7.7515216468e-12	5.3001831495e-08
2.0030000000e+01	7.6116890568e-12	5.1262016854e-08
2.0040000000e+01	7.4721895338e-12	4.9554087817e-08
2.0050000000e+01	7.3338002338e-12	4.7877790621e-08
2.0060000000e+01	7.1962436010e-12	4.6232934941e-08
2.0070000000e+01	7.0594086132e-12	4.4619355829e-08
2.0080000000e+01	6.9231842481e-12	4.3036913715e-08
2.0090000000e+01	6.7879590837e-12	4.1485380210e-08
2.0100000000e+01	6.6534000531e-12	3.9964603055e-08
2.0110000000e+01	6.5193406229e-12	3.8474468056e-08
2.0120000000e+01	6.3863359046e-12	3.7014734135e-08
2.0130000000e+01	6.2541083423e-12	3.5585223657e-08
2.0140000000e+01	6.1221028247e-12	3.4185885868e-08
2.0150000000e+01	5.9913740635e-12	3.2816428939e-08
2.0160000000e+01	5.8611449028e-12	3.1476738676e-08
2.0170000000e+01	5.7313043200e-12	3.0166726260e-08
2.0180000000e+01	5.6024074269e-12	2.8886175991e-08
2.0190000000e+01	5.4739546229e-12	2.7634986363e-08
2.0200000000e+01	5.3462789751e-12	2.6412979740e-08
2.0210000000e+01	5.2194915057e-12	2.5219953110e-08
2.0220000000e+01	5.0927040363e-12	2.4055906473e-08
2.0230000000e+01	4.9669157676e-12	2.2920611441e-08
2.0240000000e+01	4.8416826104e-12	2.1813941130e-08
2.0250000000e+01	4.7169490536e-12	2.0735781346e-08
2.0260000000e+01	4.5926595860e-12	1.9686030583e-08
2.0270000000e+01	4.4691472745e-12	1.8664511206e-08
2.0280000000e+01	4.3460790522e-12	1.7671121709e-08
2.0290000000e+01	4.2233994080e-12	1.6705773273e-08
2.0300000000e+01	4.1012748753e-12	1.5768339015e-08
2.0310000000e+01	3.9799274987e-12	1.4858641301e-08
2.0320000000e+01	3.8587466555e-12	1.3976642066e-08
2.0330000000e+01	3.7380099016e-12	1.3122239803e-08
2.0340000000e+01	3.6177172369e-12	1.2295333006e-08
2.0350000000e+01	3.4978686614e-12	1.1495820169e-08
2.0360000000e+01	3.3787417308e-12	1.0723536345e-08
2.0370000000e+01	3.2597258226e-12	9.9784561566e-09
2.0380000000e+01	3.1412650259e-12	9.2604527221e-09
2.0390000000e+01	3.0228042291e-12	8.5695260412e-09
2.0400000000e+01	2.9052871220e-12	7.9054604133e-09
2.0410000000e+01	2.7877145037e-12	7.2682685267e-09
2.0420000000e+01	2.6706414857e-12	6.6578361871e-09
2.0430000000e+01	2.5537350012e-12	6.0741253297e-09
2.0440000000e+01	2.4372726060e-12	5.5170344483e-09
2.0450000000e+01	2.3211432776e-12	4.9864874135e-09
2.0460000000e+01	2.2051804827e-12	4.4824461603e-09
2.0470000000e+01	2.0894952435e-12	4.0048472475e-09
2.0480000000e+01	1.9740875601e-12	3.5536272337e-09
2.0490000000e+01	1.8588464101e-12	3.1287480543e-09
2.0500000000e+01	1.7441603717e-12	2.7300828265e-09
2.0510000000e+01	1.6293633109e-12	2.3576569268e-09
2.0520000000e+01	1.5146772725e-12	2.0114449788e-09
2.0530000000e+01	1.4004353233e-12	1.6913454764e-09
2.0540000000e+01	1.2864154186e-12	1.3973076664e-09
2.0550000000e+01	1.1722289806e-12	1.1293696137e-09
2.0560000000e+01	1.0586531651e-12	8.8739174739e-10
2.0570000000e+01	9.4468877165e-13	6.7146288529e-10
2.0580000000e+01	8.3105744508e-13	4.8150689785e-10
2.0590000000e+01	7.1753714082e-13	3.1749840852e-10
2.0600000000e+01	6.0423888115e-13	1.7938666425e-10
2.0610000000e+01	4.9082959919e-13	6.7197041582e-11
2.0620000000e+01	3.7747582837e-13	1.9083147760e-11
2.0630000000e+01	2.6439961331e-13	7.9517345089e-11
2.0640000000e+01	1.5104584250e-13	1.1404210909e-10
2.0650000000e+01	3.8080649745e-14	1.2274625760e-10
2.0660000000e+01	7.5328632221e-14	1.0552828452e-10
2.0670000000e+01	1.8862689188e-13	6.2413566379e-11
2.0680000000e+01	3.0175861809e-13	6.5598320426e-12
2.0690000000e+01	4.1494585545e-13	1.0140459900e-10
2.0700000000e+01	5.2835513742e-13	2.2217148756e-10
2.0710000000e+01	6.4148686363e-13	3.6879705639e-10
2.0720000000e+01	7.5500716790e-13	5.4137012333e-10
2.0730000000e+01	8.6863849447e-13	7.3991606493e-10
2.0740000000e+01	9.8238084334e-13	9.6446025769e-10
2.0750000000e+01	1.0960676811e-12	1.2149900134e-09
2.0760000000e+01	1.2100320745e-12	1.4915687733e-09
2.0770000000e+01	1.3240519792e-12	1.7942092256e-09
2.0780000000e+01	1.4383494396e-12	2.1229748118e-09
2.0790000000e+01	1.5525358776e-12	2.4778401553e-09
2.0800000000e+01	1.6672774272e-12	2.8589321386e-09
2.0810000000e+01	1.7819079545e-12	3.2662253854e-09
2.0820000000e+01	1.8970935933e-12	3.6998467782e-09
2.0830000000e+01	2.0122237210e-12	4.1597836287e-09
2.0840000000e+01	2.1276869155e-12	4.6461120665e-09
2.0850000000e+01	2.2434831770e-12	5.1589082212e-09
2.0860000000e+01	2.3594459719e-12	5.6982101577e-09
2.0870000000e+01	2.4758528561e-12	6.2641193819e-09
2.0880000000e+01	2.5923707625e-12	6.8566612705e-09
2.0890000000e+01	2.7092217358e-12	7.4759119530e-09
2.0900000000e+01	2.8263502649e-12	8.1219348707e-09
2.0910000000e+01	2.9440894167e-12	8.7948695945e-09
2.0920000000e+01	3.0618840796e-12	9.4947288127e-09
2.0930000000e+01	3.1804558986e-12	1.0221690161e-08
2.0940000000e+01	3.2989166954e-12	1.0975728263e-08
2.0950000000e+01	3.4181546482e-12	1.1757020754e-08
2.0960000000e+01	3.5374481122e-12	1.2565580322e-08
2.0970000000e+01	3.6574632212e-12	1.3401571916e-08
2.0980000000e+01	3.7779224193e-12	1.4265097040e-08
2.0990000000e+01	3.8986036621e-12	1.5156206449e-08
2.1000000000e+01	4.0201175722e-12	1.6075090465e-08
2.1010000000e+01	4.1415759711e-12	1.7021736401e-08
2.1020000000e+01	4.2639225484e-12	1.7996347270e-08
2.1030000000e+01	4.3865466814e-12	1.8998986511e-08
2.1040000000e+01	4.5101145041e-12	2.0029869826e-08
2.1050000000e+01	4.6334602821e-12	2.1088946462e-08
2.1060000000e+01	4.7581383278e-12	2.2176520937e-08
2.1070000000e+01	4.8829829069e-12	2.3292631316e-08
2.1080000000e+01	5.0086601533e-12	2.4437467922e-08
2.1090000000e+01	5.1344484220e-12	2.5611056133e-08
2.1100000000e+01	5.2612358914e-12	2.6813624337e-08
2.1110000000e+01	5.3884674500e-12	2.8045274040e-08
2.1120000000e+01	5.5162541202e-12	2.9306132124e-08
2.1130000000e+01	5.6449289687e-12	3.0596401603e-08
2.1140000000e+01	5.7740479065e-12	3.1916183981e-08
2.1150000000e+01	5.9041660450e-12	3.3265707649e-08
2.1160000000e+01	6.0345617392e-12	3.4645036046e-08
2.1170000000e+01	6.1656790784e-12	3.6054334121e-08
2.1180000000e+01	6.2978511295e-12	3.7493842951e-08
2.1190000000e+01	6.4304117586e-12	3.8963651353e-08
2.1200000000e+01	6.5636385216e-12	4.0463911586e-08
2.1210000000e+01	6.6975314184e-12	4.1994775911e-08
2.1220000000e+01	6.8325900493e-12	4.3556510779e-08
2.1230000000e+01	6.9682037918e-12	4.5149243074e-08
2.1240000000e+01	7.1044836680e-12	4.6773125056e-08
2.1250000000e+01	7.2416517227e-12	4.8428359735e-08
2.1260000000e+01	7.3792083555e-12	5.0115035931e-08
2.1270000000e+01	7.5182082782e-12	5.1833483537e-08
2.1280000000e+01	7.6577078012e-12	5.3583816749e-08
2.1290000000e+01	7.7978734581e-12	5.5366187825e-08
2.1300000000e+01	7.9392603602e-12	5.7180875907e-08
2.1310000000e+01	8.0810358405e-12	5.9027969814e-08
2.1320000000e+01	8.2237550103e-12	6.0907685245e-08
2.1330000000e+01	8.3673623585e-12	6.2820225212e-08
2.1340000000e+01	8.5116358406e-12	6.4765741976e-08
2.1350000000e+01	8.6569640345e-12	6.6744476612e-08
2.1360000000e+01	8.8031804069e-12	6.8756632134e-08
2.1370000000e+01	8.9503959799e-12	7.0802436929e-08
2.1380000000e+01	9.0979446199e-12	7.2881967128e-08
2.1390000000e+01	9.2469365498e-12	7.4995552625e-08
2.1400000000e+01	9.3963725689e-12	7.7143294927e-08
2.1410000000e+01	9.5467522776e-12	7.9325409733e-08
2.1420000000e+01	9.6984087428e-12	8.1542188874e-08
2.1430000000e+01	9.8504537860e-12	8.3793721168e-08
2.1440000000e+01	1.0003553541e-11	8.6080247692e-08
2.1450000000e+01	1.0157097385e-11	8.8401869951e-08
2.1460000000e+01	1.0311973497e-11	9.0758892465e-08
2.1470000000e+01	1.0467404721e-11	9.3151442115e-08
2.1480000000e+01	1.0623724123e-11	9.5579721915e-08
2.1490000000e+01	1.0780931703e-11	9.8043934876e-08
2.1500000000e+01	1.0939138484e-11	1.0054430939e-07
2.1510000000e+01	1.1097456287e-11	1.0308087082e-07
2.1520000000e+01	1.1257328403e-11	1.0565397446e-07
2.1530000000e+01	1.1417644608e-11	1.0826372180e-07
2.1540000000e+01	1.1578626946e-11	1.1091026510e-07
2.1550000000e+01	1.1740275419e-11	1.1359375662e-07
2.1560000000e+01	1.1902479002e-11	1.1631432325e-07
2.1570000000e+01	1.2065570765e-11	1.1907216800e-07
2.1580000000e+01	1.2229328661e-11	1.2186744312e-07
2.1590000000e+01	1.2393697180e-11	1.2470028819e-07
2.1600000000e+01	1.2558620810e-11	1.2757083009e-07
2.1610000000e+01	1.2723877507e-11	1.3047914495e-07
2.1620000000e+01	1.2889300738e-11	1.3342527083e-07
2.1630000000e+01	1.3055723169e-11	1.3640943613e-07
2.1640000000e+01	1.3222256623e-11	1.3943166621e-07
2.1650000000e+01	1.3389067632e-11	1.4249202453e-07
2.1660000000e+01	1.3555934153e-11	1.4559052376e-07
2.1670000000e+01	1.3723300274e-11	1.4872727811e-07
2.1680000000e+01	1.3890777417e-11	1.5190231295e-07
2.1690000000e+01	1.4057754960e-11	1.5511551408e-07
2.1700000000e+01	1.4225287615e-11	1.5836700840e-07
2.1710000000e+01	1.4392154135e-11	1.6165664363e-07
2.1720000000e+01	1.4559242700e-11	1.6498447053e-07
2.1730000000e+01	1.4725443087e-11	1.6835028609e-07
2.1740000000e+01	1.4891532452e-11	1.7175406494e-07
2.1750000000e+01	1.5056844660e-11	1.7519562943e-07
2.1760000000e+01	1.5221712779e-11	1.7867487807e-07
2.1770000000e+01	1.5385026586e-11	1.8219145557e-07
2.1780000000e+01	1.5547785281e-11	1.8574523507e-07
2.1790000000e+01	1.5709711310e-11	1.8933602622e-07
2.1800000000e+01	1.5869472403e-11	1.9296333420e-07
2.1810000000e+01	1.6028289807e-11	1.9662694330e-07
2.1820000000e+01	1.6185053298e-11	2.0032638405e-07
2.1830000000e+01	1.6339651854e-11	2.0406116162e-07
2.1840000000e+01	1.6492585075e-11	2.0783089535e-07
2.1850000000e+01	1.6642520695e-11	2.1163490008e-07
2.1860000000e+01	1.6790180357e-11	2.1547265559e-07
2.1870000000e+01	1.6934453839e-11	2.1934338790e-07
2.1880000000e+01	1.7075618697e-11	2.2324638646e-07
2.1890000000e+01	1.7213230841e-11	2.2718083922e-07
2.1900000000e+01	1.7346679648e-11	2.3114579457e-07
2.1910000000e+01	1.7476020631e-11	2.3514031357e-07
2.1920000000e+01	1.7600476632e-11	2.3916327966e-07
2.1930000000e+01	1.7719825607e-11	2.4321352551e-07
2.1940000000e+01	1.7833623467e-11	2.4728978230e-07
2.1950000000e+01	1.7941981234e-11	2.5139080658e-07
2.1960000000e+01	1.8042900507e-11	2.5551489813e-07
2.1970000000e+01	1.8137158442e-11	2.5966053434e-07
2.1980000000e+01	1.8223977882e-11	2.6382601500e-07
2.1990000000e+01	1.8301526961e-11	2.6800922117e-07
2.2000000000e+01	1.8370860388e-11	2.7220827497e-07
2.2010000000e+01	1.8429757720e-11	2.7642079102e-07
2.2020000000e+01	1.8478607533e-11	2.8064447274e-07
2.2030000000e+01	1.8515466937e-11	2.8487657947e-07
2.2040000000e+01	1.8540502467e-11	2.8911440860e-07
2.2050000000e+01	1.8552104297e-11	2.9335488959e-07
2.2060000000e+01	1.8549883851e-11	2.9759486304e-07
2.2070000000e+01	1.8532342327e-11	3.0183082700e-07
2.2080000000e+01	1.8498647059e-11	3.0605908918e-07
2.2090000000e+01	1.8447077199e-11	3.1027556397e-07
2.2100000000e+01	1.8375911903e-11	3.1447577241e-07
2.2110000000e+01	1.8285761794e-11	3.1865537510e-07
2.2120000000e+01	1.8171963934e-11	3.2280896686e-07
2.2130000000e+01	1.8036017124e-11	3.2693148506e-07
2.2140000000e+01	1.7873758029e-11	3.3101691547e-07
2.2150000000e+01	1.7684187448e-11	3.3505901545e-07
2.2160000000e+01	1.7466195157e-11	3.3905128863e-07
2.2170000000e+01	1.7216394976e-11	3.4298646463e-07
2.2180000000e+01	1.6933343616e-11	3.4685694317e-07
2.2190000000e+01	1.6613155296e-11	3.5065423581e-07
2.2200000000e+01	1.6253776103e-11	3.5436938463e-07
2.2210000000e+01	1.5854095814e-11	3.5799317796e-07
2.2220000000e+01	1.5408341270e-11	3.6151508453e-07
2.2230000000e+01	1.4914569579e-11	3.6492412901e-07
2.2240000000e+01	1.4369061496e-11	3.6820848592e-07
2.2250000000e+01	1.3766709994e-11	3.7135516249e-07
2.2260000000e+01	1.3105572183e-11	3.7435072185e-07
2.2270000000e+01	1.2379874903e-11	3.7718040754e-07
2.2280000000e+01	1.1584455617e-11	3.7982828311e-07
2.2290000000e+01	1.0714762411e-11	3.8227737166e-07
2.2300000000e+01	9.7650776354e-12	3.8450938941e-07
2.2310000000e+01	8.7283513750e-12	3.8650444115e-07
2.2320000000e+01	7.5982553582e-12	3.8824118523e-07
2.2330000000e+01	6.3696825592e-12	3.8969711267e-07
2.2340000000e+01	5.0335846602e-12	3.9084764631e-07
2.2350000000e+01	3.5805802767e-12	3.9166606466e-07
2.2360000000e+01	2.0027868253e-12	3.9212384451e-07
2.2370000000e+01	2.9054536554e-13	3.9219025488e-07
2.2380000000e+01	1.5679124665e-12	3.9183187488e-07
2.2390000000e+01	3.5821901001e-12	3.9101308857e-07
2.2400000000e+01	5.7651106111e-12	3.8969534901e-07
2.2410000000e+01	8.1308293431e-12	3.8783687373e-07
2.2420000000e+01	1.0692224883e-11	3.8539293661e-07
2.2430000000e+01	1.3469114712e-11	3.8231428182e-07
2.2440000000e+01	1.6475321107e-11	3.7854849414e-07
2.2450000000e+01	1.9728940703e-11	3.7403902198e-07
2.2460000000e+01	2.3253787784e-11	3.6872387048e-07
2.2470000000e+01	2.7068847164e-11	3.6253670542e-07
2.2480000000e+01	3.1199709483e-11	3.5540534325e-07
2.2490000000e+01	3.5671465781e-11	3.4725186536e-07
2.2500000000e+01	4.0514980260e-11	3.3799129844e-07
2.2510000000e+01	4.5759951384e-11	3.2753188098e-07
2.2520000000e+01	5.1440240956e-11	3.1577411162e-07
2.2530000000e+01	5.7593541047e-11	3.0260987367e-07
2.2540000000e+01	6.4260596844e-11	2.8792173725e-07
2.2550000000e+01	7.1487538111e-11	2.7158172853e-07
2.2560000000e+01	7.9322493018e-11	2.5345087299e-07
2.2570000000e+01	8.7817308980e-11	2.3337834522e-07
2.2580000000e+01	9.7031327417e-11	2.1119975610e-07
2.2590000000e+01	1.0702677633e-10	1.8673649294e-07
2.2600000000e+01	1.1787631982e-10	1.5979333412e-07
2.2610000000e+01	1.2965600815e-10	1.3015767511e-07
2.2620000000e+01	1.4245155056e-10	9.7597320701e-08
2.2630000000e+01	1.5635170936e-10	6.1859787134e-08
2.2640000000e+01	1.7145879161e-10	2.2669206195e-08
2.2650000000e+01	1.8788559597e-10	2.0276072884e-08
2.2660000000e+01	2.0575219306e-10	6.7305145584e-08
2.2670000000e+01	2.2519075493e-10	1.1877731814e-07
2.2680000000e+01	2.4634794205e-10	1.7508541918e-07
2.2690000000e+01	2.6938373754e-10	2.3665884490e-07
2.2700000000e+01	2.9446700633e-10	3.0396558921e-07
2.2710000000e+01	3.2179281462e-10	3.7751823255e-07
2.2720000000e+01	3.5156233480e-10	4.5787533764e-07
2.2730000000e+01	3.8400060909e-10	5.4564690544e-07
2.2740000000e+01	4.1934533623e-10	6.4149726800e-07
2.2750000000e+01	4.5785464309e-10	7.4614975785e-07
2.2760000000e+01	4.9980175554e-10	8.6039015912e-07
2.2770000000e+01	5.4547510953e-10	9.8507018415e-07
2.2780000000e+01	5.9517601958e-10	1.1211104172e-06
2.2790000000e+01	6.4921135134e-10	1.2695015832e-06
2.2800000000e+01	7.0788797046e-10	1.4313045479e-06
2.2810000000e+01	7.7149509004e-10	1.6076462828e-06
2.2820000000e+01	8.4029583292e-10	1.7997139017e-06
2.2830000000e+01	9.1450214068e-10	2.0087429624e-06
2.2840000000e+01	9.9422048372e-10	2.2359933587e-06
2.2850000000e+01	1.0794283245e-09	2.4827198329e-06
2.2860000000e+01	1.1698829683e-09	2.7501216542e-06
2.2870000000e+01	1.2650278602e-09	3.0392708794e-06
2.2880000000e+01	1.3638529195e-09	3.3510086896e-06
2.2890000000e+01	1.4646924784e-09	3.6857955418e-06
2.2900000000e+01	1.5649486151e-09	4.0434980824e-06
2.2910000000e+01	1.6606958031e-09	4.4230856945e-06
2.2920000000e+01	1.7461334600e-09	4.8222019140e-06
2.2930000000e+01	1.8127991330e-09	5.2365560015e-06
2.2940000000e+01	1.8484461739e-09	5.6590579841e-06
2.2950000000e+01	1.8354582298e-09	6.0785912938e-06
2.2960000000e+01	1.7485897175e-09	6.4782689435e-06
2.2970000000e+01	1.5516430363e-09	6.8329302089e-06
2.2980000000e+01	1.1927723254e-09	7.1055638833e-06
2.2990000000e+01	5.9754068360e-10	7.2421446110e-06
2.3000000000e+01	3.4113956104e-10	7.1641698542e-06
2.3010000000e+01	1.7777967987e-09	6.7578163002e-06
2.3020000000e+01	3.9362755277e-09	5.8580961796e-06
2.3030000000e+01	7.1419941072e-09	4.2256403836e-06
2.3040000000e+01	1.1869897731e-08	1.5125209022e-06
2.3050000000e+01	1.8815558001e-08	2.7881780694e-06
2.3060000000e+01	2.9000547963e-08	9.4168747466e-06
2.3070000000e+01	4.3927568916e-08	1.9457461927e-05
2.3080000000e+01	6.5806111671e-08	3.4498858881e-05
2.3090000000e+01	9.7873662286e-08	5.6869981689e-05
2.3100000000e+01	1.4483553423e-07	8.9975246656e-05
2.3110000000e+01	2.1342688705e-07	1.3875853513e-04
2.3120000000e+01	3.1303628023e-07	2.1030968489e-04
2.3130000000e+01	4.5617206013e-07	3.1457758435e-04
2.3140000000e+01	6.5822041995e-07	4.6502796605e-04
2.3150000000e+01	9.3535164902e-07	6.7882262869e-04
2.3160000000e+01	1.2986185709e-06	9.7564973061e-04
2.3170000000e+01	1.7417849456e-06	1.3737720039e-03
2.3180000000e+01	2.2218603322e-06	1.8816257941e-03
2.3190000000e+01	2.6376357338e-06	2.4845139618e-03
2.3200000000e+01	2.8242480883e-06	3.1300563820e-03
2.3210000000e+01	2.5928738250e-06	3.7227132563e-03
2.3220000000e+01	1.8298517475e-06	4.1409650843e-03
2.3230000000e+01	6.1059964107e-07	4.2805307165e-03
2.3240000000e+01	7.7532804665e-07	4.1033128773e-03
2.3250000000e+01	1.9508385680e-06	3.6574069189e-03
2.3260000000e+01	2.6485837008e-06	3.0520163587e-03
2.3270000000e+01	2.8203120399e-06	2.4073736067e-03
2.3280000000e+01	2.5954733376e-06	1.8141225581e-03
2.3290000000e+01	2.1641935541e-06	1.3194497458e-03
2.3300000000e+01	1.6845303819e-06	9.3441422990e-04
2.3310000000e+01	1.2497423927e-06	6.4875882586e-04
2.3320000000e+01	8.9712968165e-07	4.4370061291e-04
2.3330000000e+01	6.2991714422e-07	2.9971955137e-04
2.3340000000e+01	4.3592535537e-07	2.0007947015e-04
2.3350000000e+01	2.9886289132e-07	1.3176795213e-04
2.3360000000e+01	2.0363394837e-07	8.5223049646e-05
2.3370000000e+01	1.3811901933e-07	5.3652988084e-05
2.3380000000e+01	9.3284076019e-08	3.2330913565e-05
2.3390000000e+01	6.2674351264e-08	1.8005347562e-05
2.3400000000e+01	4.1791003547e-08	8.4531181800e-06
2.3410000000e+01	2.7542703229e-08	2.1576431562e-06
2.3420000000e+01	1.7821001785e-08	1.9157286805e-06
2.3430000000e+01	1.1192212934e-08	4.4739487797e-06
2.3440000000e+01	6.6815724065e-09	6.0011653298e-06
2.3450000000e+01	3.6251903701e-09	6.8297802715e-06
2.3460000000e+01	1.5695842404e-09	7.1885423836e-06
2.3470000000e+01	2.0387935784e-10	7.2351433797e-06
2.3480000000e+01	6.8582695079e-10	7.0783829338e-06
2.3490000000e+01	1.2473286848e-09	6.7932792344e-06
2.3500000000e+01	1.5830421418e-09	6.4314410305e-06
2.3510000000e+01	1.7641863526e-09	6.0281984357e-06
2.3520000000e+01	1.8403862878e-09	5.6075387127e-06
2.3530000000e+01	1.8462816831e-09	5.1855314709e-06
2.3540000000e+01	1.8060460905e-09	4.7727209359e-06
2.3550000000e+01	1.7365326954e-09	4.3757991770e-06
2.3560000000e+01	1.6494468014e-09	3.9987827652e-06
2.3570000000e+01	1.5528847097e-09	3.6438376887e-06
2.3580000000e+01	1.4523817704e-09	3.3118647126e-06
2.3590000000e+01	1.3516702202e-09	3.0029115194e-06
2.3600000000e+01	1.2532200833e-09	2.7164612147e-06
2.3610000000e+01	1.1586036575e-09	2.4516375216e-06
2.3620000000e+01	1.0687652985e-09	2.2073483105e-06
2.3630000000e+01	9.8421892858e-10	1.9823839840e-06
2.3640000000e+01	9.0517260354e-10	1.7754873889e-06
2.3650000000e+01	8.3163564923e-10	1.5853992405e-06
2.3660000000e+01	7.6347717037e-10	1.4108901729e-06
2.3670000000e+01	7.0048467027e-10	1.2507793912e-06
2.3680000000e+01	6.4239169539e-10	1.1039470037e-06
2.3690000000e+01	5.8889881860e-10	9.6934155940e-07
2.3700000000e+01	5.3970528047e-10	8.4598035244e-07
2.3710000000e+01	4.9450110673e-10	7.3295152804e-07
2.3720000000e+01	4.5298764739e-10	6.2941149435e-07
2.3730000000e+01	4.1487868696e-10	5.3458208019e-07
2.3740000000e+01	3.7990066648e-10	4.4774764214e-07
2.3750000000e+01	3.4780112124e-10	3.6825024300e-07
2.3760000000e+01	3.1833990999e-10	2.9548683500e-07
2.3770000000e+01	2.9129931800e-10	2.2890413374e-07
2.3780000000e+01	2.6647234419e-10	1.6799616936e-07
2.3790000000e+01	2.4367513562e-10	1.1229899550e-07
2.3800000000e+01	2.2273566325e-10	6.1387986757e-08
2.3810000000e+01	2.0349538721e-10	1.4874755396e-08
2.3820000000e+01	1.8581092220e-10	2.7596312537e-08
2.3830000000e+01	1.6955165050e-10	6.6350975508e-08
2.3840000000e+01	1.5459628022e-10	1.0168726813e-07
2.3850000000e+01	1.4083501032e-10	1.3387812763e-07
2.3860000000e+01	1.2816964157e-10	1.6317404570e-07
2.3870000000e+01	1.1650741483e-10	1.8980431195e-07
2.3880000000e+01	1.0576534093e-10	2.1397924702e-07
2.3890000000e+01	9.5867758176e-11	2.3589187746e-07
2.3900000000e+01	8.6746443362e-11	2.5571963594e-07
2.3910000000e+01	7.8334005948e-11	2.7362455159e-07
2.3920000000e+01	7.0576877675e-11	2.8975640934e-07
2.3930000000e+01	6.3422156416e-11	3.0425290224e-07
2.3940000000e+01	5.6818327820e-11	3.1723994860e-07
2.3950000000e+01	5.0724480172e-11	3.2883411549e-07
2.3960000000e+01	4.5098647039e-11	3.3914237767e-07
2.3970000000e+01	3.9903969018e-11	3.4826328488e-07
2.3980000000e+01	3.5108471685e-11	3.5628807841e-07
2.3990000000e+01	3.0678903862e-11	3.6330039929e-07
2.4000000000e+01	2.6588065083e-11	3.6937767131e-07
2.4010000000e+01	2.2809532041e-11	3.7459127863e-07
2.4020000000e+01	1.9319656985e-11	3.7900720023e-07
2.4030000000e+01	1.6096013411e-11	3.8268628901e-07
2.4040000000e+01	1.3118672815e-11	3.8568484279e-07
2.4050000000e+01	1.0370537762e-11	3.8805525142e-07
2.4060000000e+01	7.8327344610e-12	3.8984559073e-07
2.4070000000e+01	5.4891646784e-12	3.9110025694e-07
2.4080000000e+01	3.3266722710e-12	3.9186063918e-07
2.4090000000e+01	1.3324341630e-12	3.9216519556e-07
2.4100000000e+01	5.0653925499e-13	3.9204941515e-07
2.4110000000e+01	2.2015167467e-12	3.9154621133e-07
2.4120000000e+01	3.7633784977e-12	3.9068601053e-07
2.4130000000e+01	5.2016724261e-12	3.8949705683e-07
2.4140000000e+01	6.5250582715e-12	3.8800561494e-07
2.4150000000e+01	7.7423067957e-12	3.8623594481e-07
2.4160000000e+01	8.8588025804e-12	3.8421107565e-07
2.4170000000e+01	9.8845931440e-12	3.8195174008e-07
2.4180000000e+01	1.0824174890e-11	3.7947764296e-07
2.4190000000e+01	1.1684708756e-11	3.7680685239e-07
2.4200000000e+01	1.2471690347e-11	3.7395618031e-07
2.4210000000e+01	1.3189560555e-11	3.7094142361e-07
2.4220000000e+01	1.3843037827e-11	3.6777730068e-07
2.4230000000e+01	1.4438117368e-11	3.6447715956e-07
2.4240000000e+01	1.4977352691e-11	3.6105376466e-07
2.4250000000e+01	1.5464962644e-11	3.5751891606e-07
2.4260000000e+01	1.5904555450e-11	3.5388358910e-07
2.4270000000e+01	1.6300683026e-11	3.5015771869e-07
2.4280000000e+01	1.6654566615e-11	3.4635096061e-07
2.4290000000e+01	1.6969425864e-11	3.4247223470e-07
2.4300000000e+01	1.7249368600e-11	3.3852952188e-07
2.4310000000e+01	1.7494727889e-11	3.3453072693e-07
2.4320000000e+01	1.7709445022e-11	3.3048285378e-07
2.4330000000e+01	1.7894963289e-11	3.2639257646e-07
2.4340000000e+01	1.8053836204e-11	3.2226598533e-07
2.4350000000e+01	1.8187285011e-11	3.1810889161e-07
2.4360000000e+01	1.8297696691e-11	3.1392656094e-07
2.4370000000e+01	1.8386125955e-11	3.0972401786e-07
2.4380000000e+01	1.8454515693e-11	3.0550584285e-07
2.4390000000e+01	1.8503643062e-11	3.0127643872e-07
2.4400000000e+01	1.8535339930e-11	2.9703978959e-07
2.4410000000e+01	1.8551549186e-11	2.9279943549e-07
2.4420000000e+01	1.8552159808e-11	2.8855894182e-07
2.4430000000e+01	1.8537837931e-11	2.8432172172e-07
2.4440000000e+01	1.8511581157e-11	2.8009050317e-07
2.4450000000e+01	1.8473333974e-11	2.7586802683e-07
2.4460000000e+01	1.8422652293e-11	2.7165713488e-07
2.4470000000e+01	1.8362644738e-11	2.6745995894e-07
2.4480000000e+01	1.8292367621e-11	2.6327884634e-07
2.4490000000e+01	1.8213874853e-11	2.5911567495e-07
2.4500000000e+01	1.8126056212e-11	2.5497257639e-07
2.4510000000e+01	1.8031465210e-11	2.5085109862e-07
2.4520000000e+01	1.7929102647e-11	2.4675301802e-07
2.4530000000e+01	1.7819912213e-11	2.4267989523e-07
2.4540000000e+01	1.7705614752e-11	2.3863289757e-07
2.4550000000e+01	1.7585488621e-11	2.3461335731e-07
2.4560000000e+01	1.7460533019e-11	2.3062237834e-07
2.4570000000e+01	1.7330914481e-11	2.2666102646e-07
2.4580000000e+01	1.7196799540e-11	2.2273032942e-07
2.4590000000e+01	1.7058576773e-11	2.1883122616e-07
2.4600000000e+01	1.6917078849e-11	2.1496446528e-07
2.4610000000e+01	1.6772305766e-11	2.1113079539e-07
2.4620000000e+01	1.6624479571e-11	2.0733091434e-07
2.4630000000e+01	1.6473988840e-11	2.0356543118e-07
2.4640000000e+01	1.6320889085e-11	1.9983494224e-07
2.4650000000e+01	1.6166179506e-11	1.9613981550e-07
2.4660000000e+01	1.6008749881e-11	1.9248067267e-07
2.4670000000e+01	1.5850154522e-11	1.8885778021e-07
2.4680000000e+01	1.5690004851e-11	1.8527149339e-07
2.4690000000e+01	1.5528078823e-11	1.8172221823e-07
2.4700000000e+01	1.5365431150e-11	1.7821011968e-07
2.4710000000e+01	1.5201506720e-11	1.7473548957e-07
2.4720000000e+01	1.5036583090e-11	1.7129855629e-07
2.4730000000e+01	1.4871381904e-11	1.6789938329e-07
2.4740000000e+01	1.4705181517e-11	1.6453819894e-07
2.4750000000e+01	1.4538703574e-11	1.6121506669e-07
2.4760000000e+01	1.4371948076e-11	1.5793004999e-07
2.4770000000e+01	1.4204748489e-11	1.5468325034e-07
2.4780000000e+01	1.4037659923e-11	1.5147464235e-07
2.4790000000e+01	1.3870127269e-11	1.4830432755e-07
2.4800000000e+01	1.3702816659e-11	1.4517225517e-07
2.4810000000e+01	1.3535783605e-11	1.4207836177e-07
2.4820000000e+01	1.3368917084e-11	1.3902260930e-07
2.4830000000e+01	1.3201773008e-11	1.3600506118e-07
2.4840000000e+01	1.3035461599e-11	1.3302552710e-07
2.4850000000e+01	1.2868983656e-11	1.3008404512e-07
2.4860000000e+01	1.2703615937e-11	1.2718036148e-07
2.4870000000e+01	1.2538192706e-11	1.2431448886e-07
2.4880000000e+01	1.2373713165e-11	1.2148621157e-07
2.4890000000e+01	1.2209289135e-11	1.1869551691e-07
2.4900000000e+01	1.2045808795e-11	1.1594218918e-07
2.4910000000e+01	1.1882661521e-11	1.1322615226e-07
2.4920000000e+01	1.1720513449e-11	1.1054717776e-07
2.4930000000e+01	1.1558864976e-11	1.0790515148e-07
2.4940000000e+01	1.1398160193e-11	1.0529985772e-07
2.4950000000e+01	1.1237732966e-11	1.0273123304e-07
2.4960000000e+01	1.1078582496e-11	1.0019898562e-07
2.4970000000e+01	1.0919654070e-11	9.7703064686e-08
2.4980000000e+01	1.0761891378e-11	9.5243203800e-08
2.4990000000e+01	1.0604739309e-11	9.2819263386e-08
2.5000000000e+01	1.0448308885e-11	9.0431078499e-08
2.5010000000e+01	1.0292988684e-11	8.8078395371e-08
2.5020000000e+01	1.0138556661e-11	8.5761010991e-08
2.5030000000e+01	9.9844577051e-12	8.3478849230e-08
2.5040000000e+01	9.8318020392e-12	8.1231580193e-08
2.5050000000e+01	9.6795349513e-12	7.9019115061e-08
2.5060000000e+01	9.5286556423e-12	7.6841136628e-08
2.5070000000e+01	9.3782759336e-12	7.4697530701e-08
2.5080000000e+01	9.2286178699e-12	7.2588132330e-08
2.5090000000e+01	9.0801255404e-12	7.0512675064e-08
2.5100000000e+01	8.9323548558e-12	6.8470993954e-08
2.5110000000e+01	8.7856388831e-12	6.6462847924e-08
2.5120000000e+01	8.6393114884e-12	6.4488148155e-08
2.5130000000e+01	8.4943163614e-12	6.2546590129e-08
2.5140000000e+01	8.3495432790e-12	6.0638123094e-08
2.5150000000e+01	8.2064355311e-12	5.8762366401e-08
2.5160000000e+01	8.0635498279e-12	5.6919269298e-08
2.5170000000e+01	7.9218853699e-12	5.5108552642e-08
2.5180000000e+01	7.7806650012e-12	5.3330114927e-08
2.5190000000e+01	7.6406103666e-12	5.1583689701e-08
2.5200000000e+01	7.5013328882e-12	4.9869099326e-08
2.5210000000e+01	7.3623884767e-12	4.8186267674e-08
2.5220000000e+01	7.2249983774e-12	4.6534839474e-08
2.5230000000e+01	7.0876637892e-12	4.4914802036e-08
2.5240000000e+01	6.9515504464e-12	4.3325876220e-08
2.5250000000e+01	6.8159922151e-12	4.1767935142e-08
2.5260000000e+01	6.6813221622e-12	4.0240775791e-08
2.5270000000e+01	6.5471517097e-12	3.8744283972e-08
2.5280000000e+01	6.4142580136e-12	3.7278167854e-08
2.5290000000e+01	6.2814198287e-12	3.5842414750e-08
2.5300000000e+01	6.1499139115e-12	3.4436720142e-08
2.5310000000e+01	6.0185745276e-12	3.3061045964e-08
2.5320000000e+01	5.8880678111e-12	3.1715201893e-08
2.5330000000e+01	5.7586158064e-12	3.0398946852e-08
2.5340000000e+01	5.6291082906e-12	2.9112293528e-08
2.5350000000e+01	5.5009885536e-12	2.7854924716e-08
2.5360000000e+01	5.3729243277e-12	2.6626827727e-08
2.5370000000e+01	5.2458037914e-12	2.5427786860e-08
2.5380000000e+01	5.1191273442e-12	2.4257700610e-08
2.5390000000e+01	4.9931725421e-12	2.3116404029e-08
2.5400000000e+01	4.8678283626e-12	2.2003757546e-08
2.5410000000e+01	4.7428727612e-12	2.0919672344e-08
2.5420000000e+01	4.6185832936e-12	1.9863996162e-08
2.5430000000e+01	4.4949044486e-12	1.8836589431e-08
2.5440000000e+01	4.3715586706e-12	1.7837376021e-08
2.5450000000e+01	4.2491010710e-12	1.6866152919e-08
2.5460000000e+01	4.1268655160e-12	1.5922869372e-08
2.5470000000e+01	4.0050185390e-12	1.5007436563e-08
2.5480000000e+01	3.8839487182e-12	1.4119676856e-08
2.5490000000e+01	3.7631009420e-12	1.3259539498e-08
2.5500000000e+01	3.6428637884e-12	1.2426884918e-08
2.5510000000e+01	3.5230152129e-12	1.1621624298e-08
2.5520000000e+01	3.4036662377e-12	1.0843643443e-08
2.5530000000e+01	3.2845393072e-12	1.0092891602e-08
2.5540000000e+01	3.1658564659e-12	9.3692672668e-09
2.5550000000e+01	3.0476177137e-12	8.6726689322e-09
2.5560000000e+01	2.9297120285e-12	8.0030204685e-09
2.5570000000e+01	2.8120283879e-12	7.3602711227e-09
2.5580000000e+01	2.6951774146e-12	6.7442305708e-09
2.5590000000e+01	2.5779933743e-12	6.1549749424e-09
2.5600000000e+01	2.4615864902e-12	5.5923266018e-09
2.5610000000e+01	2.3453461395e-12	5.0562474842e-09
2.5620000000e+01	2.2293278334e-12	4.5466868366e-09
2.5630000000e+01	2.1135315720e-12	4.0635939058e-09
2.5640000000e+01	1.9981793997e-12	3.6068671859e-09
2.5650000000e+01	1.8830492721e-12	3.1764559237e-09
2.5660000000e+01	1.7679191444e-12	2.7723601193e-09
2.5670000000e+01	1.6533441283e-12	2.3944528899e-09
2.5680000000e+01	1.5387691121e-12	2.0427342357e-09
2.5690000000e+01	1.4243051183e-12	1.7171787801e-09
2.5700000000e+01	1.3100631691e-12	1.4177357701e-09
2.5710000000e+01	1.1960987756e-12	1.1443417642e-09
2.5720000000e+01	1.0821898933e-12	8.9698407432e-10
2.5730000000e+01	9.6855856668e-13	6.7559925908e-10
2.5740000000e+01	8.5464968436e-13	4.8025075979e-10
2.5750000000e+01	7.4135142469e-13	3.1079900558e-10
2.5760000000e+01	6.2783112043e-13	1.6729474948e-10
2.5770000000e+01	5.1453286076e-13	4.9687238451e-11
2.5780000000e+01	4.0123460110e-13	4.2023527515e-11
2.5790000000e+01	2.8804736374e-13	1.0786292494e-10
2.5800000000e+01	1.7458257062e-13	1.4776751251e-10
2.5810000000e+01	6.1395333262e-14	1.6180073154e-10
2.5820000000e+01	5.1514348343e-14	1.5002602335e-10
2.5830000000e+01	1.6481260801e-13	1.1235457009e-10
2.5840000000e+01	2.7816637882e-13	4.8773683505e-11
2.5850000000e+01	3.9140912733e-13	4.0691259885e-11
2.5860000000e+01	5.0476289815e-13	1.5606563660e-10
2.5870000000e+01	6.1778360205e-13	2.9727331707e-10
2.5880000000e+01	7.3158146208e-13	4.6449193698e-10
2.5890000000e+01	8.4510176634e-13	6.5765805500e-10
2.5900000000e+01	9.5856655946e-13	8.7675898288e-10
2.5910000000e+01	1.0723089083e-12	1.1218581619e-09
2.5920000000e+01	1.1861622795e-12	1.3929809687e-09
2.5930000000e+01	1.3001266730e-12	1.6901527796e-09
2.5940000000e+01	1.4144241334e-12	2.0134497244e-09
2.5950000000e+01	1.5287215938e-12	2.3628718030e-09
2.5960000000e+01	1.6434076322e-12	2.7385078332e-09
2.5970000000e+01	1.7581491818e-12	3.1403705033e-09
2.5980000000e+01	1.8729462425e-12	3.5684725016e-09
2.5990000000e+01	1.9882429036e-12	4.0229280225e-09
2.6000000000e+01	2.1034840536e-12	4.5037243776e-09
2.6010000000e+01	2.2195023597e-12	5.0110392026e-09
2.6020000000e+01	2.3351875988e-12	5.5447963681e-09
2.6030000000e+01	2.4514834607e-12	6.1051354448e-09
2.6040000000e+01	2.5678348337e-12	6.6920691211e-09
2.6050000000e+01	2.6847968293e-12	7.3057369678e-09
2.6060000000e+01	2.8020363807e-12	7.9462024262e-09
2.6070000000e+01	2.9194424656e-12	8.6135035612e-09
2.6080000000e+01	3.0374591731e-12	9.3077799436e-09
2.6090000000e+01	3.1556979252e-12	1.0029082327e-08
2.6100000000e+01	3.2741032108e-12	1.0777448775e-08
2.6110000000e+01	3.3932856525e-12	1.1553056924e-08
2.6120000000e+01	3.5124125830e-12	1.2355894086e-08
2.6130000000e+01	3.6323166697e-12	1.3186137896e-08
2.6140000000e+01	3.7527203567e-12	1.4043902549e-08
2.6150000000e+01	3.8733460883e-12	1.4929238798e-08
2.6160000000e+01	3.9946934649e-12	1.5842311590e-08
2.6170000000e+01	4.1162628861e-12	1.6783171678e-08
2.6180000000e+01	4.2380543519e-12	1.7751869815e-08
2.6190000000e+01	4.3611225742e-12	1.8748697832e-08
2.6200000000e+01	4.4840242630e-12	1.9773617664e-08
2.6210000000e+01	4.6079806637e-12	2.0826870387e-08
2.6220000000e+01	4.7321035979e-12	2.1908494067e-08
2.6230000000e+01	4.8566706212e-12	2.3018590209e-08
2.6240000000e+01	4.9824033788e-12	2.4157425267e-08
2.6250000000e+01	5.1081916475e-12	2.5325011929e-08
2.6260000000e+01	5.2348125834e-12	2.6521540519e-08
2.6270000000e+01	5.3617110751e-12	2.7747074479e-08
2.6280000000e+01	5.4897753010e-12	2.9001880262e-08
2.6290000000e+01	5.6180615715e-12	3.0286008622e-08
2.6300000000e+01	5.7472360204e-12	3.1599662569e-08
2.6310000000e+01	5.8765770028e-12	3.2942880170e-08
2.6320000000e+01	6.0072502528e-12	3.4315965942e-08
2.6330000000e+01	6.1383120809e-12	3.5719008703e-08
2.6340000000e+01	6.2699845316e-12	3.7152148025e-08
2.6350000000e+01	6.4024896496e-12	3.8615574230e-08
2.6360000000e+01	6.5357719237e-12	4.0109464956e-08
2.6370000000e+01	6.6696093093e-12	4.1633947084e-08
2.6380000000e+01	6.8045014068e-12	4.3189261691e-08
2.6390000000e+01	6.9397820823e-12	4.4775497595e-08
2.6400000000e+01	7.0758954251e-12	4.6392845121e-08
2.6410000000e+01	7.2128414352e-12	4.8041494592e-08
2.6420000000e+01	7.3507311349e-12	4.9721661709e-08
2.6430000000e+01	7.4889539015e-12	5.1433422600e-08
2.6440000000e+01	7.6285644468e-12	5.3177094474e-08
2.6450000000e+01	7.7687856148e-12	5.4952816900e-08
2.6460000000e+01	7.9095618943e-12	5.6760716762e-08
2.6470000000e+01	8.0512818634e-12	5.8601009759e-08
2.6480000000e+01	8.1936679663e-12	6.0473848151e-08
2.6490000000e+01	8.3376083815e-12	6.2379587210e-08
2.6500000000e+01	8.4814932855e-12	6.4318214247e-08
2.6510000000e+01	8.6267659682e-12	6.6290046468e-08
2.6520000000e+01	8.7727602960e-12	6.8295248821e-08
2.6530000000e+01	8.9193652464e-12	7.0333960878e-08
2.6540000000e+01	9.0671914421e-12	7.2406461779e-08
2.6550000000e+01	9.2158503051e-12	7.4512941848e-08
2.6560000000e+01	9.3651197908e-12	7.6653540658e-08
2.6570000000e+01	9.5156105218e-12	7.8828537348e-08
2.6580000000e+01	9.6664343197e-12	8.1038008050e-08
2.6590000000e+01	9.8183683406e-12	8.3282206528e-08
2.6600000000e+01	9.9714125845e-12	8.5561386547e-08
2.6610000000e+01	1.0125178473e-11	8.7875713055e-08
2.6620000000e+01	1.0279443963e-11	9.0225300247e-08
2.6630000000e+01	1.0434875186e-11	9.2610414575e-08
2.6640000000e+01	1.0591083566e-11	9.5031233676e-08
2.6650000000e+01	1.0748069101e-11	9.7487935185e-08
2.6660000000e+01	1.0906053838e-11	9.9980747491e-08
2.6670000000e+01	1.1064482663e-11	1.0250977210e-07
2.6680000000e+01	1.1223910690e-11	1.0507523740e-07
2.6690000000e+01	1.1383838316e-11	1.0767725759e-07
2.6700000000e+01	1.1544931677e-11	1.1031609911e-07
2.6710000000e+01	1.1706524639e-11	1.1299187617e-07
2.6720000000e+01	1.1868839245e-11	1.1570475371e-07
2.6730000000e+01	1.2031431407e-11	1.1845479518e-07
2.6740000000e+01	1.2195244814e-11	1.2124227971e-07
2.6750000000e+01	1.2359391288e-11	1.2406728343e-07
2.6760000000e+01	1.2524037363e-11	1.2692992054e-07
2.6770000000e+01	1.2689127526e-11	1.2983029255e-07
2.6780000000e+01	1.2854717291e-11	1.3276851364e-07
2.6790000000e+01	1.3020751144e-11	1.3574468533e-07
2.6800000000e+01	1.3187451131e-11	1.3875895988e-07
2.6810000000e+01	1.3354151118e-11	1.4181133728e-07
2.6820000000e+01	1.3521295195e-11	1.4490191904e-07
2.6830000000e+01	1.3688272738e-11	1.4803066709e-07
2.6840000000e+01	1.3855749881e-11	1.5119769563e-07
2.6850000000e+01	1.4022727424e-11	1.5440289047e-07
2.6860000000e+01	1.4190371100e-11	1.5764640387e-07
2.6870000000e+01	1.4357459666e-11	1.6092810893e-07
2.6880000000e+01	1.4524437209e-11	1.6424798030e-07
2.6890000000e+01	1.4690526573e-11	1.6760581494e-07
2.6900000000e+01	1.4856782471e-11	1.7100165093e-07
2.6910000000e+01	1.5022705302e-11	1.7443541215e-07
2.6920000000e+01	1.5186907287e-11	1.7790670524e-07
2.6930000000e+01	1.5351386828e-11	1.8141559366e-07
2.6940000000e+01	1.5513978990e-11	1.8496164600e-07
2.6950000000e+01	1.5675960530e-11	1.8854472269e-07
2.6960000000e+01	1.5836332246e-11	1.9216445578e-07
2.6970000000e+01	1.5995205160e-11	1.9582050267e-07
2.6980000000e+01	1.6151968651e-11	1.9951238122e-07
2.6990000000e+01	1.6307621920e-11	2.0323983766e-07
2.7000000000e+01	1.6460721675e-11	2.0700228833e-07
2.7010000000e+01	1.6611600984e-11	2.1079922569e-07
2.7020000000e+01	1.6759482691e-11	2.1462996459e-07
2.7030000000e+01	1.6904699862e-11	2.1849389599e-07
2.7040000000e+01	1.7046197787e-11	2.2239016977e-07
2.7050000000e+01	1.7184975665e-11	2.2631816421e-07
2.7060000000e+01	1.7319368162e-11	2.3027687693e-07
2.7070000000e+01	1.7449597323e-11	2.3426535632e-07
2.7080000000e+01	1.7574774969e-11	2.3828244774e-07
2.7090000000e+01	1.7695789278e-11	2.4232719958e-07
2.7100000000e+01	1.7810419806e-11	2.4639815267e-07
2.7110000000e+01	1.7919665751e-11	2.5049407628e-07
2.7120000000e+01	1.8022028314e-11	2.5461339703e-07
2.7130000000e+01	1.8118173628e-11	2.5875469386e-07
2.7140000000e+01	1.8206103292e-11	2.6291608890e-07
