q1,q2,m1,m2,c,r0,L,E,bound,period,orbit_type,drift_pct,max_sep,min_sep,retcode,case_label
1.0000,-1.0000,1.00,1.00,1.00,100.00000000,0.0000,-0.010000,true,NaN,low_ecc_elliptic,0.000000,100.000000,71.722727,Success,unlike
1.0000,-1.0000,1.00,1.00,1.00,40.00000000,0.0000,-0.025000,true,NaN,high_ecc_elliptic,0.008782,40.000000,0.819825,Success,unlike
1.0000,-1.0000,1.00,1.00,1.00,20.00000000,0.0000,-0.050000,true,NaN,high_ecc_elliptic,0.053606,20.000000,0.479266,Success,unlike
1.0000,-1.0000,1.00,1.00,1.00,10.00000000,0.0000,-0.100000,true,NaN,high_ecc_elliptic,0.240088,10.000000,0.251788,Success,unlike
1.0000,-1.0000,1.00,1.00,1.00,4.00000000,0.0000,-0.250000,false,NaN,failed,NaN,4.000000,0.152471,Failure,unlike
1.0000,-1.0000,1.00,1.00,1.00,2.00000000,0.0000,-0.500000,false,NaN,failed,NaN,2.000000,0.154362,Failure,unlike
1.0000,-1.0000,1.00,1.00,1.00,1.00000000,0.0000,-1.000000,false,NaN,failed,NaN,1.000000,0.155077,Failure,unlike
1.0000,-1.0000,1.00,1.00,1.00,0.50000000,0.0000,-2.000000,false,NaN,failed,NaN,0.500000,0.107269,Failure,unlike
1.0000,-1.0000,1.00,1.00,1.00,99.98999900,0.1000,-0.010000,true,NaN,low_ecc_elliptic,0.000000,99.989999,71.712649,Success,unlike
1.0000,-1.0000,1.00,1.00,1.00,39.98999750,0.1000,-0.025000,false,NaN,failed,NaN,39.989997,0.416440,Failure,unlike
1.0000,-1.0000,1.00,1.00,1.00,19.98999499,0.1000,-0.050000,false,NaN,failed,NaN,19.989995,0.430715,Failure,unlike
1.0000,-1.0000,1.00,1.00,1.00,9.98998998,0.1000,-0.100000,false,NaN,failed,NaN,9.989990,0.291552,Failure,unlike
1.0000,-1.0000,1.00,1.00,1.00,3.98997487,0.1000,-0.250000,false,NaN,failed,NaN,3.989975,0.153383,Failure,unlike
1.0000,-1.0000,1.00,1.00,1.00,1.98994949,0.1000,-0.500000,false,NaN,failed,NaN,1.989949,0.174314,Failure,unlike
1.0000,-1.0000,1.00,1.00,1.00,0.98989795,0.1000,-1.000000,false,NaN,failed,NaN,0.989898,0.101600,Failure,unlike
1.0000,-1.0000,1.00,1.00,1.00,0.48979158,0.1000,-2.000000,false,NaN,failed,NaN,0.489792,0.130246,Failure,unlike
1.0000,-1.0000,1.00,1.00,1.00,99.93746089,0.2500,-0.010000,true,NaN,low_ecc_elliptic,0.000000,99.937461,71.659720,Success,unlike
1.0000,-1.0000,1.00,1.00,1.00,39.93740204,0.2500,-0.025000,false,NaN,failed,NaN,39.937402,1.065320,Failure,unlike
1.0000,-1.0000,1.00,1.00,1.00,19.93730346,0.2500,-0.050000,false,NaN,failed,NaN,19.937303,0.594787,Failure,unlike
1.0000,-1.0000,1.00,1.00,1.00,9.93710441,0.2500,-0.100000,false,NaN,failed,NaN,9.937104,0.155776,Failure,unlike
1.0000,-1.0000,1.00,1.00,1.00,3.93649167,0.2500,-0.250000,false,NaN,failed,NaN,3.936492,0.157313,Failure,unlike
1.0000,-1.0000,1.00,1.00,1.00,1.93541435,0.2500,-0.500000,false,NaN,failed,NaN,1.935414,0.113803,Failure,unlike
1.0000,-1.0000,1.00,1.00,1.00,0.93301270,0.2500,-1.000000,false,NaN,failed,NaN,0.933013,0.141639,Failure,unlike
1.0000,-1.0000,1.00,1.00,1.00,0.42677670,0.2500,-2.000000,false,NaN,failed,NaN,0.426777,0.092812,Failure,unlike
1.0000,-1.0000,1.00,1.00,1.00,99.74937186,0.5000,-0.010000,true,NaN,low_ecc_elliptic,0.000000,99.749372,71.470406,Success,unlike
1.0000,-1.0000,1.00,1.00,1.00,39.74841766,0.5000,-0.025000,false,NaN,unbound,10.868186,39.748418,0.360342,Success,unlike
1.0000,-1.0000,1.00,1.00,1.00,19.74679434,0.5000,-0.050000,false,NaN,unbound,5.224198,19.746794,0.299575,Success,unlike
1.0000,-1.0000,1.00,1.00,1.00,9.74341649,0.5000,-0.100000,false,NaN,unbound,2.358910,9.743416,0.257268,Success,unlike
1.0000,-1.0000,1.00,1.00,1.00,3.73205081,0.5000,-0.250000,true,NaN,high_ecc_elliptic,0.674375,3.732051,0.268131,Success,unlike
1.0000,-1.0000,1.00,1.00,1.00,1.70710678,0.5000,-0.500000,true,NaN,high_ecc_elliptic,0.172214,1.707107,0.293071,Success,unlike
1.0000,-1.0000,1.00,1.00,1.00,0.50000000,0.5000,-1.000000,true,NaN,circular,0.000002,0.500075,0.500000,Success,unlike
1.0000,-1.0000,1.00,1.00,1.00,98.98979486,1.0000,-0.010000,true,NaN,low_ecc_elliptic,0.000000,98.989795,70.708751,Success,unlike
1.0000,-1.0000,1.00,1.00,1.00,38.97366596,1.0000,-0.025000,true,NaN,high_ecc_elliptic,0.017659,38.973666,1.119685,Success,unlike
1.0000,-1.0000,1.00,1.00,1.00,18.94427191,1.0000,-0.050000,true,NaN,high_ecc_elliptic,0.007395,18.944272,1.055829,Success,unlike
1.0000,-1.0000,1.00,1.00,1.00,8.87298335,1.0000,-0.100000,true,NaN,high_ecc_elliptic,0.002479,8.872983,1.143773,Success,unlike
1.0000,-1.0000,1.00,1.00,1.00,2.00000000,1.0000,-0.250000,true,NaN,circular,0.000000,2.000005,2.000000,Success,unlike
1.0000,-1.0000,1.00,1.00,1.00,95.82575695,2.0000,-0.010000,true,NaN,low_ecc_elliptic,0.000000,95.825757,67.590551,Success,unlike
1.0000,-1.0000,1.00,1.00,1.00,35.49193338,2.0000,-0.025000,true,NaN,high_ecc_elliptic,0.000031,35.491933,4.511304,Success,unlike
1.0000,-1.0000,1.00,1.00,1.00,14.47213595,2.0000,-0.050000,true,NaN,moderate_ecc_elliptic,0.000006,14.472136,5.527868,Success,unlike
1.0000,-1.0000,1.00,1.00,2.00,100.00000000,0.0000,-0.010000,true,NaN,low_ecc_elliptic,0.000000,100.000000,72.238421,Success,unlike
1.0000,-1.0000,1.00,1.00,2.00,40.00000000,0.0000,-0.025000,true,NaN,high_ecc_elliptic,0.019177,40.000000,1.297759,Success,unlike
1.0000,-1.0000,1.00,1.00,2.00,20.00000000,0.0000,-0.050000,true,NaN,high_ecc_elliptic,0.111505,20.000000,0.559448,Success,unlike
1.0000,-1.0000,1.00,1.00,2.00,10.00000000,0.0000,-0.100000,true,NaN,high_ecc_elliptic,0.734067,10.000000,0.291145,Success,unlike
1.0000,-1.0000,1.00,1.00,2.00,4.00000000,0.0000,-0.250000,false,NaN,failed,NaN,4.000000,0.087309,Failure,unlike
1.0000,-1.0000,1.00,1.00,2.00,2.00000000,0.0000,-0.500000,false,NaN,failed,NaN,2.000000,0.064255,Failure,unlike
1.0000,-1.0000,1.00,1.00,2.00,1.00000000,0.0000,-1.000000,false,NaN,failed,NaN,1.000000,0.083251,Failure,unlike
1.0000,-1.0000,1.00,1.00,2.00,0.50000000,0.0000,-2.000000,false,NaN,failed,NaN,0.500000,0.072099,Failure,unlike
1.0000,-1.0000,1.00,1.00,2.00,99.98999900,0.1000,-0.010000,true,NaN,low_ecc_elliptic,0.000000,99.989999,72.228401,Success,unlike
1.0000,-1.0000,1.00,1.00,2.00,39.98999750,0.1000,-0.025000,false,NaN,failed,NaN,39.989997,0.513286,Failure,unlike
1.0000,-1.0000,1.00,1.00,2.00,19.98999499,0.1000,-0.050000,false,NaN,failed,NaN,19.989995,0.228019,Failure,unlike
1.0000,-1.0000,1.00,1.00,2.00,9.98998998,0.1000,-0.100000,false,NaN,failed,NaN,9.989990,0.081316,Failure,unlike
1.0000,-1.0000,1.00,1.00,2.00,3.98997487,0.1000,-0.250000,false,NaN,failed,NaN,3.989975,0.111190,Failure,unlike
1.0000,-1.0000,1.00,1.00,2.00,1.98994949,0.1000,-0.500000,false,NaN,failed,NaN,1.989949,0.098925,Failure,unlike
1.0000,-1.0000,1.00,1.00,2.00,0.98989795,0.1000,-1.000000,false,NaN,failed,NaN,0.989898,0.116426,Failure,unlike
1.0000,-1.0000,1.00,1.00,2.00,0.48979158,0.1000,-2.000000,false,NaN,failed,NaN,0.489792,0.084578,Failure,unlike
1.0000,-1.0000,1.00,1.00,2.00,99.93746089,0.2500,-0.010000,true,NaN,low_ecc_elliptic,0.000000,99.937461,72.175777,Success,unlike
1.0000,-1.0000,1.00,1.00,2.00,39.93740204,0.2500,-0.025000,false,NaN,failed,NaN,39.937402,0.417538,Failure,unlike
1.0000,-1.0000,1.00,1.00,2.00,19.93730346,0.2500,-0.050000,false,NaN,failed,NaN,19.937303,0.075478,Failure,unlike
1.0000,-1.0000,1.00,1.00,2.00,9.93710441,0.2500,-0.100000,false,NaN,failed,NaN,9.937104,0.127007,Failure,unlike
1.0000,-1.0000,1.00,1.00,2.00,3.93649167,0.2500,-0.250000,false,NaN,failed,NaN,3.936492,0.069086,Failure,unlike
1.0000,-1.0000,1.00,1.00,2.00,1.93541435,0.2500,-0.500000,false,NaN,failed,NaN,1.935414,0.072073,Failure,unlike
1.0000,-1.0000,1.00,1.00,2.00,0.93301270,0.2500,-1.000000,false,NaN,failed,NaN,0.933013,0.096585,Failure,unlike
1.0000,-1.0000,1.00,1.00,2.00,0.42677670,0.2500,-2.000000,false,NaN,unbound,3.105817,0.426777,0.073720,Success,unlike
1.0000,-1.0000,1.00,1.00,2.00,99.74937186,0.5000,-0.010000,true,NaN,low_ecc_elliptic,0.000000,99.749372,71.987555,Success,unlike
1.0000,-1.0000,1.00,1.00,2.00,39.74841766,0.5000,-0.025000,false,NaN,unbound,5.113823,39.748418,0.509468,Success,unlike
1.0000,-1.0000,1.00,1.00,2.00,19.74679434,0.5000,-0.050000,false,NaN,unbound,2.455521,19.746794,0.268022,Success,unlike
1.0000,-1.0000,1.00,1.00,2.00,9.74341649,0.5000,-0.100000,false,NaN,unbound,1.128943,9.743416,0.270651,Success,unlike
1.0000,-1.0000,1.00,1.00,2.00,3.73205081,0.5000,-0.250000,true,NaN,high_ecc_elliptic,0.344539,3.732051,0.268310,Success,unlike
1.0000,-1.0000,1.00,1.00,2.00,1.70710678,0.5000,-0.500000,true,NaN,high_ecc_elliptic,0.100721,1.707107,0.293026,Success,unlike
1.0000,-1.0000,1.00,1.00,2.00,0.50000000,0.5000,-1.000000,true,NaN,circular,0.000002,0.500075,0.500000,Success,unlike
1.0000,-1.0000,1.00,1.00,2.00,98.98979486,1.0000,-0.010000,true,NaN,low_ecc_elliptic,0.000000,98.989795,71.230277,Success,unlike
1.0000,-1.0000,1.00,1.00,2.00,38.97366596,1.0000,-0.025000,true,NaN,high_ecc_elliptic,0.012719,38.973666,1.063153,Success,unlike
1.0000,-1.0000,1.00,1.00,2.00,18.94427191,1.0000,-0.050000,true,NaN,high_ecc_elliptic,0.005490,18.944272,1.062801,Success,unlike
1.0000,-1.0000,1.00,1.00,2.00,8.87298335,1.0000,-0.100000,true,NaN,high_ecc_elliptic,0.001963,8.872983,1.127561,Success,unlike
1.0000,-1.0000,1.00,1.00,2.00,2.00000000,1.0000,-0.250000,true,NaN,circular,0.000000,2.000005,2.000000,Success,unlike
1.0000,-1.0000,1.00,1.00,2.00,95.82575695,2.0000,-0.010000,true,NaN,low_ecc_elliptic,0.000000,95.825757,68.129564,Success,unlike
1.0000,-1.0000,1.00,1.00,2.00,35.49193338,2.0000,-0.025000,true,NaN,high_ecc_elliptic,0.000029,35.491933,4.510150,Success,unlike
1.0000,-1.0000,1.00,1.00,2.00,14.47213595,2.0000,-0.050000,true,NaN,moderate_ecc_elliptic,0.000005,14.472136,5.527925,Success,unlike
1.0000,-1.0000,1.00,1.00,4.00,100.00000000,0.0000,-0.010000,true,NaN,low_ecc_elliptic,0.000000,100.000000,72.366661,Success,unlike
1.0000,-1.0000,1.00,1.00,4.00,40.00000000,0.0000,-0.025000,true,NaN,high_ecc_elliptic,0.026287,40.000000,1.027720,Success,unlike
1.0000,-1.0000,1.00,1.00,4.00,20.00000000,0.0000,-0.050000,true,NaN,high_ecc_elliptic,0.199021,20.000000,0.623364,Success,unlike
1.0000,-1.0000,1.00,1.00,4.00,10.00000000,0.0000,-0.100000,false,NaN,unbound,2.038759,10.000000,0.276326,Success,unlike
1.0000,-1.0000,1.00,1.00,4.00,4.00000000,0.0000,-0.250000,false,NaN,unbound,70.668564,4.000000,0.101423,Success,unlike
1.0000,-1.0000,1.00,1.00,4.00,2.00000000,0.0000,-0.500000,false,NaN,failed,NaN,2.000000,0.046194,Failure,unlike
1.0000,-1.0000,1.00,1.00,4.00,1.00000000,0.0000,-1.000000,false,NaN,failed,NaN,1.000000,0.094411,Failure,unlike
1.0000,-1.0000,1.00,1.00,4.00,0.50000000,0.0000,-2.000000,false,NaN,failed,NaN,0.500000,0.054669,Failure,unlike
1.0000,-1.0000,1.00,1.00,4.00,99.98999900,0.1000,-0.010000,true,NaN,low_ecc_elliptic,0.000000,99.989999,72.356656,Success,unlike
1.0000,-1.0000,1.00,1.00,4.00,39.98999750,0.1000,-0.025000,false,NaN,failed,NaN,39.989997,0.710510,Failure,unlike
1.0000,-1.0000,1.00,1.00,4.00,19.98999499,0.1000,-0.050000,false,NaN,failed,NaN,19.989995,0.229991,Failure,unlike
1.0000,-1.0000,1.00,1.00,4.00,9.98998998,0.1000,-0.100000,false,NaN,failed,NaN,9.989990,0.155114,Failure,unlike
1.0000,-1.0000,1.00,1.00,4.00,3.98997487,0.1000,-0.250000,false,NaN,failed,NaN,3.989975,0.080136,Failure,unlike
1.0000,-1.0000,1.00,1.00,4.00,1.98994949,0.1000,-0.500000,false,NaN,failed,NaN,1.989949,0.084469,Failure,unlike
1.0000,-1.0000,1.00,1.00,4.00,0.98989795,0.1000,-1.000000,false,NaN,failed,NaN,0.989898,0.074000,Failure,unlike
1.0000,-1.0000,1.00,1.00,4.00,0.48979158,0.1000,-2.000000,false,NaN,failed,NaN,0.489792,0.067328,Failure,unlike
1.0000,-1.0000,1.00,1.00,4.00,99.93746089,0.2500,-0.010000,true,NaN,low_ecc_elliptic,0.000000,99.937461,72.304107,Success,unlike
1.0000,-1.0000,1.00,1.00,4.00,39.93740204,0.2500,-0.025000,false,NaN,unbound,884.957742,92.883818,0.444835,Success,unlike
1.0000,-1.0000,1.00,1.00,4.00,19.93730346,0.2500,-0.050000,false,NaN,unbound,751.080565,19.937303,0.082729,Success,unlike
1.0000,-1.0000,1.00,1.00,4.00,9.93710441,0.2500,-0.100000,false,74.000000,unbound,231.312929,23.086585,0.256875,Success,unlike
1.0000,-1.0000,1.00,1.00,4.00,3.93649167,0.2500,-0.250000,false,14.430000,unbound,116.879345,4.484572,0.065224,Success,unlike
1.0000,-1.0000,1.00,1.00,4.00,1.93541435,0.2500,-0.500000,false,4.615000,unbound,53.151423,2.149436,0.070987,Success,unlike
1.0000,-1.0000,1.00,1.00,4.00,0.93301270,0.2500,-1.000000,false,1.440000,unbound,20.876467,0.942974,0.068145,Success,unlike
1.0000,-1.0000,1.00,1.00,4.00,0.42677670,0.2500,-2.000000,false,NaN,unbound,1.974638,0.426777,0.073536,Success,unlike
1.0000,-1.0000,1.00,1.00,4.00,99.74937186,0.5000,-0.010000,true,NaN,low_ecc_elliptic,0.000000,99.749372,72.116155,Success,unlike
1.0000,-1.0000,1.00,1.00,4.00,39.74841766,0.5000,-0.025000,false,NaN,unbound,3.605879,39.748418,0.374191,Success,unlike
1.0000,-1.0000,1.00,1.00,4.00,19.74679434,0.5000,-0.050000,false,NaN,unbound,1.745360,19.746794,0.268217,Success,unlike
1.0000,-1.0000,1.00,1.00,4.00,9.74341649,0.5000,-0.100000,true,NaN,high_ecc_elliptic,0.814098,9.743416,0.286857,Success,unlike
1.0000,-1.0000,1.00,1.00,4.00,3.73205081,0.5000,-0.250000,true,NaN,high_ecc_elliptic,0.259946,3.732051,0.268135,Success,unlike
1.0000,-1.0000,1.00,1.00,4.00,1.70710678,0.5000,-0.500000,true,NaN,high_ecc_elliptic,0.082629,1.707107,0.292964,Success,unlike
1.0000,-1.0000,1.00,1.00,4.00,0.50000000,0.5000,-1.000000,true,NaN,circular,0.000002,0.500075,0.500000,Success,unlike
1.0000,-1.0000,1.00,1.00,4.00,98.98979486,1.0000,-0.010000,true,NaN,low_ecc_elliptic,0.000000,98.989795,71.359957,Success,unlike
1.0000,-1.0000,1.00,1.00,4.00,38.97366596,1.0000,-0.025000,true,NaN,high_ecc_elliptic,0.011485,38.973666,1.032712,Success,unlike
1.0000,-1.0000,1.00,1.00,4.00,18.94427191,1.0000,-0.050000,true,NaN,high_ecc_elliptic,0.005013,18.944272,1.057664,Success,unlike
1.0000,-1.0000,1.00,1.00,4.00,8.87298335,1.0000,-0.100000,true,NaN,high_ecc_elliptic,0.001834,8.872983,1.127334,Success,unlike
1.0000,-1.0000,1.00,1.00,4.00,2.00000000,1.0000,-0.250000,true,NaN,circular,0.000000,2.000005,2.000000,Success,unlike
1.0000,-1.0000,1.00,1.00,4.00,95.82575695,2.0000,-0.010000,true,NaN,low_ecc_elliptic,0.000000,95.825757,68.263556,Success,unlike
1.0000,-1.0000,1.00,1.00,4.00,35.49193338,2.0000,-0.025000,true,NaN,high_ecc_elliptic,0.000028,35.491933,4.508289,Success,unlike
1.0000,-1.0000,1.00,1.00,4.00,14.47213595,2.0000,-0.050000,true,NaN,moderate_ecc_elliptic,0.000005,14.472136,5.527916,Success,unlike
1.0000,-1.0000,1.00,1.00,10.00,100.00000000,0.0000,-0.010000,true,NaN,low_ecc_elliptic,0.000000,100.000000,72.402521,Success,unlike
1.0000,-1.0000,1.00,1.00,10.00,40.00000000,0.0000,-0.025000,true,NaN,high_ecc_elliptic,0.030123,40.000000,1.071944,Success,unlike
1.0000,-1.0000,1.00,1.00,10.00,20.00000000,0.0000,-0.050000,true,NaN,high_ecc_elliptic,0.229033,20.000000,0.398847,Success,unlike
1.0000,-1.0000,1.00,1.00,10.00,10.00000000,0.0000,-0.100000,false,NaN,unbound,2.398831,10.000000,0.207451,Success,unlike
1.0000,-1.0000,1.00,1.00,10.00,4.00000000,0.0000,-0.250000,false,NaN,unbound,67.933732,4.000000,0.098561,Success,unlike
1.0000,-1.0000,1.00,1.00,10.00,2.00000000,0.0000,-0.500000,false,NaN,failed,NaN,2.000000,0.079659,Failure,unlike
1.0000,-1.0000,1.00,1.00,10.00,1.00000000,0.0000,-1.000000,false,NaN,failed,NaN,1.000000,0.036528,Failure,unlike
1.0000,-1.0000,1.00,1.00,10.00,0.50000000,0.0000,-2.000000,false,NaN,failed,NaN,0.500000,0.039353,Failure,unlike
1.0000,-1.0000,1.00,1.00,10.00,99.98999900,0.1000,-0.010000,true,NaN,low_ecc_elliptic,0.000000,99.989999,72.392519,Success,unlike
1.0000,-1.0000,1.00,1.00,10.00,39.98999750,0.1000,-0.025000,false,NaN,failed,NaN,39.989997,0.403847,Failure,unlike
1.0000,-1.0000,1.00,1.00,10.00,19.98999499,0.1000,-0.050000,false,NaN,failed,NaN,19.989995,0.245302,Failure,unlike
1.0000,-1.0000,1.00,1.00,10.00,9.98998998,0.1000,-0.100000,false,NaN,failed,NaN,9.989990,0.088166,Failure,unlike
1.0000,-1.0000,1.00,1.00,10.00,3.98997487,0.1000,-0.250000,false,NaN,failed,NaN,3.989975,0.047929,Failure,unlike
1.0000,-1.0000,1.00,1.00,10.00,1.98994949,0.1000,-0.500000,false,NaN,failed,NaN,1.989949,0.068654,Failure,unlike
1.0000,-1.0000,1.00,1.00,10.00,0.98989795,0.1000,-1.000000,false,NaN,failed,NaN,0.989898,0.071534,Failure,unlike
1.0000,-1.0000,1.00,1.00,10.00,0.48979158,0.1000,-2.000000,false,NaN,failed,NaN,0.489792,0.028126,Failure,unlike
1.0000,-1.0000,1.00,1.00,10.00,99.93746089,0.2500,-0.010000,true,NaN,low_ecc_elliptic,0.000000,99.937461,72.339992,Success,unlike
1.0000,-1.0000,1.00,1.00,10.00,39.93740204,0.2500,-0.025000,false,NaN,unbound,777.169132,39.937402,0.389351,Success,unlike
1.0000,-1.0000,1.00,1.00,10.00,19.93730346,0.2500,-0.050000,false,NaN,unbound,444.587694,19.937303,0.481814,Success,unlike
1.0000,-1.0000,1.00,1.00,10.00,9.93710441,0.2500,-0.100000,false,50.000000,unbound,218.201366,9.956444,0.149804,Success,unlike
1.0000,-1.0000,1.00,1.00,10.00,3.93649167,0.2500,-0.250000,false,12.580000,unbound,83.330691,3.937653,0.065302,Success,unlike
1.0000,-1.0000,1.00,1.00,10.00,1.93541435,0.2500,-0.500000,false,4.420000,unbound,38.209595,1.935857,0.069811,Success,unlike
1.0000,-1.0000,1.00,1.00,10.00,0.93301270,0.2500,-1.000000,false,1.540000,unbound,15.842297,0.933048,0.067845,Success,unlike
1.0000,-1.0000,1.00,1.00,10.00,0.42677670,0.2500,-2.000000,false,NaN,unbound,1.581405,0.426777,0.073465,Success,unlike
1.0000,-1.0000,1.00,1.00,10.00,99.74937186,0.5000,-0.010000,true,NaN,low_ecc_elliptic,0.000000,99.749372,72.152114,Success,unlike
1.0000,-1.0000,1.00,1.00,10.00,39.74841766,0.5000,-0.025000,false,NaN,unbound,3.181139,39.748418,0.361209,Success,unlike
1.0000,-1.0000,1.00,1.00,10.00,19.74679434,0.5000,-0.050000,false,NaN,unbound,1.545591,19.746794,0.272370,Success,unlike
1.0000,-1.0000,1.00,1.00,10.00,9.74341649,0.5000,-0.100000,true,NaN,high_ecc_elliptic,0.725445,9.743416,0.258406,Success,unlike
1.0000,-1.0000,1.00,1.00,10.00,3.73205081,0.5000,-0.250000,true,NaN,high_ecc_elliptic,0.236144,3.732051,0.268197,Success,unlike
1.0000,-1.0000,1.00,1.00,10.00,1.70710678,0.5000,-0.500000,true,NaN,high_ecc_elliptic,0.077546,1.707107,0.292953,Success,unlike
1.0000,-1.0000,1.00,1.00,10.00,0.50000000,0.5000,-1.000000,true,NaN,circular,0.000002,0.500075,0.500000,Success,unlike
1.0000,-1.0000,1.00,1.00,10.00,98.98979486,1.0000,-0.010000,true,NaN,low_ecc_elliptic,0.000000,98.989795,71.396217,Success,unlike
1.0000,-1.0000,1.00,1.00,10.00,38.97366596,1.0000,-0.025000,true,NaN,high_ecc_elliptic,0.011138,38.973666,1.034178,Success,unlike
1.0000,-1.0000,1.00,1.00,10.00,18.94427191,1.0000,-0.050000,true,NaN,high_ecc_elliptic,0.004880,18.944272,1.056698,Success,unlike
1.0000,-1.0000,1.00,1.00,10.00,8.87298335,1.0000,-0.100000,true,NaN,high_ecc_elliptic,0.001798,8.872983,1.127072,Success,unlike
1.0000,-1.0000,1.00,1.00,10.00,2.00000000,1.0000,-0.250000,true,NaN,circular,0.000000,2.000005,2.000000,Success,unlike
1.0000,-1.0000,1.00,1.00,10.00,95.82575695,2.0000,-0.010000,true,NaN,low_ecc_elliptic,0.000000,95.825757,68.301020,Success,unlike
1.0000,-1.0000,1.00,1.00,10.00,35.49193338,2.0000,-0.025000,true,NaN,high_ecc_elliptic,0.000028,35.491933,4.508395,Success,unlike
1.0000,-1.0000,1.00,1.00,10.00,14.47213595,2.0000,-0.050000,true,NaN,moderate_ecc_elliptic,0.000005,14.472136,5.527881,Success,unlike
1.0000,-1.0000,1.00,1.00,100.00,100.00000000,0.0000,-0.010000,true,NaN,low_ecc_elliptic,0.000000,100.000000,72.409280,Success,unlike
1.0000,-1.0000,1.00,1.00,100.00,40.00000000,0.0000,-0.025000,true,NaN,high_ecc_elliptic,0.031095,40.000000,0.888117,Success,unlike
1.0000,-1.0000,1.00,1.00,100.00,20.00000000,0.0000,-0.050000,true,NaN,high_ecc_elliptic,0.255799,20.000000,0.408326,Success,unlike
1.0000,-1.0000,1.00,1.00,100.00,10.00000000,0.0000,-0.100000,false,NaN,unbound,2.768880,10.000000,0.302732,Success,unlike
1.0000,-1.0000,1.00,1.00,100.00,4.00000000,0.0000,-0.250000,false,NaN,unbound,282.167818,4.000000,0.082427,Success,unlike
1.0000,-1.0000,1.00,1.00,100.00,2.00000000,0.0000,-0.500000,false,NaN,failed,NaN,2.000000,0.070411,Failure,unlike
1.0000,-1.0000,1.00,1.00,100.00,1.00000000,0.0000,-1.000000,false,NaN,failed,NaN,1.000000,0.062640,Failure,unlike
1.0000,-1.0000,1.00,1.00,100.00,0.50000000,0.0000,-2.000000,false,NaN,failed,NaN,0.500000,0.039910,Failure,unlike
1.0000,-1.0000,1.00,1.00,100.00,99.98999900,0.1000,-0.010000,true,NaN,low_ecc_elliptic,0.000000,99.989999,72.399280,Success,unlike
1.0000,-1.0000,1.00,1.00,100.00,39.98999750,0.1000,-0.025000,false,NaN,failed,NaN,39.989997,0.653153,Failure,unlike
1.0000,-1.0000,1.00,1.00,100.00,19.98999499,0.1000,-0.050000,false,NaN,failed,NaN,19.989995,0.222931,Failure,unlike
1.0000,-1.0000,1.00,1.00,100.00,9.98998998,0.1000,-0.100000,false,NaN,failed,NaN,9.989990,0.122668,Failure,unlike
1.0000,-1.0000,1.00,1.00,100.00,3.98997487,0.1000,-0.250000,false,NaN,failed,NaN,3.989975,0.036066,Failure,unlike
1.0000,-1.0000,1.00,1.00,100.00,1.98994949,0.1000,-0.500000,false,NaN,failed,NaN,1.989949,0.061979,Failure,unlike
1.0000,-1.0000,1.00,1.00,100.00,0.98989795,0.1000,-1.000000,false,NaN,failed,NaN,0.989898,0.054400,Failure,unlike
1.0000,-1.0000,1.00,1.00,100.00,0.48979158,0.1000,-2.000000,false,NaN,failed,NaN,0.489792,0.032750,Failure,unlike
1.0000,-1.0000,1.00,1.00,100.00,99.93746089,0.2500,-0.010000,true,NaN,low_ecc_elliptic,0.000000,99.937461,72.346756,Success,unlike
1.0000,-1.0000,1.00,1.00,100.00,39.93740204,0.2500,-0.025000,false,NaN,unbound,794.482813,39.990296,0.630487,Success,unlike
1.0000,-1.0000,1.00,1.00,100.00,19.93730346,0.2500,-0.050000,false,NaN,unbound,398.179760,19.940889,0.367577,Success,unlike
1.0000,-1.0000,1.00,1.00,100.00,9.93710441,0.2500,-0.100000,false,74.750000,unbound,196.237890,9.940175,0.069944,Success,unlike
1.0000,-1.0000,1.00,1.00,100.00,3.93649167,0.2500,-0.250000,false,NaN,unbound,67.318727,3.936492,0.066177,Success,unlike
1.0000,-1.0000,1.00,1.00,100.00,1.93541435,0.2500,-0.500000,false,13.325000,unbound,34.631039,1.935467,0.065854,Success,unlike
1.0000,-1.0000,1.00,1.00,100.00,0.93301270,0.2500,-1.000000,false,3.140000,unbound,14.568087,0.933031,0.067954,Success,unlike
1.0000,-1.0000,1.00,1.00,100.00,0.42677670,0.2500,-2.000000,false,NaN,unbound,1.502565,0.426777,0.073462,Success,unlike
1.0000,-1.0000,1.00,1.00,100.00,99.74937186,0.5000,-0.010000,true,NaN,low_ecc_elliptic,0.000000,99.749372,72.158892,Success,unlike
1.0000,-1.0000,1.00,1.00,100.00,39.74841766,0.5000,-0.025000,false,NaN,unbound,3.106856,39.748418,0.545161,Success,unlike
1.0000,-1.0000,1.00,1.00,100.00,19.74679434,0.5000,-0.050000,false,NaN,unbound,1.505595,19.746794,0.621620,Success,unlike
1.0000,-1.0000,1.00,1.00,100.00,9.74341649,0.5000,-0.100000,true,NaN,high_ecc_elliptic,0.708699,9.743416,0.257527,Success,unlike
1.0000,-1.0000,1.00,1.00,100.00,3.73205081,0.5000,-0.250000,true,NaN,high_ecc_elliptic,0.231651,3.732051,0.268500,Success,unlike
1.0000,-1.0000,1.00,1.00,100.00,1.70710678,0.5000,-0.500000,true,NaN,high_ecc_elliptic,0.076587,1.707107,0.292940,Success,unlike
1.0000,-1.0000,1.00,1.00,100.00,0.50000000,0.5000,-1.000000,true,NaN,circular,0.000002,0.500075,0.500000,Success,unlike
1.0000,-1.0000,1.00,1.00,100.00,98.98979486,1.0000,-0.010000,true,NaN,low_ecc_elliptic,0.000000,98.989795,71.403053,Success,unlike
1.0000,-1.0000,1.00,1.00,100.00,38.97366596,1.0000,-0.025000,true,NaN,high_ecc_elliptic,0.011074,38.973666,1.058438,Success,unlike
1.0000,-1.0000,1.00,1.00,100.00,18.94427191,1.0000,-0.050000,true,NaN,high_ecc_elliptic,0.004854,18.944272,1.097811,Success,unlike
1.0000,-1.0000,1.00,1.00,100.00,8.87298335,1.0000,-0.100000,true,NaN,high_ecc_elliptic,0.001791,8.872983,1.127058,Success,unlike
1.0000,-1.0000,1.00,1.00,100.00,2.00000000,1.0000,-0.250000,true,NaN,circular,0.000000,2.000005,2.000000,Success,unlike
1.0000,-1.0000,1.00,1.00,100.00,95.82575695,2.0000,-0.010000,true,NaN,low_ecc_elliptic,0.000000,95.825757,68.308082,Success,unlike
1.0000,-1.0000,1.00,1.00,100.00,35.49193338,2.0000,-0.025000,true,NaN,high_ecc_elliptic,0.000028,35.491933,4.509454,Success,unlike
1.0000,-1.0000,1.00,1.00,100.00,14.47213595,2.0000,-0.050000,true,NaN,moderate_ecc_elliptic,0.000005,14.472136,5.528653,Success,unlike
1.0000,-1.0000,1.00,2.00,1.00,100.00000000,0.0000,-0.010000,true,NaN,low_ecc_elliptic,0.000000,100.000000,79.529791,Success,unlike
1.0000,-1.0000,1.00,2.00,1.00,40.00000000,0.0000,-0.025000,true,NaN,high_ecc_elliptic,0.008100,40.000000,1.054757,Success,unlike
1.0000,-1.0000,1.00,2.00,1.00,20.00000000,0.0000,-0.050000,true,NaN,high_ecc_elliptic,0.049081,20.000000,0.873957,Success,unlike
1.0000,-1.0000,1.00,2.00,1.00,10.00000000,0.0000,-0.100000,true,NaN,high_ecc_elliptic,0.196121,10.000000,0.325488,Success,unlike
1.0000,-1.0000,1.00,2.00,1.00,4.00000000,0.0000,-0.250000,false,NaN,failed,NaN,4.000000,0.086657,Failure,unlike
1.0000,-1.0000,1.00,2.00,1.00,2.00000000,0.0000,-0.500000,false,NaN,failed,NaN,2.000000,0.132526,Failure,unlike
1.0000,-1.0000,1.00,2.00,1.00,1.00000000,0.0000,-1.000000,false,NaN,failed,NaN,1.000000,0.136227,Failure,unlike
1.0000,-1.0000,1.00,2.00,1.00,0.50000000,0.0000,-2.000000,false,NaN,failed,NaN,0.500000,0.088638,Failure,unlike
1.0000,-1.0000,1.00,2.00,1.00,99.99249944,0.1000,-0.010000,true,NaN,low_ecc_elliptic,0.000000,99.992499,79.522262,Success,unlike
1.0000,-1.0000,1.00,2.00,1.00,39.99249859,0.1000,-0.025000,false,NaN,failed,NaN,39.992499,0.248752,Failure,unlike
1.0000,-1.0000,1.00,2.00,1.00,19.99249719,0.1000,-0.050000,false,NaN,failed,NaN,19.992497,0.480725,Failure,unlike
1.0000,-1.0000,1.00,2.00,1.00,9.99249437,0.1000,-0.100000,false,NaN,failed,NaN,9.992494,0.195398,Failure,unlike
1.0000,-1.0000,1.00,2.00,1.00,3.99248588,0.1000,-0.250000,false,NaN,failed,NaN,3.992486,0.108484,Failure,unlike
1.0000,-1.0000,1.00,2.00,1.00,1.99247166,0.1000,-0.500000,false,NaN,failed,NaN,1.992472,0.157583,Failure,unlike
1.0000,-1.0000,1.00,2.00,1.00,0.99244289,0.1000,-1.000000,false,NaN,failed,NaN,0.992443,0.095536,Failure,unlike
1.0000,-1.0000,1.00,2.00,1.00,0.49238399,0.1000,-2.000000,false,NaN,failed,NaN,0.492384,0.119157,Failure,unlike
1.0000,-1.0000,1.00,2.00,1.00,99.95310301,0.2500,-0.010000,true,NaN,low_ecc_elliptic,0.000000,99.953103,79.482721,Success,unlike
1.0000,-1.0000,1.00,2.00,1.00,39.95306994,0.2500,-0.025000,false,NaN,failed,NaN,39.953070,0.999075,Failure,unlike
1.0000,-1.0000,1.00,2.00,1.00,19.95301462,0.2500,-0.050000,false,NaN,failed,NaN,19.953015,0.318324,Failure,unlike
1.0000,-1.0000,1.00,2.00,1.00,9.95290319,0.2500,-0.100000,false,NaN,failed,NaN,9.952903,0.197025,Failure,unlike
1.0000,-1.0000,1.00,2.00,1.00,3.95256242,0.2500,-0.250000,false,NaN,failed,NaN,3.952562,0.108573,Failure,unlike
1.0000,-1.0000,1.00,2.00,1.00,1.95197164,0.2500,-0.500000,false,NaN,failed,NaN,1.951972,0.137730,Failure,unlike
1.0000,-1.0000,1.00,2.00,1.00,0.95069391,0.2500,-1.000000,false,NaN,failed,NaN,0.950694,0.142860,Failure,unlike
1.0000,-1.0000,1.00,2.00,1.00,0.44764235,0.2500,-2.000000,false,NaN,failed,NaN,0.447642,0.058562,Failure,unlike
1.0000,-1.0000,1.00,2.00,1.00,99.81214711,0.5000,-0.010000,true,NaN,low_ecc_elliptic,0.000000,99.812147,79.341313,Success,unlike
1.0000,-1.0000,1.00,2.00,1.00,39.81161276,0.5000,-0.025000,false,NaN,unbound,23.660594,39.811613,0.622760,Success,unlike
1.0000,-1.0000,1.00,2.00,1.00,19.81070844,0.5000,-0.050000,false,NaN,unbound,12.404365,19.810708,0.221048,Success,unlike
1.0000,-1.0000,1.00,2.00,1.00,9.80884602,0.5000,-0.100000,false,NaN,unbound,5.258084,9.808846,0.192657,Success,unlike
1.0000,-1.0000,1.00,2.00,1.00,3.80277564,0.5000,-0.250000,false,NaN,unbound,1.834561,3.802776,0.429320,Success,unlike
1.0000,-1.0000,1.00,2.00,1.00,1.79056942,0.5000,-0.500000,true,NaN,high_ecc_elliptic,0.581541,1.790569,0.210311,Success,unlike
1.0000,-1.0000,1.00,2.00,1.00,0.75000000,0.5000,-1.000000,true,NaN,moderate_ecc_elliptic,0.079211,0.750000,0.250102,Success,unlike
1.0000,-1.0000,1.00,2.00,1.00,99.24428901,1.0000,-0.010000,true,NaN,low_ecc_elliptic,0.000000,99.244289,78.772678,Success,unlike
1.0000,-1.0000,1.00,2.00,1.00,39.23538406,1.0000,-0.025000,true,NaN,high_ecc_elliptic,0.043653,39.235384,0.794643,Success,unlike
1.0000,-1.0000,1.00,2.00,1.00,19.21954446,1.0000,-0.050000,true,NaN,high_ecc_elliptic,0.019183,19.219544,0.781632,Success,unlike
1.0000,-1.0000,1.00,2.00,1.00,9.18330013,1.0000,-0.100000,true,NaN,high_ecc_elliptic,0.007239,9.183300,0.816834,Success,unlike
1.0000,-1.0000,1.00,2.00,1.00,3.00000000,1.0000,-0.250000,true,NaN,moderate_ecc_elliptic,0.000892,3.000000,1.001084,Success,unlike
1.0000,-1.0000,1.00,2.00,1.00,96.90415760,2.0000,-0.010000,true,NaN,low_ecc_elliptic,0.000000,96.904158,76.448224,Success,unlike
1.0000,-1.0000,1.00,2.00,1.00,36.73320053,2.0000,-0.025000,true,NaN,high_ecc_elliptic,0.000087,36.733201,3.267175,Success,unlike
1.0000,-1.0000,1.00,2.00,1.00,16.32455532,2.0000,-0.050000,true,NaN,moderate_ecc_elliptic,0.000024,16.324555,3.676653,Success,unlike
1.0000,-1.0000,1.00,2.00,2.00,100.00000000,0.0000,-0.010000,true,NaN,low_ecc_elliptic,0.000000,100.000000,79.793293,Success,unlike
1.0000,-1.0000,1.00,2.00,2.00,40.00000000,0.0000,-0.025000,true,NaN,high_ecc_elliptic,0.015975,40.000000,1.264485,Success,unlike
1.0000,-1.0000,1.00,2.00,2.00,20.00000000,0.0000,-0.050000,true,NaN,high_ecc_elliptic,0.104753,20.000000,0.625401,Success,unlike
1.0000,-1.0000,1.00,2.00,2.00,10.00000000,0.0000,-0.100000,true,NaN,high_ecc_elliptic,0.822351,10.000000,0.206829,Success,unlike
1.0000,-1.0000,1.00,2.00,2.00,4.00000000,0.0000,-0.250000,false,NaN,failed,NaN,4.000000,0.112926,Failure,unlike
1.0000,-1.0000,1.00,2.00,2.00,2.00000000,0.0000,-0.500000,false,NaN,failed,NaN,2.000000,0.095821,Failure,unlike
1.0000,-1.0000,1.00,2.00,2.00,1.00000000,0.0000,-1.000000,false,NaN,failed,NaN,1.000000,0.067910,Failure,unlike
1.0000,-1.0000,1.00,2.00,2.00,0.50000000,0.0000,-2.000000,false,NaN,failed,NaN,0.500000,0.073015,Failure,unlike
1.0000,-1.0000,1.00,2.00,2.00,99.99249944,0.1000,-0.010000,true,NaN,low_ecc_elliptic,0.000000,99.992499,79.785785,Success,unlike
1.0000,-1.0000,1.00,2.00,2.00,39.99249859,0.1000,-0.025000,false,NaN,failed,NaN,39.992499,0.802583,Failure,unlike
1.0000,-1.0000,1.00,2.00,2.00,19.99249719,0.1000,-0.050000,false,NaN,failed,NaN,19.992497,0.331280,Failure,unlike
1.0000,-1.0000,1.00,2.00,2.00,9.99249437,0.1000,-0.100000,false,NaN,failed,NaN,9.992494,0.246166,Failure,unlike
1.0000,-1.0000,1.00,2.00,2.00,3.99248588,0.1000,-0.250000,false,NaN,failed,NaN,3.992486,0.080867,Failure,unlike
1.0000,-1.0000,1.00,2.00,2.00,1.99247166,0.1000,-0.500000,false,NaN,failed,NaN,1.992472,0.061028,Failure,unlike
1.0000,-1.0000,1.00,2.00,2.00,0.99244289,0.1000,-1.000000,false,NaN,failed,NaN,0.992443,0.103701,Failure,unlike
1.0000,-1.0000,1.00,2.00,2.00,0.49238399,0.1000,-2.000000,false,NaN,failed,NaN,0.492384,0.042919,Failure,unlike
1.0000,-1.0000,1.00,2.00,2.00,99.95310301,0.2500,-0.010000,true,NaN,low_ecc_elliptic,0.000000,99.953103,79.746357,Success,unlike
1.0000,-1.0000,1.00,2.00,2.00,39.95306994,0.2500,-0.025000,false,NaN,failed,NaN,39.953070,0.747956,Failure,unlike
1.0000,-1.0000,1.00,2.00,2.00,19.95301462,0.2500,-0.050000,false,NaN,failed,NaN,19.953015,0.254202,Failure,unlike
1.0000,-1.0000,1.00,2.00,2.00,9.95290319,0.2500,-0.100000,false,NaN,failed,NaN,9.952903,0.155778,Failure,unlike
1.0000,-1.0000,1.00,2.00,2.00,3.95256242,0.2500,-0.250000,false,NaN,failed,NaN,3.952562,0.066336,Failure,unlike
1.0000,-1.0000,1.00,2.00,2.00,1.95197164,0.2500,-0.500000,false,NaN,failed,NaN,1.951972,0.062349,Failure,unlike
1.0000,-1.0000,1.00,2.00,2.00,0.95069391,0.2500,-1.000000,false,NaN,failed,NaN,0.950694,0.059911,Failure,unlike
1.0000,-1.0000,1.00,2.00,2.00,0.44764235,0.2500,-2.000000,false,NaN,failed,NaN,0.447642,0.055469,Failure,unlike
1.0000,-1.0000,1.00,2.00,2.00,99.81214711,0.5000,-0.010000,true,NaN,low_ecc_elliptic,0.000000,99.812147,79.605352,Success,unlike
1.0000,-1.0000,1.00,2.00,2.00,39.81161276,0.5000,-0.025000,false,NaN,unbound,12.236462,39.811613,0.389188,Success,unlike
1.0000,-1.0000,1.00,2.00,2.00,19.81070844,0.5000,-0.050000,false,NaN,unbound,5.926639,19.810708,0.560891,Success,unlike
1.0000,-1.0000,1.00,2.00,2.00,9.80884602,0.5000,-0.100000,false,NaN,unbound,2.786310,9.808846,0.299741,Success,unlike
1.0000,-1.0000,1.00,2.00,2.00,3.80277564,0.5000,-0.250000,true,NaN,high_ecc_elliptic,0.916976,3.802776,0.197545,Success,unlike
1.0000,-1.0000,1.00,2.00,2.00,1.79056942,0.5000,-0.500000,true,NaN,high_ecc_elliptic,0.317238,1.790569,0.209621,Success,unlike
1.0000,-1.0000,1.00,2.00,2.00,0.75000000,0.5000,-1.000000,true,NaN,moderate_ecc_elliptic,0.057070,0.750000,0.250071,Success,unlike
1.0000,-1.0000,1.00,2.00,2.00,99.24428901,1.0000,-0.010000,true,NaN,low_ecc_elliptic,0.000000,99.244289,79.038332,Success,unlike
1.0000,-1.0000,1.00,2.00,2.00,39.23538406,1.0000,-0.025000,true,NaN,high_ecc_elliptic,0.031225,39.235384,0.794116,Success,unlike
1.0000,-1.0000,1.00,2.00,2.00,19.21954446,1.0000,-0.050000,true,NaN,high_ecc_elliptic,0.014024,19.219544,0.786919,Success,unlike
1.0000,-1.0000,1.00,2.00,2.00,9.18330013,1.0000,-0.100000,true,NaN,high_ecc_elliptic,0.005546,9.183300,0.817320,Success,unlike
1.0000,-1.0000,1.00,2.00,2.00,3.00000000,1.0000,-0.250000,true,NaN,moderate_ecc_elliptic,0.000805,3.000000,1.000006,Success,unlike
1.0000,-1.0000,1.00,2.00,2.00,96.90415760,2.0000,-0.010000,true,NaN,low_ecc_elliptic,0.000000,96.904158,76.720412,Success,unlike
1.0000,-1.0000,1.00,2.00,2.00,36.73320053,2.0000,-0.025000,true,NaN,high_ecc_elliptic,0.000080,36.733201,3.268668,Success,unlike
1.0000,-1.0000,1.00,2.00,2.00,16.32455532,2.0000,-0.050000,true,NaN,moderate_ecc_elliptic,0.000023,16.324555,3.675577,Success,unlike
1.0000,-1.0000,1.00,2.00,4.00,100.00000000,0.0000,-0.010000,true,NaN,low_ecc_elliptic,0.000000,100.000000,79.859001,Success,unlike
1.0000,-1.0000,1.00,2.00,4.00,40.00000000,0.0000,-0.025000,true,NaN,high_ecc_elliptic,0.020510,40.000000,1.107644,Success,unlike
1.0000,-1.0000,1.00,2.00,4.00,20.00000000,0.0000,-0.050000,true,NaN,high_ecc_elliptic,0.156621,20.000000,0.504501,Success,unlike
1.0000,-1.0000,1.00,2.00,4.00,10.00000000,0.0000,-0.100000,false,NaN,unbound,1.284433,10.000000,0.230867,Success,unlike
1.0000,-1.0000,1.00,2.00,4.00,4.00000000,0.0000,-0.250000,false,NaN,unbound,40.593017,4.000000,0.097905,Success,unlike
1.0000,-1.0000,1.00,2.00,4.00,2.00000000,0.0000,-0.500000,false,NaN,failed,NaN,2.000000,0.043389,Failure,unlike
1.0000,-1.0000,1.00,2.00,4.00,1.00000000,0.0000,-1.000000,false,NaN,failed,NaN,1.000000,0.020403,Failure,unlike
1.0000,-1.0000,1.00,2.00,4.00,0.50000000,0.0000,-2.000000,false,NaN,failed,NaN,0.500000,0.051109,Failure,unlike
1.0000,-1.0000,1.00,2.00,4.00,99.99249944,0.1000,-0.010000,true,NaN,low_ecc_elliptic,0.000000,99.992499,79.851499,Success,unlike
1.0000,-1.0000,1.00,2.00,4.00,39.99249859,0.1000,-0.025000,false,NaN,failed,NaN,39.992499,0.417778,Failure,unlike
1.0000,-1.0000,1.00,2.00,4.00,19.99249719,0.1000,-0.050000,false,NaN,failed,NaN,19.992497,0.244235,Failure,unlike
1.0000,-1.0000,1.00,2.00,4.00,9.99249437,0.1000,-0.100000,false,NaN,failed,NaN,9.992494,0.082278,Failure,unlike
1.0000,-1.0000,1.00,2.00,4.00,3.99248588,0.1000,-0.250000,false,NaN,failed,NaN,3.992486,0.083922,Failure,unlike
1.0000,-1.0000,1.00,2.00,4.00,1.99247166,0.1000,-0.500000,false,NaN,failed,NaN,1.992472,0.079709,Failure,unlike
1.0000,-1.0000,1.00,2.00,4.00,0.99244289,0.1000,-1.000000,false,NaN,failed,NaN,0.992443,0.046372,Failure,unlike
1.0000,-1.0000,1.00,2.00,4.00,0.49238399,0.1000,-2.000000,false,NaN,failed,NaN,0.492384,0.032974,Failure,unlike
1.0000,-1.0000,1.00,2.00,4.00,99.95310301,0.2500,-0.010000,true,NaN,low_ecc_elliptic,0.000000,99.953103,79.812099,Success,unlike
1.0000,-1.0000,1.00,2.00,4.00,39.95306994,0.2500,-0.025000,false,NaN,failed,NaN,39.953070,0.375187,Failure,unlike
1.0000,-1.0000,1.00,2.00,4.00,19.95301462,0.2500,-0.050000,false,NaN,failed,NaN,19.953015,0.200124,Failure,unlike
1.0000,-1.0000,1.00,2.00,4.00,9.95290319,0.2500,-0.100000,false,NaN,failed,NaN,9.952903,0.051963,Failure,unlike
1.0000,-1.0000,1.00,2.00,4.00,3.95256242,0.2500,-0.250000,false,NaN,failed,NaN,3.952562,0.053493,Failure,unlike
1.0000,-1.0000,1.00,2.00,4.00,1.95197164,0.2500,-0.500000,false,10.497500,failed,NaN,4.267875,0.050302,Failure,unlike
1.0000,-1.0000,1.00,2.00,4.00,0.95069391,0.2500,-1.000000,false,1.850000,unbound,56.668236,1.102850,0.050890,Success,unlike
1.0000,-1.0000,1.00,2.00,4.00,0.44764235,0.2500,-2.000000,false,NaN,unbound,8.179003,0.447642,0.052976,Success,unlike
1.0000,-1.0000,1.00,2.00,4.00,99.81214711,0.5000,-0.010000,true,NaN,low_ecc_elliptic,0.000000,99.812147,79.671193,Success,unlike
1.0000,-1.0000,1.00,2.00,4.00,39.81161276,0.5000,-0.025000,false,NaN,unbound,8.598242,39.811613,0.351110,Success,unlike
1.0000,-1.0000,1.00,2.00,4.00,19.81070844,0.5000,-0.050000,false,NaN,unbound,4.209014,19.810708,0.635546,Success,unlike
1.0000,-1.0000,1.00,2.00,4.00,9.80884602,0.5000,-0.100000,false,NaN,unbound,1.998945,9.808846,0.204006,Success,unlike
1.0000,-1.0000,1.00,2.00,4.00,3.80277564,0.5000,-0.250000,true,NaN,high_ecc_elliptic,0.679090,3.802776,0.197375,Success,unlike
1.0000,-1.0000,1.00,2.00,4.00,1.79056942,0.5000,-0.500000,true,NaN,high_ecc_elliptic,0.249318,1.790569,0.213268,Success,unlike
1.0000,-1.0000,1.00,2.00,4.00,0.75000000,0.5000,-1.000000,true,NaN,moderate_ecc_elliptic,0.051465,0.750000,0.250064,Success,unlike
1.0000,-1.0000,1.00,2.00,4.00,99.24428901,1.0000,-0.010000,true,NaN,low_ecc_elliptic,0.000000,99.244289,79.104575,Success,unlike
1.0000,-1.0000,1.00,2.00,4.00,39.23538406,1.0000,-0.025000,true,NaN,high_ecc_elliptic,0.028115,39.235384,0.778751,Success,unlike
1.0000,-1.0000,1.00,2.00,4.00,19.21954446,1.0000,-0.050000,true,NaN,high_ecc_elliptic,0.012735,19.219544,0.833667,Success,unlike
1.0000,-1.0000,1.00,2.00,4.00,9.18330013,1.0000,-0.100000,true,NaN,high_ecc_elliptic,0.005122,9.183300,0.823150,Success,unlike
1.0000,-1.0000,1.00,2.00,4.00,3.00000000,1.0000,-0.250000,true,NaN,moderate_ecc_elliptic,0.000783,3.000000,1.000008,Success,unlike
1.0000,-1.0000,1.00,2.00,4.00,96.90415760,2.0000,-0.010000,true,NaN,low_ecc_elliptic,0.000000,96.904158,76.788278,Success,unlike
1.0000,-1.0000,1.00,2.00,4.00,36.73320053,2.0000,-0.025000,true,NaN,high_ecc_elliptic,0.000078,36.733201,3.267464,Success,unlike
1.0000,-1.0000,1.00,2.00,4.00,16.32455532,2.0000,-0.050000,true,NaN,moderate_ecc_elliptic,0.000023,16.324555,3.676796,Success,unlike
1.0000,-1.0000,1.00,2.00,10.00,100.00000000,0.0000,-0.010000,true,NaN,low_ecc_elliptic,0.000000,100.000000,79.877388,Success,unlike
1.0000,-1.0000,1.00,2.00,10.00,40.00000000,0.0000,-0.025000,true,NaN,high_ecc_elliptic,0.022033,40.000000,0.937673,Success,unlike
1.0000,-1.0000,1.00,2.00,10.00,20.00000000,0.0000,-0.050000,true,NaN,high_ecc_elliptic,0.184664,20.000000,0.484921,Success,unlike
1.0000,-1.0000,1.00,2.00,10.00,10.00000000,0.0000,-0.100000,false,NaN,unbound,2.004281,10.000000,0.219890,Success,unlike
1.0000,-1.0000,1.00,2.00,10.00,4.00000000,0.0000,-0.250000,false,NaN,unbound,57.145384,4.000000,0.092839,Success,unlike
1.0000,-1.0000,1.00,2.00,10.00,2.00000000,0.0000,-0.500000,false,NaN,unbound,101.219421,2.000000,0.039982,Success,unlike
1.0000,-1.0000,1.00,2.00,10.00,1.00000000,0.0000,-1.000000,false,NaN,failed,NaN,1.000000,0.060608,Failure,unlike
1.0000,-1.0000,1.00,2.00,10.00,0.50000000,0.0000,-2.000000,false,NaN,failed,NaN,0.500000,0.029937,Failure,unlike
1.0000,-1.0000,1.00,2.00,10.00,99.99249944,0.1000,-0.010000,true,NaN,low_ecc_elliptic,0.000000,99.992499,79.869887,Success,unlike
1.0000,-1.0000,1.00,2.00,10.00,39.99249859,0.1000,-0.025000,false,NaN,failed,NaN,39.992499,0.323737,Failure,unlike
1.0000,-1.0000,1.00,2.00,10.00,19.99249719,0.1000,-0.050000,false,NaN,failed,NaN,19.992497,0.122407,Failure,unlike
1.0000,-1.0000,1.00,2.00,10.00,9.99249437,0.1000,-0.100000,false,NaN,failed,NaN,9.992494,0.100674,Failure,unlike
1.0000,-1.0000,1.00,2.00,10.00,3.99248588,0.1000,-0.250000,false,NaN,failed,NaN,3.992486,0.050548,Failure,unlike
1.0000,-1.0000,1.00,2.00,10.00,1.99247166,0.1000,-0.500000,false,NaN,failed,NaN,1.992472,0.031810,Failure,unlike
1.0000,-1.0000,1.00,2.00,10.00,0.99244289,0.1000,-1.000000,false,NaN,failed,NaN,0.992443,0.052429,Failure,unlike
1.0000,-1.0000,1.00,2.00,10.00,0.49238399,0.1000,-2.000000,false,NaN,failed,NaN,0.492384,0.050738,Failure,unlike
1.0000,-1.0000,1.00,2.00,10.00,99.95310301,0.2500,-0.010000,true,NaN,low_ecc_elliptic,0.000000,99.953103,79.830494,Success,unlike
1.0000,-1.0000,1.00,2.00,10.00,39.95306994,0.2500,-0.025000,false,NaN,unbound,1953.969126,39.953070,0.515819,Success,unlike
1.0000,-1.0000,1.00,2.00,10.00,19.95301462,0.2500,-0.050000,false,173.500000,unbound,1039.071294,22.269393,0.246528,Success,unlike
1.0000,-1.0000,1.00,2.00,10.00,9.95290319,0.2500,-0.100000,false,63.250000,unbound,514.035944,10.866224,0.314190,Success,unlike
1.0000,-1.0000,1.00,2.00,10.00,3.95256242,0.2500,-0.250000,false,15.265000,unbound,200.496525,4.191099,0.063869,Success,unlike
1.0000,-1.0000,1.00,2.00,10.00,1.95197164,0.2500,-0.500000,false,5.175000,unbound,93.394729,1.974612,0.052174,Success,unlike
1.0000,-1.0000,1.00,2.00,10.00,0.95069391,0.2500,-1.000000,false,NaN,unbound,41.181918,0.950694,0.050476,Success,unlike
1.0000,-1.0000,1.00,2.00,10.00,0.44764235,0.2500,-2.000000,false,NaN,unbound,6.294764,0.447642,0.052810,Success,unlike
1.0000,-1.0000,1.00,2.00,10.00,99.81214711,0.5000,-0.010000,true,NaN,low_ecc_elliptic,0.000000,99.812147,79.689617,Success,unlike
1.0000,-1.0000,1.00,2.00,10.00,39.81161276,0.5000,-0.025000,false,NaN,unbound,7.604019,39.811613,0.443523,Success,unlike
1.0000,-1.0000,1.00,2.00,10.00,19.81070844,0.5000,-0.050000,false,NaN,unbound,3.720395,19.810708,0.244714,Success,unlike
1.0000,-1.0000,1.00,2.00,10.00,9.80884602,0.5000,-0.100000,false,NaN,unbound,1.775243,9.808846,0.191568,Success,unlike
1.0000,-1.0000,1.00,2.00,10.00,3.80277564,0.5000,-0.250000,true,NaN,high_ecc_elliptic,0.611859,3.802776,0.197553,Success,unlike
1.0000,-1.0000,1.00,2.00,10.00,1.79056942,0.5000,-0.500000,true,NaN,high_ecc_elliptic,0.230166,1.790569,0.209594,Success,unlike
1.0000,-1.0000,1.00,2.00,10.00,0.75000000,0.5000,-1.000000,true,NaN,moderate_ecc_elliptic,0.049891,0.750000,0.250119,Success,unlike
1.0000,-1.0000,1.00,2.00,10.00,99.24428901,1.0000,-0.010000,true,NaN,low_ecc_elliptic,0.000000,99.244289,79.123110,Success,unlike
1.0000,-1.0000,1.00,2.00,10.00,39.23538406,1.0000,-0.025000,true,NaN,high_ecc_elliptic,0.027244,39.235384,0.794579,Success,unlike
1.0000,-1.0000,1.00,2.00,10.00,19.21954446,1.0000,-0.050000,true,NaN,high_ecc_elliptic,0.012374,19.219544,0.783938,Success,unlike
1.0000,-1.0000,1.00,2.00,10.00,9.18330013,1.0000,-0.100000,true,NaN,high_ecc_elliptic,0.005004,9.183300,0.816735,Success,unlike
1.0000,-1.0000,1.00,2.00,10.00,3.00000000,1.0000,-0.250000,true,NaN,moderate_ecc_elliptic,0.000777,3.000000,1.000005,Success,unlike
1.0000,-1.0000,1.00,2.00,10.00,96.90415760,2.0000,-0.010000,true,NaN,low_ecc_elliptic,0.000000,96.904158,76.807268,Success,unlike
1.0000,-1.0000,1.00,2.00,10.00,36.73320053,2.0000,-0.025000,true,NaN,high_ecc_elliptic,0.000078,36.733201,3.268245,Success,unlike
1.0000,-1.0000,1.00,2.00,10.00,16.32455532,2.0000,-0.050000,true,NaN,moderate_ecc_elliptic,0.000023,16.324555,3.675551,Success,unlike
1.0000,-1.0000,1.00,2.00,100.00,100.00000000,0.0000,-0.010000,true,NaN,low_ecc_elliptic,0.000000,100.000000,79.880854,Success,unlike
1.0000,-1.0000,1.00,2.00,100.00,40.00000000,0.0000,-0.025000,true,NaN,high_ecc_elliptic,0.023016,40.000000,1.068738,Success,unlike
1.0000,-1.0000,1.00,2.00,100.00,20.00000000,0.0000,-0.050000,true,NaN,high_ecc_elliptic,0.193253,20.000000,0.444988,Success,unlike
1.0000,-1.0000,1.00,2.00,100.00,10.00000000,0.0000,-0.100000,false,NaN,unbound,1.580186,10.000000,0.249409,Success,unlike
1.0000,-1.0000,1.00,2.00,100.00,4.00000000,0.0000,-0.250000,false,NaN,unbound,91.642863,4.000000,0.087227,Success,unlike
1.0000,-1.0000,1.00,2.00,100.00,2.00000000,0.0000,-0.500000,false,NaN,failed,NaN,2.000000,0.054861,Failure,unlike
1.0000,-1.0000,1.00,2.00,100.00,1.00000000,0.0000,-1.000000,false,NaN,failed,NaN,1.000000,0.067135,Failure,unlike
1.0000,-1.0000,1.00,2.00,100.00,0.50000000,0.0000,-2.000000,false,NaN,failed,NaN,0.500000,0.040126,Failure,unlike
1.0000,-1.0000,1.00,2.00,100.00,99.99249944,0.1000,-0.010000,true,NaN,low_ecc_elliptic,0.000000,99.992499,79.873354,Success,unlike
1.0000,-1.0000,1.00,2.00,100.00,39.99249859,0.1000,-0.025000,false,NaN,failed,NaN,39.992499,0.533386,Failure,unlike
1.0000,-1.0000,1.00,2.00,100.00,19.99249719,0.1000,-0.050000,false,NaN,failed,NaN,19.992497,0.327694,Failure,unlike
1.0000,-1.0000,1.00,2.00,100.00,9.99249437,0.1000,-0.100000,false,NaN,failed,NaN,9.992494,0.036533,Failure,unlike
1.0000,-1.0000,1.00,2.00,100.00,3.99248588,0.1000,-0.250000,false,NaN,failed,NaN,3.992486,0.048834,Failure,unlike
1.0000,-1.0000,1.00,2.00,100.00,1.99247166,0.1000,-0.500000,false,NaN,failed,NaN,1.992472,0.048553,Failure,unlike
1.0000,-1.0000,1.00,2.00,100.00,0.99244289,0.1000,-1.000000,false,NaN,failed,NaN,0.992443,0.060505,Failure,unlike
1.0000,-1.0000,1.00,2.00,100.00,0.49238399,0.1000,-2.000000,false,NaN,failed,NaN,0.492384,0.034173,Failure,unlike
1.0000,-1.0000,1.00,2.00,100.00,99.95310301,0.2500,-0.010000,true,NaN,low_ecc_elliptic,0.000000,99.953103,79.833963,Success,unlike
1.0000,-1.0000,1.00,2.00,100.00,39.95306994,0.2500,-0.025000,false,NaN,unbound,1692.730872,39.953070,0.286113,Success,unlike
1.0000,-1.0000,1.00,2.00,100.00,19.95301462,0.2500,-0.050000,false,165.500000,unbound,932.487683,20.233197,0.403194,Success,unlike
1.0000,-1.0000,1.00,2.00,100.00,9.95290319,0.2500,-0.100000,false,NaN,unbound,452.779168,9.952903,0.197532,Success,unlike
1.0000,-1.0000,1.00,2.00,100.00,3.95256242,0.2500,-0.250000,false,14.727500,unbound,178.072743,4.002366,0.048682,Success,unlike
1.0000,-1.0000,1.00,2.00,100.00,1.95197164,0.2500,-0.500000,false,5.100000,unbound,83.939027,1.960871,0.049811,Success,unlike
1.0000,-1.0000,1.00,2.00,100.00,0.95069391,0.2500,-1.000000,false,1.825000,unbound,36.264694,0.951946,0.050522,Success,unlike
1.0000,-1.0000,1.00,2.00,100.00,0.44764235,0.2500,-2.000000,false,NaN,unbound,5.881918,0.447642,0.052775,Success,unlike
1.0000,-1.0000,1.00,2.00,100.00,99.81214711,0.5000,-0.010000,true,NaN,low_ecc_elliptic,0.000000,99.812147,79.693090,Success,unlike
1.0000,-1.0000,1.00,2.00,100.00,39.81161276,0.5000,-0.025000,false,NaN,unbound,7.410422,39.811613,0.269929,Success,unlike
1.0000,-1.0000,1.00,2.00,100.00,19.81070844,0.5000,-0.050000,false,NaN,unbound,3.627941,19.810708,0.275690,Success,unlike
1.0000,-1.0000,1.00,2.00,100.00,9.80884602,0.5000,-0.100000,false,NaN,unbound,1.732938,9.808846,0.208047,Success,unlike
1.0000,-1.0000,1.00,2.00,100.00,3.80277564,0.5000,-0.250000,true,NaN,high_ecc_elliptic,0.599149,3.802776,0.202531,Success,unlike
1.0000,-1.0000,1.00,2.00,100.00,1.79056942,0.5000,-0.500000,true,NaN,high_ecc_elliptic,0.226547,1.790569,0.209498,Success,unlike
1.0000,-1.0000,1.00,2.00,100.00,0.75000000,0.5000,-1.000000,true,NaN,moderate_ecc_elliptic,0.049594,0.750000,0.250065,Success,unlike
1.0000,-1.0000,1.00,2.00,100.00,99.24428901,1.0000,-0.010000,true,NaN,low_ecc_elliptic,0.000000,99.244289,79.126605,Success,unlike
1.0000,-1.0000,1.00,2.00,100.00,39.23538406,1.0000,-0.025000,true,NaN,high_ecc_elliptic,0.027080,39.235384,0.770872,Success,unlike
1.0000,-1.0000,1.00,2.00,100.00,19.21954446,1.0000,-0.050000,true,NaN,high_ecc_elliptic,0.012306,19.219544,0.786780,Success,unlike
1.0000,-1.0000,1.00,2.00,100.00,9.18330013,1.0000,-0.100000,true,NaN,high_ecc_elliptic,0.004981,9.183300,0.817568,Success,unlike
1.0000,-1.0000,1.00,2.00,100.00,3.00000000,1.0000,-0.250000,true,NaN,moderate_ecc_elliptic,0.000775,3.000000,1.000125,Success,unlike
1.0000,-1.0000,1.00,2.00,100.00,96.90415760,2.0000,-0.010000,true,NaN,low_ecc_elliptic,0.000000,96.904158,76.810848,Success,unlike
1.0000,-1.0000,1.00,2.00,100.00,36.73320053,2.0000,-0.025000,true,NaN,high_ecc_elliptic,0.000078,36.733201,3.267099,Success,unlike
1.0000,-1.0000,1.00,2.00,100.00,16.32455532,2.0000,-0.050000,true,NaN,moderate_ecc_elliptic,0.000023,16.324555,3.675642,Success,unlike
1.0000,-1.0000,1.00,10.00,1.00,100.00000000,0.0000,-0.010000,true,NaN,low_ecc_elliptic,0.000000,100.000000,85.369932,Success,unlike
1.0000,-1.0000,1.00,10.00,1.00,40.00000000,0.0000,-0.025000,true,NaN,high_ecc_elliptic,0.007135,40.000000,1.013778,Success,unlike
1.0000,-1.0000,1.00,10.00,1.00,20.00000000,0.0000,-0.050000,true,NaN,high_ecc_elliptic,0.041473,20.000000,0.448514,Success,unlike
1.0000,-1.0000,1.00,10.00,1.00,10.00000000,0.0000,-0.100000,true,NaN,high_ecc_elliptic,0.231749,10.000000,0.368859,Success,unlike
1.0000,-1.0000,1.00,10.00,1.00,4.00000000,0.0000,-0.250000,false,NaN,failed,NaN,4.000000,0.083053,Failure,unlike
1.0000,-1.0000,1.00,10.00,1.00,2.00000000,0.0000,-0.500000,false,NaN,failed,NaN,2.000000,0.120035,Failure,unlike
1.0000,-1.0000,1.00,10.00,1.00,1.00000000,0.0000,-1.000000,false,NaN,failed,NaN,1.000000,0.133434,Failure,unlike
1.0000,-1.0000,1.00,10.00,1.00,0.50000000,0.0000,-2.000000,false,NaN,failed,NaN,0.500000,0.111091,Failure,unlike
1.0000,-1.0000,1.00,10.00,1.00,99.99449970,0.1000,-0.010000,true,NaN,low_ecc_elliptic,0.000000,99.994500,85.364422,Success,unlike
1.0000,-1.0000,1.00,10.00,1.00,39.99449924,0.1000,-0.025000,false,NaN,failed,NaN,39.994499,0.181248,Failure,unlike
1.0000,-1.0000,1.00,10.00,1.00,19.99449849,0.1000,-0.050000,false,NaN,failed,NaN,19.994498,0.508177,Failure,unlike
1.0000,-1.0000,1.00,10.00,1.00,9.99449697,0.1000,-0.100000,false,NaN,failed,NaN,9.994497,0.231069,Failure,unlike
1.0000,-1.0000,1.00,10.00,1.00,3.99449242,0.1000,-0.250000,false,NaN,failed,NaN,3.994492,0.112224,Failure,unlike
1.0000,-1.0000,1.00,10.00,1.00,1.99448479,0.1000,-0.500000,false,NaN,failed,NaN,1.994485,0.078052,Failure,unlike
1.0000,-1.0000,1.00,10.00,1.00,0.99446941,0.1000,-1.000000,false,NaN,failed,NaN,0.994469,0.107397,Failure,unlike
1.0000,-1.0000,1.00,10.00,1.00,0.49443813,0.1000,-2.000000,false,NaN,failed,NaN,0.494438,0.091124,Failure,unlike
1.0000,-1.0000,1.00,10.00,1.00,99.96561318,0.2500,-0.010000,true,NaN,low_ecc_elliptic,0.000000,99.965613,85.335483,Success,unlike
1.0000,-1.0000,1.00,10.00,1.00,39.96559541,0.2500,-0.025000,false,NaN,failed,NaN,39.965595,0.965995,Failure,unlike
1.0000,-1.0000,1.00,10.00,1.00,19.96556571,0.2500,-0.050000,false,NaN,failed,NaN,19.965566,0.420367,Failure,unlike
1.0000,-1.0000,1.00,10.00,1.00,9.96550602,0.2500,-0.100000,false,NaN,failed,NaN,9.965506,0.293278,Failure,unlike
1.0000,-1.0000,1.00,10.00,1.00,3.96532440,0.2500,-0.250000,false,NaN,failed,NaN,3.965324,0.097277,Failure,unlike
1.0000,-1.0000,1.00,10.00,1.00,1.96501295,0.2500,-0.500000,false,NaN,failed,NaN,1.965013,0.103981,Failure,unlike
1.0000,-1.0000,1.00,10.00,1.00,0.96435439,0.2500,-1.000000,false,NaN,failed,NaN,0.964354,0.103471,Failure,unlike
1.0000,-1.0000,1.00,10.00,1.00,0.46286733,0.2500,-2.000000,false,NaN,failed,NaN,0.462867,0.095475,Failure,unlike
1.0000,-1.0000,1.00,10.00,1.00,99.86231042,0.5000,-0.010000,true,NaN,low_ecc_elliptic,0.000000,99.862310,85.232018,Success,unlike
1.0000,-1.0000,1.00,10.00,1.00,39.86202407,0.5000,-0.025000,false,NaN,unbound,64.674480,39.862024,0.143519,Success,unlike
1.0000,-1.0000,1.00,10.00,1.00,19.86154146,0.5000,-0.050000,false,NaN,unbound,31.240178,19.861541,0.331112,Success,unlike
1.0000,-1.0000,1.00,10.00,1.00,9.86055552,0.5000,-0.100000,false,NaN,unbound,14.474151,9.860556,0.143490,Success,unlike
1.0000,-1.0000,1.00,10.00,1.00,3.85741756,0.5000,-0.250000,false,NaN,unbound,5.082200,3.857418,0.145187,Success,unlike
1.0000,-1.0000,1.00,10.00,1.00,1.85146932,0.5000,-0.500000,false,NaN,unbound,1.870250,1.851469,0.148836,Success,unlike
1.0000,-1.0000,1.00,10.00,1.00,0.83541020,0.5000,-1.000000,true,NaN,moderate_ecc_elliptic,0.421353,0.835410,0.165094,Success,unlike
1.0000,-1.0000,1.00,10.00,1.00,99.44694126,1.0000,-0.010000,true,NaN,low_ecc_elliptic,0.000000,99.446941,84.816367,Success,unlike
1.0000,-1.0000,1.00,10.00,1.00,39.44222210,1.0000,-0.025000,true,NaN,high_ecc_elliptic,0.114454,39.442222,0.663703,Success,unlike
1.0000,-1.0000,1.00,10.00,1.00,19.43398113,1.0000,-0.050000,true,NaN,high_ecc_elliptic,0.052155,19.433981,0.566936,Success,unlike
1.0000,-1.0000,1.00,10.00,1.00,9.41588043,1.0000,-0.100000,true,NaN,high_ecc_elliptic,0.021417,9.415880,0.600970,Success,unlike
1.0000,-1.0000,1.00,10.00,1.00,3.34164079,1.0000,-0.250000,true,NaN,moderate_ecc_elliptic,0.004172,3.341641,0.658372,Success,unlike
1.0000,-1.0000,1.00,10.00,1.00,97.74934555,2.0000,-0.010000,true,NaN,low_ecc_elliptic,0.000000,97.749346,83.124096,Success,unlike
1.0000,-1.0000,1.00,10.00,1.00,37.66352173,2.0000,-0.025000,true,NaN,high_ecc_elliptic,0.000250,37.663522,2.337580,Success,unlike
1.0000,-1.0000,1.00,10.00,1.00,17.48331477,2.0000,-0.050000,true,NaN,high_ecc_elliptic,0.000085,17.483315,2.516963,Success,unlike
1.0000,-1.0000,1.00,10.00,1.00,6.73205081,2.0000,-0.100000,true,NaN,moderate_ecc_elliptic,0.000012,6.732051,3.267973,Success,unlike
1.0000,-1.0000,1.00,10.00,2.00,100.00000000,0.0000,-0.010000,true,NaN,low_ecc_elliptic,0.000000,100.000000,85.502396,Success,unlike
1.0000,-1.0000,1.00,10.00,2.00,40.00000000,0.0000,-0.025000,true,NaN,high_ecc_elliptic,0.012712,40.000000,0.865965,Success,unlike
1.0000,-1.0000,1.00,10.00,2.00,20.00000000,0.0000,-0.050000,true,NaN,high_ecc_elliptic,0.079536,20.000000,0.469258,Success,unlike
1.0000,-1.0000,1.00,10.00,2.00,10.00000000,0.0000,-0.100000,true,NaN,high_ecc_elliptic,0.697823,10.000000,0.268843,Success,unlike
1.0000,-1.0000,1.00,10.00,2.00,4.00000000,0.0000,-0.250000,false,NaN,unbound,18.682423,4.000000,0.101564,Success,unlike
1.0000,-1.0000,1.00,10.00,2.00,2.00000000,0.0000,-0.500000,false,NaN,failed,NaN,2.000000,0.051197,Failure,unlike
1.0000,-1.0000,1.00,10.00,2.00,1.00000000,0.0000,-1.000000,false,NaN,failed,NaN,1.000000,0.093805,Failure,unlike
1.0000,-1.0000,1.00,10.00,2.00,0.50000000,0.0000,-2.000000,false,NaN,failed,NaN,0.500000,0.074912,Failure,unlike
1.0000,-1.0000,1.00,10.00,2.00,99.99449970,0.1000,-0.010000,true,NaN,low_ecc_elliptic,0.000000,99.994500,85.496893,Success,unlike
1.0000,-1.0000,1.00,10.00,2.00,39.99449924,0.1000,-0.025000,false,NaN,failed,NaN,39.994499,0.573204,Failure,unlike
1.0000,-1.0000,1.00,10.00,2.00,19.99449849,0.1000,-0.050000,false,NaN,failed,NaN,19.994498,0.267977,Failure,unlike
1.0000,-1.0000,1.00,10.00,2.00,9.99449697,0.1000,-0.100000,false,NaN,failed,NaN,9.994497,0.214200,Failure,unlike
1.0000,-1.0000,1.00,10.00,2.00,3.99449242,0.1000,-0.250000,false,NaN,failed,NaN,3.994492,0.081654,Failure,unlike
1.0000,-1.0000,1.00,10.00,2.00,1.99448479,0.1000,-0.500000,false,NaN,failed,NaN,1.994485,0.088375,Failure,unlike
1.0000,-1.0000,1.00,10.00,2.00,0.99446941,0.1000,-1.000000,false,NaN,failed,NaN,0.994469,0.076147,Failure,unlike
1.0000,-1.0000,1.00,10.00,2.00,0.49443813,0.1000,-2.000000,false,NaN,failed,NaN,0.494438,0.057346,Failure,unlike
1.0000,-1.0000,1.00,10.00,2.00,99.96561318,0.2500,-0.010000,true,NaN,low_ecc_elliptic,0.000000,99.965613,85.467995,Success,unlike
1.0000,-1.0000,1.00,10.00,2.00,39.96559541,0.2500,-0.025000,false,NaN,failed,NaN,39.965595,0.532760,Failure,unlike
1.0000,-1.0000,1.00,10.00,2.00,19.96556571,0.2500,-0.050000,false,NaN,failed,NaN,19.965566,0.214018,Failure,unlike
1.0000,-1.0000,1.00,10.00,2.00,9.96550602,0.2500,-0.100000,false,NaN,failed,NaN,9.965506,0.154042,Failure,unlike
1.0000,-1.0000,1.00,10.00,2.00,3.96532440,0.2500,-0.250000,false,NaN,failed,NaN,3.965324,0.086332,Failure,unlike
1.0000,-1.0000,1.00,10.00,2.00,1.96501295,0.2500,-0.500000,false,NaN,failed,NaN,1.965013,0.053823,Failure,unlike
1.0000,-1.0000,1.00,10.00,2.00,0.96435439,0.2500,-1.000000,false,NaN,failed,NaN,0.964354,0.050523,Failure,unlike
1.0000,-1.0000,1.00,10.00,2.00,0.46286733,0.2500,-2.000000,false,NaN,failed,NaN,0.462867,0.040540,Failure,unlike
1.0000,-1.0000,1.00,10.00,2.00,99.86231042,0.5000,-0.010000,true,NaN,low_ecc_elliptic,0.000000,99.862310,85.364675,Success,unlike
1.0000,-1.0000,1.00,10.00,2.00,39.86202407,0.5000,-0.025000,false,NaN,unbound,30.921633,39.862024,0.552865,Success,unlike
1.0000,-1.0000,1.00,10.00,2.00,19.86154146,0.5000,-0.050000,false,NaN,unbound,15.269379,19.861541,0.166681,Success,unlike
1.0000,-1.0000,1.00,10.00,2.00,9.86055552,0.5000,-0.100000,false,NaN,unbound,7.299265,9.860556,0.140861,Success,unlike
1.0000,-1.0000,1.00,10.00,2.00,3.85741756,0.5000,-0.250000,false,NaN,unbound,2.538064,3.857418,0.143237,Success,unlike
1.0000,-1.0000,1.00,10.00,2.00,1.85146932,0.5000,-0.500000,true,NaN,high_ecc_elliptic,0.985183,1.851469,0.148660,Success,unlike
1.0000,-1.0000,1.00,10.00,2.00,0.83541020,0.5000,-1.000000,true,NaN,moderate_ecc_elliptic,0.266745,0.835410,0.164704,Success,unlike
1.0000,-1.0000,1.00,10.00,2.00,99.44694126,1.0000,-0.010000,true,NaN,low_ecc_elliptic,0.000000,99.446941,84.949603,Success,unlike
1.0000,-1.0000,1.00,10.00,2.00,39.44222210,1.0000,-0.025000,true,NaN,high_ecc_elliptic,0.081383,39.442222,0.606247,Success,unlike
1.0000,-1.0000,1.00,10.00,2.00,19.43398113,1.0000,-0.050000,true,NaN,high_ecc_elliptic,0.037686,19.433981,0.566360,Success,unlike
1.0000,-1.0000,1.00,10.00,2.00,9.41588043,1.0000,-0.100000,true,NaN,high_ecc_elliptic,0.015996,9.415880,0.584128,Success,unlike
1.0000,-1.0000,1.00,10.00,2.00,3.34164079,1.0000,-0.250000,true,NaN,moderate_ecc_elliptic,0.003485,3.341641,0.658595,Success,unlike
1.0000,-1.0000,1.00,10.00,2.00,97.74934555,2.0000,-0.010000,true,NaN,low_ecc_elliptic,0.000000,97.749346,83.259683,Success,unlike
1.0000,-1.0000,1.00,10.00,2.00,37.66352173,2.0000,-0.025000,true,NaN,high_ecc_elliptic,0.000229,37.663522,2.337738,Success,unlike
1.0000,-1.0000,1.00,10.00,2.00,17.48331477,2.0000,-0.050000,true,NaN,high_ecc_elliptic,0.000080,17.483315,2.516809,Success,unlike
1.0000,-1.0000,1.00,10.00,2.00,6.73205081,2.0000,-0.100000,true,NaN,moderate_ecc_elliptic,0.000011,6.732051,3.267973,Success,unlike
1.0000,-1.0000,1.00,10.00,4.00,100.00000000,0.0000,-0.010000,true,NaN,low_ecc_elliptic,0.000000,100.000000,85.535472,Success,unlike
1.0000,-1.0000,1.00,10.00,4.00,40.00000000,0.0000,-0.025000,true,NaN,high_ecc_elliptic,0.015574,40.000000,1.076286,Success,unlike
1.0000,-1.0000,1.00,10.00,4.00,20.00000000,0.0000,-0.050000,true,NaN,high_ecc_elliptic,0.124834,20.000000,0.484357,Success,unlike
1.0000,-1.0000,1.00,10.00,4.00,10.00000000,0.0000,-0.100000,true,NaN,high_ecc_elliptic,0.812370,10.000000,0.630205,Success,unlike
1.0000,-1.0000,1.00,10.00,4.00,4.00000000,0.0000,-0.250000,false,NaN,unbound,37.783082,4.000000,0.050741,Success,unlike
1.0000,-1.0000,1.00,10.00,4.00,2.00000000,0.0000,-0.500000,false,NaN,unbound,13160.500459,2.000000,0.012057,Success,unlike
1.0000,-1.0000,1.00,10.00,4.00,1.00000000,0.0000,-1.000000,false,NaN,failed,NaN,1.000000,0.042846,Failure,unlike
1.0000,-1.0000,1.00,10.00,4.00,0.50000000,0.0000,-2.000000,false,NaN,failed,NaN,0.500000,0.034536,Failure,unlike
1.0000,-1.0000,1.00,10.00,4.00,99.99449970,0.1000,-0.010000,true,NaN,low_ecc_elliptic,0.000000,99.994500,85.529971,Success,unlike
1.0000,-1.0000,1.00,10.00,4.00,39.99449924,0.1000,-0.025000,false,NaN,failed,NaN,39.994499,0.366120,Failure,unlike
1.0000,-1.0000,1.00,10.00,4.00,19.99449849,0.1000,-0.050000,false,NaN,failed,NaN,19.994498,0.043007,Failure,unlike
1.0000,-1.0000,1.00,10.00,4.00,9.99449697,0.1000,-0.100000,false,NaN,failed,NaN,9.994497,0.063663,Failure,unlike
1.0000,-1.0000,1.00,10.00,4.00,3.99449242,0.1000,-0.250000,false,NaN,failed,NaN,3.994492,0.038259,Failure,unlike
1.0000,-1.0000,1.00,10.00,4.00,1.99448479,0.1000,-0.500000,false,NaN,failed,NaN,1.994485,0.045772,Failure,unlike
1.0000,-1.0000,1.00,10.00,4.00,0.99446941,0.1000,-1.000000,false,NaN,failed,NaN,0.994469,0.074983,Failure,unlike
1.0000,-1.0000,1.00,10.00,4.00,0.49443813,0.1000,-2.000000,false,NaN,failed,NaN,0.494438,0.060264,Failure,unlike
1.0000,-1.0000,1.00,10.00,4.00,99.96561318,0.2500,-0.010000,true,NaN,low_ecc_elliptic,0.000000,99.965613,85.501083,Success,unlike
1.0000,-1.0000,1.00,10.00,4.00,39.96559541,0.2500,-0.025000,false,NaN,failed,NaN,39.965595,0.335216,Failure,unlike
1.0000,-1.0000,1.00,10.00,4.00,19.96556571,0.2500,-0.050000,false,NaN,failed,NaN,19.965566,0.351549,Failure,unlike
1.0000,-1.0000,1.00,10.00,4.00,9.96550602,0.2500,-0.100000,false,NaN,failed,NaN,9.965506,0.040074,Failure,unlike
1.0000,-1.0000,1.00,10.00,4.00,3.96532440,0.2500,-0.250000,false,NaN,failed,NaN,3.965324,0.050955,Failure,unlike
1.0000,-1.0000,1.00,10.00,4.00,1.96501295,0.2500,-0.500000,false,NaN,failed,NaN,1.965013,0.054781,Failure,unlike
1.0000,-1.0000,1.00,10.00,4.00,0.96435439,0.2500,-1.000000,false,NaN,failed,NaN,0.964354,0.047902,Failure,unlike
1.0000,-1.0000,1.00,10.00,4.00,0.46286733,0.2500,-2.000000,false,NaN,unbound,42.689695,0.465717,0.038570,Success,unlike
1.0000,-1.0000,1.00,10.00,4.00,99.86231042,0.5000,-0.010000,true,NaN,low_ecc_elliptic,0.000000,99.862310,85.397798,Success,unlike
1.0000,-1.0000,1.00,10.00,4.00,39.86202407,0.5000,-0.025000,false,NaN,unbound,21.974897,39.862024,0.182114,Success,unlike
1.0000,-1.0000,1.00,10.00,4.00,19.86154146,0.5000,-0.050000,false,NaN,unbound,10.813485,19.861541,0.166016,Success,unlike
1.0000,-1.0000,1.00,10.00,4.00,9.86055552,0.5000,-0.100000,false,NaN,unbound,5.211666,9.860556,0.150053,Success,unlike
1.0000,-1.0000,1.00,10.00,4.00,3.85741756,0.5000,-0.250000,false,NaN,unbound,1.854942,3.857418,0.143761,Success,unlike
1.0000,-1.0000,1.00,10.00,4.00,1.85146932,0.5000,-0.500000,true,NaN,high_ecc_elliptic,0.750285,1.851469,0.149135,Success,unlike
1.0000,-1.0000,1.00,10.00,4.00,0.83541020,0.5000,-1.000000,true,NaN,moderate_ecc_elliptic,0.222873,0.835410,0.164691,Success,unlike
1.0000,-1.0000,1.00,10.00,4.00,99.44694126,1.0000,-0.010000,true,NaN,low_ecc_elliptic,0.000000,99.446941,84.982872,Success,unlike
1.0000,-1.0000,1.00,10.00,4.00,39.44222210,1.0000,-0.025000,true,NaN,high_ecc_elliptic,0.073125,39.442222,0.560821,Success,unlike
1.0000,-1.0000,1.00,10.00,4.00,19.43398113,1.0000,-0.050000,true,NaN,high_ecc_elliptic,0.034065,19.433981,0.566170,Success,unlike
1.0000,-1.0000,1.00,10.00,4.00,9.41588043,1.0000,-0.100000,true,NaN,high_ecc_elliptic,0.014641,9.415880,0.586541,Success,unlike
1.0000,-1.0000,1.00,10.00,4.00,3.34164079,1.0000,-0.250000,true,NaN,moderate_ecc_elliptic,0.003313,3.341641,0.658395,Success,unlike
1.0000,-1.0000,1.00,10.00,4.00,97.74934555,2.0000,-0.010000,true,NaN,low_ecc_elliptic,0.000000,97.749346,83.293537,Success,unlike
1.0000,-1.0000,1.00,10.00,4.00,37.66352173,2.0000,-0.025000,true,NaN,high_ecc_elliptic,0.000223,37.663522,2.336641,Success,unlike
1.0000,-1.0000,1.00,10.00,4.00,17.48331477,2.0000,-0.050000,true,NaN,high_ecc_elliptic,0.000079,17.483315,2.516686,Success,unlike
1.0000,-1.0000,1.00,10.00,4.00,6.73205081,2.0000,-0.100000,true,NaN,moderate_ecc_elliptic,0.000011,6.732051,3.268049,Success,unlike
1.0000,-1.0000,1.00,10.00,10.00,100.00000000,0.0000,-0.010000,true,NaN,low_ecc_elliptic,0.000000,100.000000,85.544730,Success,unlike
1.0000,-1.0000,1.00,10.00,10.00,40.00000000,0.0000,-0.025000,true,NaN,high_ecc_elliptic,0.016749,40.000000,0.841443,Success,unlike
1.0000,-1.0000,1.00,10.00,10.00,20.00000000,0.0000,-0.050000,true,NaN,high_ecc_elliptic,0.140399,20.000000,0.532371,Success,unlike
1.0000,-1.0000,1.00,10.00,10.00,10.00000000,0.0000,-0.100000,false,NaN,unbound,1.346937,10.000000,0.306256,Success,unlike
1.0000,-1.0000,1.00,10.00,10.00,4.00000000,0.0000,-0.250000,false,NaN,unbound,53.944204,4.000000,0.085690,Success,unlike
1.0000,-1.0000,1.00,10.00,10.00,2.00000000,0.0000,-0.500000,false,NaN,failed,NaN,2.000000,0.055690,Failure,unlike
1.0000,-1.0000,1.00,10.00,10.00,1.00000000,0.0000,-1.000000,false,NaN,failed,NaN,1.000000,0.044502,Failure,unlike
1.0000,-1.0000,1.00,10.00,10.00,0.50000000,0.0000,-2.000000,false,NaN,failed,NaN,0.500000,0.048410,Failure,unlike
1.0000,-1.0000,1.00,10.00,10.00,99.99449970,0.1000,-0.010000,true,NaN,low_ecc_elliptic,0.000000,99.994500,85.539230,Success,unlike
1.0000,-1.0000,1.00,10.00,10.00,39.99449924,0.1000,-0.025000,false,NaN,failed,NaN,39.994499,0.571675,Failure,unlike
1.0000,-1.0000,1.00,10.00,10.00,19.99449849,0.1000,-0.050000,false,NaN,failed,NaN,19.994498,0.322412,Failure,unlike
1.0000,-1.0000,1.00,10.00,10.00,9.99449697,0.1000,-0.100000,false,NaN,failed,NaN,9.994497,0.040941,Failure,unlike
1.0000,-1.0000,1.00,10.00,10.00,3.99449242,0.1000,-0.250000,false,NaN,failed,NaN,3.994492,0.050124,Failure,unlike
1.0000,-1.0000,1.00,10.00,10.00,1.99448479,0.1000,-0.500000,false,NaN,failed,NaN,1.994485,0.049776,Failure,unlike
1.0000,-1.0000,1.00,10.00,10.00,0.99446941,0.1000,-1.000000,false,NaN,failed,NaN,0.994469,0.038574,Failure,unlike
1.0000,-1.0000,1.00,10.00,10.00,0.49443813,0.1000,-2.000000,false,NaN,failed,NaN,0.494438,0.042444,Failure,unlike
1.0000,-1.0000,1.00,10.00,10.00,99.96561318,0.2500,-0.010000,true,NaN,low_ecc_elliptic,0.000000,99.965613,85.510344,Success,unlike
1.0000,-1.0000,1.00,10.00,10.00,39.96559541,0.2500,-0.025000,false,NaN,unbound,2237.341522,39.965595,0.473063,Success,unlike
1.0000,-1.0000,1.00,10.00,10.00,19.96556571,0.2500,-0.050000,false,NaN,unbound,2250.471065,74.647162,0.499514,Success,unlike
1.0000,-1.0000,1.00,10.00,10.00,9.96550602,0.2500,-0.100000,false,73.750000,unbound,1250.406434,16.704088,0.113905,Success,unlike
1.0000,-1.0000,1.00,10.00,10.00,3.96532440,0.2500,-0.250000,false,23.000000,unbound,477.515128,5.837344,0.116410,Success,unlike
1.0000,-1.0000,1.00,10.00,10.00,1.96501295,0.2500,-0.500000,false,NaN,unbound,269.035269,1.965013,0.036744,Success,unlike
1.0000,-1.0000,1.00,10.00,10.00,0.96435439,0.2500,-1.000000,false,NaN,unbound,111.825249,0.964354,0.037484,Success,unlike
1.0000,-1.0000,1.00,10.00,10.00,0.46286733,0.2500,-2.000000,false,NaN,unbound,25.316445,0.462900,0.037995,Success,unlike
1.0000,-1.0000,1.00,10.00,10.00,99.86231042,0.5000,-0.010000,true,NaN,low_ecc_elliptic,0.000000,99.862310,85.407070,Success,unlike
1.0000,-1.0000,1.00,10.00,10.00,39.86202407,0.5000,-0.025000,false,NaN,unbound,19.242175,39.862024,0.409385,Success,unlike
1.0000,-1.0000,1.00,10.00,10.00,19.86154146,0.5000,-0.050000,false,NaN,unbound,9.541877,19.861541,0.142960,Success,unlike
1.0000,-1.0000,1.00,10.00,10.00,9.86055552,0.5000,-0.100000,false,NaN,unbound,4.615084,9.860556,0.148986,Success,unlike
1.0000,-1.0000,1.00,10.00,10.00,3.85741756,0.5000,-0.250000,false,NaN,unbound,1.659576,3.857418,0.143128,Success,unlike
1.0000,-1.0000,1.00,10.00,10.00,1.85146932,0.5000,-0.500000,true,NaN,high_ecc_elliptic,0.683436,1.851469,0.148722,Success,unlike
1.0000,-1.0000,1.00,10.00,10.00,0.83541020,0.5000,-1.000000,true,NaN,moderate_ecc_elliptic,0.210471,0.835410,0.164677,Success,unlike
1.0000,-1.0000,1.00,10.00,10.00,99.44694126,1.0000,-0.010000,true,NaN,low_ecc_elliptic,0.000000,99.446941,84.992184,Success,unlike
1.0000,-1.0000,1.00,10.00,10.00,39.44222210,1.0000,-0.025000,true,NaN,high_ecc_elliptic,0.070800,39.442222,0.599213,Success,unlike
1.0000,-1.0000,1.00,10.00,10.00,19.43398113,1.0000,-0.050000,true,NaN,high_ecc_elliptic,0.033051,19.433981,0.566256,Success,unlike
1.0000,-1.0000,1.00,10.00,10.00,9.41588043,1.0000,-0.100000,true,NaN,high_ecc_elliptic,0.014261,9.415880,0.584673,Success,unlike
1.0000,-1.0000,1.00,10.00,10.00,3.34164079,1.0000,-0.250000,true,NaN,moderate_ecc_elliptic,0.003265,3.341641,0.658383,Success,unlike
1.0000,-1.0000,1.00,10.00,10.00,97.74934555,2.0000,-0.010000,true,NaN,low_ecc_elliptic,0.000000,97.749346,83.303013,Success,unlike
1.0000,-1.0000,1.00,10.00,10.00,37.66352173,2.0000,-0.025000,true,NaN,high_ecc_elliptic,0.000222,37.663522,2.338700,Success,unlike
1.0000,-1.0000,1.00,10.00,10.00,17.48331477,2.0000,-0.050000,true,NaN,high_ecc_elliptic,0.000079,17.483315,2.516694,Success,unlike
1.0000,-1.0000,1.00,10.00,10.00,6.73205081,2.0000,-0.100000,true,NaN,moderate_ecc_elliptic,0.000011,6.732051,3.267957,Success,unlike
1.0000,-1.0000,1.00,10.00,100.00,100.00000000,0.0000,-0.010000,true,NaN,low_ecc_elliptic,0.000000,100.000000,85.546476,Success,unlike
1.0000,-1.0000,1.00,10.00,100.00,40.00000000,0.0000,-0.025000,true,NaN,high_ecc_elliptic,0.016790,40.000000,0.944086,Success,unlike
1.0000,-1.0000,1.00,10.00,100.00,20.00000000,0.0000,-0.050000,true,NaN,high_ecc_elliptic,0.137891,20.000000,0.504129,Success,unlike
1.0000,-1.0000,1.00,10.00,100.00,10.00000000,0.0000,-0.100000,false,NaN,unbound,1.138007,10.000000,0.337834,Success,unlike
1.0000,-1.0000,1.00,10.00,100.00,4.00000000,0.0000,-0.250000,false,NaN,unbound,42.174718,4.000000,0.089222,Success,unlike
1.0000,-1.0000,1.00,10.00,100.00,2.00000000,0.0000,-0.500000,false,NaN,failed,NaN,2.000000,0.051533,Failure,unlike
1.0000,-1.0000,1.00,10.00,100.00,1.00000000,0.0000,-1.000000,false,NaN,failed,NaN,1.000000,0.042610,Failure,unlike
1.0000,-1.0000,1.00,10.00,100.00,0.50000000,0.0000,-2.000000,false,NaN,failed,NaN,0.500000,0.040298,Failure,unlike
1.0000,-1.0000,1.00,10.00,100.00,99.99449970,0.1000,-0.010000,true,NaN,low_ecc_elliptic,0.000000,99.994500,85.540975,Success,unlike
1.0000,-1.0000,1.00,10.00,100.00,39.99449924,0.1000,-0.025000,false,NaN,failed,NaN,39.994499,0.695626,Failure,unlike
1.0000,-1.0000,1.00,10.00,100.00,19.99449849,0.1000,-0.050000,false,NaN,failed,NaN,19.994498,0.200475,Failure,unlike
1.0000,-1.0000,1.00,10.00,100.00,9.99449697,0.1000,-0.100000,false,NaN,failed,NaN,9.994497,0.069515,Failure,unlike
1.0000,-1.0000,1.00,10.00,100.00,3.99449242,0.1000,-0.250000,false,NaN,failed,NaN,3.994492,0.057635,Failure,unlike
1.0000,-1.0000,1.00,10.00,100.00,1.99448479,0.1000,-0.500000,false,NaN,failed,NaN,1.994485,0.046713,Failure,unlike
1.0000,-1.0000,1.00,10.00,100.00,0.99446941,0.1000,-1.000000,false,NaN,failed,NaN,0.994469,0.037974,Failure,unlike
1.0000,-1.0000,1.00,10.00,100.00,0.49443813,0.1000,-2.000000,false,NaN,failed,NaN,0.494438,0.035619,Failure,unlike
1.0000,-1.0000,1.00,10.00,100.00,99.96561318,0.2500,-0.010000,true,NaN,low_ecc_elliptic,0.000000,99.965613,85.512091,Success,unlike
1.0000,-1.0000,1.00,10.00,100.00,39.96559541,0.2500,-0.025000,false,NaN,unbound,4569.877960,39.965595,0.298993,Success,unlike
1.0000,-1.0000,1.00,10.00,100.00,19.96556571,0.2500,-0.050000,false,NaN,unbound,1842.464304,29.788320,0.496536,Success,unlike
1.0000,-1.0000,1.00,10.00,100.00,9.96550602,0.2500,-0.100000,false,64.500000,unbound,1145.913371,10.055480,0.050152,Success,unlike
1.0000,-1.0000,1.00,10.00,100.00,3.96532440,0.2500,-0.250000,false,24.750000,unbound,418.526393,5.651209,0.039611,Success,unlike
1.0000,-1.0000,1.00,10.00,100.00,1.96501295,0.2500,-0.500000,false,6.375000,unbound,211.124916,2.072505,0.038455,Success,unlike
1.0000,-1.0000,1.00,10.00,100.00,0.96435439,0.2500,-1.000000,false,4.215000,unbound,95.149787,0.972498,0.037508,Success,unlike
1.0000,-1.0000,1.00,10.00,100.00,0.46286733,0.2500,-2.000000,false,NaN,unbound,23.226686,0.462867,0.037932,Success,unlike
1.0000,-1.0000,1.00,10.00,100.00,99.86231042,0.5000,-0.010000,true,NaN,low_ecc_elliptic,0.000000,99.862310,85.408818,Success,unlike
1.0000,-1.0000,1.00,10.00,100.00,39.86202407,0.5000,-0.025000,false,NaN,unbound,18.921429,39.862024,0.260804,Success,unlike
1.0000,-1.0000,1.00,10.00,100.00,19.86154146,0.5000,-0.050000,false,NaN,unbound,9.307513,19.861541,0.310054,Success,unlike
1.0000,-1.0000,1.00,10.00,100.00,9.86055552,0.5000,-0.100000,false,NaN,unbound,4.502200,9.860556,0.142754,Success,unlike
1.0000,-1.0000,1.00,10.00,100.00,3.85741756,0.5000,-0.250000,false,NaN,unbound,1.623215,3.857418,0.142782,Success,unlike
1.0000,-1.0000,1.00,10.00,100.00,1.85146932,0.5000,-0.500000,true,NaN,high_ecc_elliptic,0.670859,1.851469,0.148629,Success,unlike
1.0000,-1.0000,1.00,10.00,100.00,0.83541020,0.5000,-1.000000,true,NaN,moderate_ecc_elliptic,0.208127,0.835410,0.164674,Success,unlike
1.0000,-1.0000,1.00,10.00,100.00,99.44694126,1.0000,-0.010000,true,NaN,low_ecc_elliptic,0.000000,99.446941,84.993940,Success,unlike
1.0000,-1.0000,1.00,10.00,100.00,39.44222210,1.0000,-0.025000,true,NaN,high_ecc_elliptic,0.070371,39.442222,0.569970,Success,unlike
1.0000,-1.0000,1.00,10.00,100.00,19.43398113,1.0000,-0.050000,true,NaN,high_ecc_elliptic,0.032860,19.433981,0.585283,Success,unlike
1.0000,-1.0000,1.00,10.00,100.00,9.41588043,1.0000,-0.100000,true,NaN,high_ecc_elliptic,0.014190,9.415880,0.584294,Success,unlike
1.0000,-1.0000,1.00,10.00,100.00,3.34164079,1.0000,-0.250000,true,NaN,moderate_ecc_elliptic,0.003256,3.341641,0.658368,Success,unlike
1.0000,-1.0000,1.00,10.00,100.00,97.74934555,2.0000,-0.010000,true,NaN,low_ecc_elliptic,0.000000,97.749346,83.304800,Success,unlike
1.0000,-1.0000,1.00,10.00,100.00,37.66352173,2.0000,-0.025000,true,NaN,high_ecc_elliptic,0.000222,37.663522,2.337119,Success,unlike
1.0000,-1.0000,1.00,10.00,100.00,17.48331477,2.0000,-0.050000,true,NaN,high_ecc_elliptic,0.000078,17.483315,2.517476,Success,unlike
1.0000,-1.0000,1.00,10.00,100.00,6.73205081,2.0000,-0.100000,true,NaN,moderate_ecc_elliptic,0.000011,6.732051,3.267952,Success,unlike
1.0000,-1.0000,1.00,100.00,1.00,100.00000000,0.0000,-0.010000,true,NaN,low_ecc_elliptic,0.000000,100.000000,86.640920,Success,unlike
1.0000,-1.0000,1.00,100.00,1.00,40.00000000,0.0000,-0.025000,true,NaN,high_ecc_elliptic,0.006918,40.000000,1.194456,Success,unlike
1.0000,-1.0000,1.00,100.00,1.00,20.00000000,0.0000,-0.050000,true,NaN,high_ecc_elliptic,0.036211,20.000000,0.991906,Success,unlike
1.0000,-1.0000,1.00,100.00,1.00,10.00000000,0.0000,-0.100000,true,NaN,high_ecc_elliptic,0.228717,10.000000,0.334604,Success,unlike
1.0000,-1.0000,1.00,100.00,1.00,4.00000000,0.0000,-0.250000,false,NaN,failed,NaN,4.000000,0.099470,Failure,unlike
1.0000,-1.0000,1.00,100.00,1.00,2.00000000,0.0000,-0.500000,false,NaN,failed,NaN,2.000000,0.092806,Failure,unlike
1.0000,-1.0000,1.00,100.00,1.00,1.00000000,0.0000,-1.000000,false,NaN,failed,NaN,1.000000,0.067735,Failure,unlike
1.0000,-1.0000,1.00,100.00,1.00,0.50000000,0.0000,-2.000000,false,NaN,failed,NaN,0.500000,0.085074,Failure,unlike
1.0000,-1.0000,1.00,100.00,1.00,99.99494974,0.1000,-0.010000,true,NaN,low_ecc_elliptic,0.000000,99.994950,86.635862,Success,unlike
1.0000,-1.0000,1.00,100.00,1.00,39.99494936,0.1000,-0.025000,false,NaN,failed,NaN,39.994949,0.917734,Failure,unlike
1.0000,-1.0000,1.00,100.00,1.00,19.99494872,0.1000,-0.050000,false,NaN,failed,NaN,19.994949,0.251294,Failure,unlike
1.0000,-1.0000,1.00,100.00,1.00,9.99494745,0.1000,-0.100000,false,NaN,failed,NaN,9.994947,0.261090,Failure,unlike
1.0000,-1.0000,1.00,100.00,1.00,3.99494361,0.1000,-0.250000,false,NaN,failed,NaN,3.994944,0.125225,Failure,unlike
1.0000,-1.0000,1.00,100.00,1.00,1.99493718,0.1000,-0.500000,false,NaN,failed,NaN,1.994937,0.125223,Failure,unlike
1.0000,-1.0000,1.00,100.00,1.00,0.99492424,0.1000,-1.000000,false,NaN,failed,NaN,0.994924,0.114727,Failure,unlike
1.0000,-1.0000,1.00,100.00,1.00,0.49489794,0.1000,-2.000000,false,NaN,failed,NaN,0.494898,0.061063,Failure,unlike
1.0000,-1.0000,1.00,100.00,1.00,99.96842753,0.2500,-0.010000,true,NaN,low_ecc_elliptic,0.000000,99.968428,86.609300,Success,unlike
1.0000,-1.0000,1.00,100.00,1.00,39.96841256,0.2500,-0.025000,false,NaN,failed,NaN,39.968413,0.864080,Failure,unlike
1.0000,-1.0000,1.00,100.00,1.00,19.96838753,0.2500,-0.050000,false,NaN,failed,NaN,19.968388,0.095984,Failure,unlike
1.0000,-1.0000,1.00,100.00,1.00,9.96833725,0.2500,-0.100000,false,NaN,failed,NaN,9.968337,0.123930,Failure,unlike
1.0000,-1.0000,1.00,100.00,1.00,3.96818444,0.2500,-0.250000,false,NaN,failed,NaN,3.968184,0.121035,Failure,unlike
1.0000,-1.0000,1.00,100.00,1.00,1.96792303,0.2500,-0.500000,false,NaN,failed,NaN,1.967923,0.090705,Failure,unlike
1.0000,-1.0000,1.00,100.00,1.00,0.96737298,0.2500,-1.000000,false,NaN,failed,NaN,0.967373,0.113705,Failure,unlike
1.0000,-1.0000,1.00,100.00,1.00,0.46614521,0.2500,-2.000000,false,NaN,failed,NaN,0.466145,0.080607,Failure,unlike
1.0000,-1.0000,1.00,100.00,1.00,99.87359021,0.5000,-0.010000,true,NaN,low_ecc_elliptic,0.000000,99.873590,86.514339,Success,unlike
1.0000,-1.0000,1.00,100.00,1.00,39.87334899,0.5000,-0.025000,false,NaN,unbound,74.991331,39.873349,0.469724,Success,unlike
1.0000,-1.0000,1.00,100.00,1.00,19.87294282,0.5000,-0.050000,false,189.000000,unbound,37.237870,19.875801,0.731180,Success,unlike
1.0000,-1.0000,1.00,100.00,1.00,9.87211453,0.5000,-0.100000,false,64.500000,unbound,19.007738,9.873163,0.147944,Success,unlike
1.0000,-1.0000,1.00,100.00,1.00,3.86949191,0.5000,-0.250000,false,14.840000,unbound,6.666844,3.869515,0.131044,Success,unlike
1.0000,-1.0000,1.00,100.00,1.00,1.86458082,0.5000,-0.500000,false,NaN,unbound,2.531262,1.864581,0.136385,Success,unlike
1.0000,-1.0000,1.00,100.00,1.00,0.85178118,0.5000,-1.000000,true,NaN,high_ecc_elliptic,0.647468,0.851781,0.148427,Success,unlike
1.0000,-1.0000,1.00,100.00,1.00,99.49242366,1.0000,-0.010000,true,NaN,low_ecc_elliptic,0.000000,99.492424,86.132958,Success,unlike
1.0000,-1.0000,1.00,100.00,1.00,39.48845812,1.0000,-0.025000,true,NaN,high_ecc_elliptic,0.148973,39.488458,0.722623,Success,unlike
1.0000,-1.0000,1.00,100.00,1.00,19.48156105,1.0000,-0.050000,true,NaN,high_ecc_elliptic,0.068433,19.481561,0.540204,Success,unlike
1.0000,-1.0000,1.00,100.00,1.00,9.46654229,1.0000,-0.100000,true,NaN,high_ecc_elliptic,0.028606,9.466542,0.533684,Success,unlike
1.0000,-1.0000,1.00,100.00,1.00,3.40712473,1.0000,-0.250000,true,NaN,high_ecc_elliptic,0.006038,3.407125,0.593007,Success,unlike
1.0000,-1.0000,1.00,100.00,1.00,97.93745926,2.0000,-0.010000,true,NaN,low_ecc_elliptic,0.000000,97.937459,84.581987,Success,unlike
1.0000,-1.0000,1.00,100.00,1.00,37.86616915,2.0000,-0.025000,true,NaN,high_ecc_elliptic,0.000332,37.866169,2.134035,Success,unlike
1.0000,-1.0000,1.00,100.00,1.00,17.72010363,2.0000,-0.050000,true,NaN,high_ecc_elliptic,0.000118,17.720104,2.280509,Success,unlike
1.0000,-1.0000,1.00,100.00,1.00,7.19089023,2.0000,-0.100000,true,NaN,moderate_ecc_elliptic,0.000021,7.190890,2.809240,Success,unlike
1.0000,-1.0000,1.00,100.00,2.00,100.00000000,0.0000,-0.010000,true,NaN,low_ecc_elliptic,0.000000,100.000000,86.751017,Success,unlike
1.0000,-1.0000,1.00,100.00,2.00,40.00000000,0.0000,-0.025000,true,NaN,high_ecc_elliptic,0.011529,40.000000,1.106432,Success,unlike
1.0000,-1.0000,1.00,100.00,2.00,20.00000000,0.0000,-0.050000,true,NaN,high_ecc_elliptic,0.077108,20.000000,0.559302,Success,unlike
1.0000,-1.0000,1.00,100.00,2.00,10.00000000,0.0000,-0.100000,true,NaN,high_ecc_elliptic,0.549752,10.000000,0.210134,Success,unlike
1.0000,-1.0000,1.00,100.00,2.00,4.00000000,0.0000,-0.250000,false,NaN,failed,NaN,4.000000,0.085654,Failure,unlike
1.0000,-1.0000,1.00,100.00,2.00,2.00000000,0.0000,-0.500000,false,NaN,failed,NaN,2.000000,0.086586,Failure,unlike
1.0000,-1.0000,1.00,100.00,2.00,1.00000000,0.0000,-1.000000,false,NaN,failed,NaN,1.000000,0.085861,Failure,unlike
1.0000,-1.0000,1.00,100.00,2.00,0.50000000,0.0000,-2.000000,false,NaN,failed,NaN,0.500000,0.039562,Failure,unlike
1.0000,-1.0000,1.00,100.00,2.00,99.99494974,0.1000,-0.010000,true,NaN,low_ecc_elliptic,0.000000,99.994950,86.745965,Success,unlike
1.0000,-1.0000,1.00,100.00,2.00,39.99494936,0.1000,-0.025000,false,NaN,failed,NaN,39.994949,0.678090,Failure,unlike
1.0000,-1.0000,1.00,100.00,2.00,19.99494872,0.1000,-0.050000,false,NaN,failed,NaN,19.994949,0.342454,Failure,unlike
1.0000,-1.0000,1.00,100.00,2.00,9.99494745,0.1000,-0.100000,false,NaN,failed,NaN,9.994947,0.146969,Failure,unlike
1.0000,-1.0000,1.00,100.00,2.00,3.99494361,0.1000,-0.250000,false,NaN,failed,NaN,3.994944,0.065825,Failure,unlike
1.0000,-1.0000,1.00,100.00,2.00,1.99493718,0.1000,-0.500000,false,NaN,failed,NaN,1.994937,0.068150,Failure,unlike
1.0000,-1.0000,1.00,100.00,2.00,0.99492424,0.1000,-1.000000,false,NaN,failed,NaN,0.994924,0.069300,Failure,unlike
1.0000,-1.0000,1.00,100.00,2.00,0.49489794,0.1000,-2.000000,false,NaN,failed,NaN,0.494898,0.072376,Failure,unlike
1.0000,-1.0000,1.00,100.00,2.00,99.96842753,0.2500,-0.010000,true,NaN,low_ecc_elliptic,0.000000,99.968428,86.719434,Success,unlike
1.0000,-1.0000,1.00,100.00,2.00,39.96841256,0.2500,-0.025000,false,NaN,failed,NaN,39.968413,0.643353,Failure,unlike
1.0000,-1.0000,1.00,100.00,2.00,19.96838753,0.2500,-0.050000,false,NaN,failed,NaN,19.968388,0.299650,Failure,unlike
1.0000,-1.0000,1.00,100.00,2.00,9.96833725,0.2500,-0.100000,false,NaN,failed,NaN,9.968337,0.080258,Failure,unlike
1.0000,-1.0000,1.00,100.00,2.00,3.96818444,0.2500,-0.250000,false,NaN,failed,NaN,3.968184,0.078913,Failure,unlike
1.0000,-1.0000,1.00,100.00,2.00,1.96792303,0.2500,-0.500000,false,NaN,failed,NaN,1.967923,0.083019,Failure,unlike
1.0000,-1.0000,1.00,100.00,2.00,0.96737298,0.2500,-1.000000,false,NaN,failed,NaN,0.967373,0.048457,Failure,unlike
1.0000,-1.0000,1.00,100.00,2.00,0.46614521,0.2500,-2.000000,false,NaN,failed,NaN,0.466145,0.050245,Failure,unlike
1.0000,-1.0000,1.00,100.00,2.00,99.87359021,0.5000,-0.010000,true,NaN,low_ecc_elliptic,0.000000,99.873590,86.624583,Success,unlike
1.0000,-1.0000,1.00,100.00,2.00,39.87334899,0.5000,-0.025000,false,NaN,unbound,40.376126,39.873349,0.310240,Success,unlike
1.0000,-1.0000,1.00,100.00,2.00,19.87294282,0.5000,-0.050000,false,NaN,unbound,19.733464,19.872943,0.150987,Success,unlike
1.0000,-1.0000,1.00,100.00,2.00,9.87211453,0.5000,-0.100000,false,NaN,unbound,9.485791,9.872115,0.167489,Success,unlike
1.0000,-1.0000,1.00,100.00,2.00,3.86949191,0.5000,-0.250000,false,NaN,unbound,3.340386,3.869492,0.130668,Success,unlike
1.0000,-1.0000,1.00,100.00,2.00,1.86458082,0.5000,-0.500000,false,NaN,unbound,1.328485,1.864581,0.135705,Success,unlike
1.0000,-1.0000,1.00,100.00,2.00,0.85178118,0.5000,-1.000000,true,NaN,high_ecc_elliptic,0.385912,0.851781,0.148340,Success,unlike
1.0000,-1.0000,1.00,100.00,2.00,99.49242366,1.0000,-0.010000,true,NaN,low_ecc_elliptic,0.000000,99.492424,86.243642,Success,unlike
1.0000,-1.0000,1.00,100.00,2.00,39.48845812,1.0000,-0.025000,true,NaN,high_ecc_elliptic,0.105803,39.488458,0.540804,Success,unlike
1.0000,-1.0000,1.00,100.00,2.00,19.48156105,1.0000,-0.050000,true,NaN,high_ecc_elliptic,0.049306,19.481561,0.518456,Success,unlike
1.0000,-1.0000,1.00,100.00,2.00,9.46654229,1.0000,-0.100000,true,NaN,high_ecc_elliptic,0.021247,9.466542,0.545878,Success,unlike
1.0000,-1.0000,1.00,100.00,2.00,3.40712473,1.0000,-0.250000,true,NaN,high_ecc_elliptic,0.004961,3.407125,0.600891,Success,unlike
1.0000,-1.0000,1.00,100.00,2.00,97.93745926,2.0000,-0.010000,true,NaN,low_ecc_elliptic,0.000000,97.937459,84.694455,Success,unlike
1.0000,-1.0000,1.00,100.00,2.00,37.86616915,2.0000,-0.025000,true,NaN,high_ecc_elliptic,0.000303,37.866169,2.135746,Success,unlike
1.0000,-1.0000,1.00,100.00,2.00,17.72010363,2.0000,-0.050000,true,NaN,high_ecc_elliptic,0.000110,17.720104,2.280422,Success,unlike
1.0000,-1.0000,1.00,100.00,2.00,7.19089023,2.0000,-0.100000,true,NaN,moderate_ecc_elliptic,0.000020,7.190890,2.809115,Success,unlike
1.0000,-1.0000,1.00,100.00,4.00,100.00000000,0.0000,-0.010000,true,NaN,low_ecc_elliptic,0.000000,100.000000,86.778514,Success,unlike
1.0000,-1.0000,1.00,100.00,4.00,40.00000000,0.0000,-0.025000,true,NaN,high_ecc_elliptic,0.014342,40.000000,1.001224,Success,unlike
1.0000,-1.0000,1.00,100.00,4.00,20.00000000,0.0000,-0.050000,true,NaN,high_ecc_elliptic,0.109371,20.000000,0.496027,Success,unlike
1.0000,-1.0000,1.00,100.00,4.00,10.00000000,0.0000,-0.100000,true,NaN,high_ecc_elliptic,0.966709,10.000000,0.204134,Success,unlike
1.0000,-1.0000,1.00,100.00,4.00,4.00000000,0.0000,-0.250000,false,NaN,unbound,70.375875,4.000000,0.081439,Success,unlike
1.0000,-1.0000,1.00,100.00,4.00,2.00000000,0.0000,-0.500000,false,NaN,failed,NaN,2.000000,0.041655,Failure,unlike
1.0000,-1.0000,1.00,100.00,4.00,1.00000000,0.0000,-1.000000,false,NaN,failed,NaN,1.000000,0.067118,Failure,unlike
1.0000,-1.0000,1.00,100.00,4.00,0.50000000,0.0000,-2.000000,false,NaN,failed,NaN,0.500000,0.058449,Failure,unlike
1.0000,-1.0000,1.00,100.00,4.00,99.99494974,0.1000,-0.010000,true,NaN,low_ecc_elliptic,0.000000,99.994950,86.773463,Success,unlike
1.0000,-1.0000,1.00,100.00,4.00,39.99494936,0.1000,-0.025000,false,NaN,failed,NaN,39.994949,0.241404,Failure,unlike
1.0000,-1.0000,1.00,100.00,4.00,19.99494872,0.1000,-0.050000,false,NaN,failed,NaN,19.994949,0.221445,Failure,unlike
1.0000,-1.0000,1.00,100.00,4.00,9.99494745,0.1000,-0.100000,false,NaN,failed,NaN,9.994947,0.050098,Failure,unlike
1.0000,-1.0000,1.00,100.00,4.00,3.99494361,0.1000,-0.250000,false,NaN,failed,NaN,3.994944,0.072864,Failure,unlike
1.0000,-1.0000,1.00,100.00,4.00,1.99493718,0.1000,-0.500000,false,NaN,failed,NaN,1.994937,0.073431,Failure,unlike
1.0000,-1.0000,1.00,100.00,4.00,0.99492424,0.1000,-1.000000,false,NaN,failed,NaN,0.994924,0.058147,Failure,unlike
1.0000,-1.0000,1.00,100.00,4.00,0.49489794,0.1000,-2.000000,false,NaN,failed,NaN,0.494898,0.049317,Failure,unlike
1.0000,-1.0000,1.00,100.00,4.00,99.96842753,0.2500,-0.010000,true,NaN,low_ecc_elliptic,0.000000,99.968428,86.746940,Success,unlike
1.0000,-1.0000,1.00,100.00,4.00,39.96841256,0.2500,-0.025000,false,NaN,failed,NaN,39.968413,0.212444,Failure,unlike
1.0000,-1.0000,1.00,100.00,4.00,19.96838753,0.2500,-0.050000,false,NaN,failed,NaN,19.968388,0.192320,Failure,unlike
1.0000,-1.0000,1.00,100.00,4.00,9.96833725,0.2500,-0.100000,false,NaN,failed,NaN,9.968337,0.035058,Failure,unlike
1.0000,-1.0000,1.00,100.00,4.00,3.96818444,0.2500,-0.250000,false,NaN,failed,NaN,3.968184,0.045992,Failure,unlike
1.0000,-1.0000,1.00,100.00,4.00,1.96792303,0.2500,-0.500000,false,NaN,failed,NaN,1.967923,0.046730,Failure,unlike
1.0000,-1.0000,1.00,100.00,4.00,0.96737298,0.2500,-1.000000,false,NaN,failed,NaN,0.967373,0.038087,Failure,unlike
1.0000,-1.0000,1.00,100.00,4.00,0.46614521,0.2500,-2.000000,false,1.410608,failed,NaN,0.511365,0.036155,Failure,unlike
1.0000,-1.0000,1.00,100.00,4.00,99.87359021,0.5000,-0.010000,true,NaN,low_ecc_elliptic,0.000000,99.873590,86.652117,Success,unlike
1.0000,-1.0000,1.00,100.00,4.00,39.87334899,0.5000,-0.025000,false,NaN,unbound,28.513080,39.873349,0.443965,Success,unlike
1.0000,-1.0000,1.00,100.00,4.00,19.87294282,0.5000,-0.050000,false,NaN,unbound,13.974589,19.872943,0.199946,Success,unlike
1.0000,-1.0000,1.00,100.00,4.00,9.87211453,0.5000,-0.100000,false,NaN,unbound,6.774206,9.872115,0.268602,Success,unlike
1.0000,-1.0000,1.00,100.00,4.00,3.86949191,0.5000,-0.250000,false,NaN,unbound,2.435995,3.869492,0.131333,Success,unlike
1.0000,-1.0000,1.00,100.00,4.00,1.86458082,0.5000,-0.500000,false,NaN,unbound,1.005150,1.864581,0.135574,Success,unlike
1.0000,-1.0000,1.00,100.00,4.00,0.85178118,0.5000,-1.000000,true,NaN,high_ecc_elliptic,0.317297,0.851781,0.148326,Success,unlike
1.0000,-1.0000,1.00,100.00,4.00,99.49242366,1.0000,-0.010000,true,NaN,low_ecc_elliptic,0.000000,99.492424,86.271285,Success,unlike
1.0000,-1.0000,1.00,100.00,4.00,39.48845812,1.0000,-0.025000,true,NaN,high_ecc_elliptic,0.094999,39.488458,0.562784,Success,unlike
1.0000,-1.0000,1.00,100.00,4.00,19.48156105,1.0000,-0.050000,true,NaN,high_ecc_elliptic,0.044529,19.481561,0.522517,Success,unlike
1.0000,-1.0000,1.00,100.00,4.00,9.46654229,1.0000,-0.100000,true,NaN,high_ecc_elliptic,0.019407,9.466542,0.535790,Success,unlike
1.0000,-1.0000,1.00,100.00,4.00,3.40712473,1.0000,-0.250000,true,NaN,high_ecc_elliptic,0.004692,3.407125,0.592900,Success,unlike
1.0000,-1.0000,1.00,100.00,4.00,97.93745926,2.0000,-0.010000,true,NaN,low_ecc_elliptic,0.000000,97.937459,84.722542,Success,unlike
1.0000,-1.0000,1.00,100.00,4.00,37.86616915,2.0000,-0.025000,true,NaN,high_ecc_elliptic,0.000296,37.866169,2.136412,Success,unlike
1.0000,-1.0000,1.00,100.00,4.00,17.72010363,2.0000,-0.050000,true,NaN,high_ecc_elliptic,0.000109,17.720104,2.280040,Success,unlike
1.0000,-1.0000,1.00,100.00,4.00,7.19089023,2.0000,-0.100000,true,NaN,moderate_ecc_elliptic,0.000020,7.190890,2.809112,Success,unlike
1.0000,-1.0000,1.00,100.00,10.00,100.00000000,0.0000,-0.010000,true,NaN,low_ecc_elliptic,0.000000,100.000000,86.786211,Success,unlike
1.0000,-1.0000,1.00,100.00,10.00,40.00000000,0.0000,-0.025000,true,NaN,high_ecc_elliptic,0.015267,40.000000,1.085627,Success,unlike
1.0000,-1.0000,1.00,100.00,10.00,20.00000000,0.0000,-0.050000,true,NaN,high_ecc_elliptic,0.122134,20.000000,0.501902,Success,unlike
1.0000,-1.0000,1.00,100.00,10.00,10.00000000,0.0000,-0.100000,false,NaN,unbound,1.234607,10.000000,0.351472,Success,unlike
1.0000,-1.0000,1.00,100.00,10.00,4.00000000,0.0000,-0.250000,false,NaN,unbound,49.822116,4.000000,0.084600,Success,unlike
1.0000,-1.0000,1.00,100.00,10.00,2.00000000,0.0000,-0.500000,false,NaN,failed,NaN,2.000000,0.061529,Failure,unlike
1.0000,-1.0000,1.00,100.00,10.00,1.00000000,0.0000,-1.000000,false,NaN,failed,NaN,1.000000,0.053908,Failure,unlike
1.0000,-1.0000,1.00,100.00,10.00,0.50000000,0.0000,-2.000000,false,NaN,failed,NaN,0.500000,0.051847,Failure,unlike
1.0000,-1.0000,1.00,100.00,10.00,99.99494974,0.1000,-0.010000,true,NaN,low_ecc_elliptic,0.000000,99.994950,86.781161,Success,unlike
1.0000,-1.0000,1.00,100.00,10.00,39.99494936,0.1000,-0.025000,false,NaN,failed,NaN,39.994949,0.423884,Failure,unlike
1.0000,-1.0000,1.00,100.00,10.00,19.99494872,0.1000,-0.050000,false,NaN,failed,NaN,19.994949,0.041310,Failure,unlike
1.0000,-1.0000,1.00,100.00,10.00,9.99494745,0.1000,-0.100000,false,NaN,failed,NaN,9.994947,0.144754,Failure,unlike
1.0000,-1.0000,1.00,100.00,10.00,3.99494361,0.1000,-0.250000,false,NaN,failed,NaN,3.994944,0.050840,Failure,unlike
1.0000,-1.0000,1.00,100.00,10.00,1.99493718,0.1000,-0.500000,false,NaN,failed,NaN,1.994937,0.056143,Failure,unlike
1.0000,-1.0000,1.00,100.00,10.00,0.99492424,0.1000,-1.000000,false,NaN,failed,NaN,0.994924,0.048504,Failure,unlike
1.0000,-1.0000,1.00,100.00,10.00,0.49489794,0.1000,-2.000000,false,NaN,failed,NaN,0.494898,0.046415,Failure,unlike
1.0000,-1.0000,1.00,100.00,10.00,99.96842753,0.2500,-0.010000,true,NaN,low_ecc_elliptic,0.000000,99.968428,86.754640,Success,unlike
1.0000,-1.0000,1.00,100.00,10.00,39.96841256,0.2500,-0.025000,false,NaN,unbound,2826.893714,39.968413,0.134982,Success,unlike
1.0000,-1.0000,1.00,100.00,10.00,19.96838753,0.2500,-0.050000,false,NaN,unbound,3183.083946,26.694040,0.112050,Success,unlike
1.0000,-1.0000,1.00,100.00,10.00,9.96833725,0.2500,-0.100000,false,173.000000,unbound,1608.294007,18.272195,0.068482,Success,unlike
1.0000,-1.0000,1.00,100.00,10.00,3.96818444,0.2500,-0.250000,false,24.380000,unbound,654.430752,4.861443,0.079805,Success,unlike
1.0000,-1.0000,1.00,100.00,10.00,1.96792303,0.2500,-0.500000,false,8.010000,unbound,283.325175,2.770195,0.051587,Success,unlike
1.0000,-1.0000,1.00,100.00,10.00,0.96737298,0.2500,-1.000000,false,NaN,unbound,149.848912,0.967373,0.035469,Success,unlike
1.0000,-1.0000,1.00,100.00,10.00,0.46614521,0.2500,-2.000000,false,2.295657,unbound,37.008509,0.466967,0.035047,Success,unlike
1.0000,-1.0000,1.00,100.00,10.00,99.87359021,0.5000,-0.010000,true,NaN,low_ecc_elliptic,0.000000,99.873590,86.659824,Success,unlike
1.0000,-1.0000,1.00,100.00,10.00,39.87334899,0.5000,-0.025000,false,NaN,unbound,24.883012,39.873349,0.149666,Success,unlike
1.0000,-1.0000,1.00,100.00,10.00,19.87294282,0.5000,-0.050000,false,NaN,unbound,12.361983,19.872943,0.135015,Success,unlike
1.0000,-1.0000,1.00,100.00,10.00,9.87211453,0.5000,-0.100000,false,NaN,unbound,5.994402,9.872115,0.209710,Success,unlike
1.0000,-1.0000,1.00,100.00,10.00,3.86949191,0.5000,-0.250000,false,NaN,unbound,2.176670,3.869492,0.132560,Success,unlike
1.0000,-1.0000,1.00,100.00,10.00,1.86458082,0.5000,-0.500000,true,NaN,high_ecc_elliptic,0.912896,1.864581,0.135527,Success,unlike
1.0000,-1.0000,1.00,100.00,10.00,0.85178118,0.5000,-1.000000,true,NaN,high_ecc_elliptic,0.297862,0.851781,0.148318,Success,unlike
1.0000,-1.0000,1.00,100.00,10.00,99.49242366,1.0000,-0.010000,true,NaN,low_ecc_elliptic,0.000000,99.492424,86.279024,Success,unlike
1.0000,-1.0000,1.00,100.00,10.00,39.48845812,1.0000,-0.025000,true,NaN,high_ecc_elliptic,0.091966,39.488458,0.513005,Success,unlike
1.0000,-1.0000,1.00,100.00,10.00,19.48156105,1.0000,-0.050000,true,NaN,high_ecc_elliptic,0.043189,19.481561,0.518865,Success,unlike
1.0000,-1.0000,1.00,100.00,10.00,9.46654229,1.0000,-0.100000,true,NaN,high_ecc_elliptic,0.018892,9.466542,0.539298,Success,unlike
1.0000,-1.0000,1.00,100.00,10.00,3.40712473,1.0000,-0.250000,true,NaN,high_ecc_elliptic,0.004617,3.407125,0.592924,Success,unlike
1.0000,-1.0000,1.00,100.00,10.00,97.93745926,2.0000,-0.010000,true,NaN,low_ecc_elliptic,0.000000,97.937459,84.730405,Success,unlike
1.0000,-1.0000,1.00,100.00,10.00,37.86616915,2.0000,-0.025000,true,NaN,high_ecc_elliptic,0.000294,37.866169,2.133907,Success,unlike
1.0000,-1.0000,1.00,100.00,10.00,17.72010363,2.0000,-0.050000,true,NaN,high_ecc_elliptic,0.000108,17.720104,2.279914,Success,unlike
1.0000,-1.0000,1.00,100.00,10.00,7.19089023,2.0000,-0.100000,true,NaN,moderate_ecc_elliptic,0.000020,7.190890,2.809210,Success,unlike
1.0000,-1.0000,1.00,100.00,100.00,100.00000000,0.0000,-0.010000,true,NaN,low_ecc_elliptic,0.000000,100.000000,86.787663,Success,unlike
1.0000,-1.0000,1.00,100.00,100.00,40.00000000,0.0000,-0.025000,true,NaN,high_ecc_elliptic,0.015026,40.000000,1.142033,Success,unlike
1.0000,-1.0000,1.00,100.00,100.00,20.00000000,0.0000,-0.050000,true,NaN,high_ecc_elliptic,0.125472,20.000000,0.724407,Success,unlike
1.0000,-1.0000,1.00,100.00,100.00,10.00000000,0.0000,-0.100000,false,NaN,unbound,1.148935,10.000000,0.222154,Success,unlike
1.0000,-1.0000,1.00,100.00,100.00,4.00000000,0.0000,-0.250000,false,NaN,unbound,53.828183,4.000000,0.083994,Success,unlike
1.0000,-1.0000,1.00,100.00,100.00,2.00000000,0.0000,-0.500000,false,NaN,failed,NaN,2.000000,0.053859,Failure,unlike
1.0000,-1.0000,1.00,100.00,100.00,1.00000000,0.0000,-1.000000,false,NaN,failed,NaN,1.000000,0.049056,Failure,unlike
1.0000,-1.0000,1.00,100.00,100.00,0.50000000,0.0000,-2.000000,false,NaN,failed,NaN,0.500000,0.040336,Failure,unlike
1.0000,-1.0000,1.00,100.00,100.00,99.99494974,0.1000,-0.010000,true,NaN,low_ecc_elliptic,0.000000,99.994950,86.782612,Success,unlike
1.0000,-1.0000,1.00,100.00,100.00,39.99494936,0.1000,-0.025000,false,NaN,failed,NaN,39.994949,0.555040,Failure,unlike
1.0000,-1.0000,1.00,100.00,100.00,19.99494872,0.1000,-0.050000,false,NaN,failed,NaN,19.994949,0.226439,Failure,unlike
1.0000,-1.0000,1.00,100.00,100.00,9.99494745,0.1000,-0.100000,false,NaN,failed,NaN,9.994947,0.152560,Failure,unlike
1.0000,-1.0000,1.00,100.00,100.00,3.99494361,0.1000,-0.250000,false,NaN,failed,NaN,3.994944,0.053015,Failure,unlike
1.0000,-1.0000,1.00,100.00,100.00,1.99493718,0.1000,-0.500000,false,NaN,failed,NaN,1.994937,0.049346,Failure,unlike
1.0000,-1.0000,1.00,100.00,100.00,0.99492424,0.1000,-1.000000,false,NaN,failed,NaN,0.994924,0.044596,Failure,unlike
1.0000,-1.0000,1.00,100.00,100.00,0.49489794,0.1000,-2.000000,false,NaN,failed,NaN,0.494898,0.035979,Failure,unlike
1.0000,-1.0000,1.00,100.00,100.00,99.96842753,0.2500,-0.010000,true,NaN,low_ecc_elliptic,0.000000,99.968428,86.756092,Success,unlike
1.0000,-1.0000,1.00,100.00,100.00,39.96841256,0.2500,-0.025000,false,NaN,unbound,3692.437899,55.145883,0.321482,Success,unlike
1.0000,-1.0000,1.00,100.00,100.00,19.96838753,0.2500,-0.050000,false,NaN,unbound,1857.700536,32.086352,0.433082,Success,unlike
1.0000,-1.0000,1.00,100.00,100.00,9.96833725,0.2500,-0.100000,false,NaN,unbound,1465.790468,9.968337,0.111185,Success,unlike
1.0000,-1.0000,1.00,100.00,100.00,3.96818444,0.2500,-0.250000,false,24.910000,unbound,536.254115,5.587513,0.046092,Success,unlike
1.0000,-1.0000,1.00,100.00,100.00,1.96792303,0.2500,-0.500000,false,8.415000,unbound,257.720326,2.821496,0.043380,Success,unlike
1.0000,-1.0000,1.00,100.00,100.00,0.96737298,0.2500,-1.000000,false,2.280000,unbound,125.943487,0.987897,0.036003,Success,unlike
1.0000,-1.0000,1.00,100.00,100.00,0.46614521,0.2500,-2.000000,false,0.781500,unbound,33.371540,0.466958,0.034808,Success,unlike
1.0000,-1.0000,1.00,100.00,100.00,99.87359021,0.5000,-0.010000,true,NaN,low_ecc_elliptic,0.000000,99.873590,86.661277,Success,unlike
1.0000,-1.0000,1.00,100.00,100.00,39.87334899,0.5000,-0.025000,false,NaN,unbound,24.276105,39.873349,0.278132,Success,unlike
1.0000,-1.0000,1.00,100.00,100.00,19.87294282,0.5000,-0.050000,false,NaN,unbound,12.009931,19.872943,0.198268,Success,unlike
1.0000,-1.0000,1.00,100.00,100.00,9.87211453,0.5000,-0.100000,false,NaN,unbound,5.844830,9.872115,0.175031,Success,unlike
1.0000,-1.0000,1.00,100.00,100.00,3.86949191,0.5000,-0.250000,false,NaN,unbound,2.127492,3.869492,0.130615,Success,unlike
1.0000,-1.0000,1.00,100.00,100.00,1.86458082,0.5000,-0.500000,true,NaN,high_ecc_elliptic,0.895278,1.864581,0.135691,Success,unlike
1.0000,-1.0000,1.00,100.00,100.00,0.85178118,0.5000,-1.000000,true,NaN,high_ecc_elliptic,0.294183,0.851781,0.148474,Success,unlike
1.0000,-1.0000,1.00,100.00,100.00,99.49242366,1.0000,-0.010000,true,NaN,low_ecc_elliptic,0.000000,99.492424,86.280483,Success,unlike
1.0000,-1.0000,1.00,100.00,100.00,39.48845812,1.0000,-0.025000,true,NaN,high_ecc_elliptic,0.091396,39.488458,0.528978,Success,unlike
1.0000,-1.0000,1.00,100.00,100.00,19.48156105,1.0000,-0.050000,true,NaN,high_ecc_elliptic,0.042934,19.481561,0.524198,Success,unlike
1.0000,-1.0000,1.00,100.00,100.00,9.46654229,1.0000,-0.100000,true,NaN,high_ecc_elliptic,0.018794,9.466542,0.536609,Success,unlike
1.0000,-1.0000,1.00,100.00,100.00,3.40712473,1.0000,-0.250000,true,NaN,high_ecc_elliptic,0.004602,3.407125,0.592882,Success,unlike
1.0000,-1.0000,1.00,100.00,100.00,97.93745926,2.0000,-0.010000,true,NaN,low_ecc_elliptic,0.000000,97.937459,84.731887,Success,unlike
1.0000,-1.0000,1.00,100.00,100.00,37.86616915,2.0000,-0.025000,true,NaN,high_ecc_elliptic,0.000294,37.866169,2.134770,Success,unlike
1.0000,-1.0000,1.00,100.00,100.00,17.72010363,2.0000,-0.050000,true,NaN,high_ecc_elliptic,0.000108,17.720104,2.280141,Success,unlike
1.0000,-1.0000,1.00,100.00,100.00,7.19089023,2.0000,-0.100000,true,NaN,moderate_ecc_elliptic,0.000020,7.190890,2.809166,Success,unlike
1.0000,1.0000,1.00,1.00,1.00,1.80000000,0.0000,0.555556,false,NaN,failed,NaN,1.800000,0.119638,Failure,like
1.0000,1.0000,1.00,1.00,1.00,1.40000000,0.0000,0.714286,false,NaN,failed,NaN,1.400000,0.066210,Failure,like
1.0000,1.0000,1.00,1.00,1.00,1.00000000,0.0000,1.000000,false,NaN,failed,NaN,1.000000,0.072149,Failure,like
1.0000,1.0000,1.00,1.00,1.00,0.60000000,0.0000,1.666667,false,NaN,failed,NaN,0.600000,0.078323,Failure,like
1.0000,1.0000,1.00,1.00,1.00,0.20000000,0.0000,5.000000,false,NaN,failed,NaN,0.200000,0.058004,Failure,like
1.0000,1.0000,1.00,1.00,1.00,0.10000000,0.0000,10.000000,false,NaN,failed,NaN,0.100000,0.059397,Failure,like
1.0000,1.0000,1.00,1.00,1.00,0.02000000,0.0000,50.000000,false,NaN,failed,NaN,0.020000,0.020000,Failure,like
1.0000,1.0000,1.00,1.00,1.00,1.80000000,0.1000,0.558642,false,NaN,failed,NaN,1339.985941,0.117595,Failure,like
1.0000,1.0000,1.00,1.00,1.00,1.40000000,0.1000,0.719388,false,NaN,failed,NaN,1.400000,0.065999,Failure,like
1.0000,1.0000,1.00,1.00,1.00,1.00000000,0.1000,1.010000,false,NaN,unbound,103720800180.752808,1.000000,0.000000,Success,like
1.0000,1.0000,1.00,1.00,1.00,0.60000000,0.1000,1.694444,false,NaN,unbound,12980609298.585541,0.600000,0.000000,Success,like
1.0000,1.0000,1.00,1.00,1.00,0.20000000,0.1000,5.250000,false,NaN,failed,NaN,0.200000,0.057600,Failure,like
1.0000,1.0000,1.00,1.00,1.00,0.10000000,0.1000,11.000000,false,NaN,failed,NaN,0.100000,0.043658,Failure,like
1.0000,1.0000,1.00,1.00,1.00,0.02000000,0.1000,75.000000,false,NaN,failed,NaN,0.020000,0.020000,Failure,like
1.0000,1.0000,1.00,1.00,1.00,1.80000000,0.5000,0.632716,false,NaN,failed,NaN,1.800000,0.125793,Failure,like
1.0000,1.0000,1.00,1.00,1.00,1.40000000,0.5000,0.841837,false,NaN,failed,NaN,1.400000,0.006305,Failure,like
1.0000,1.0000,1.00,1.00,1.00,1.00000000,0.5000,1.250000,false,NaN,failed,NaN,1.049652,0.062569,Failure,like
1.0000,1.0000,1.00,1.00,1.00,0.60000000,0.5000,2.361111,false,NaN,failed,NaN,0.600000,0.091477,Failure,like
1.0000,1.0000,1.00,1.00,1.00,0.20000000,0.5000,11.250000,false,NaN,failed,NaN,0.200000,0.100837,Failure,like
1.0000,1.0000,1.00,1.00,1.00,0.10000000,0.5000,35.000000,false,NaN,failed,NaN,0.100000,0.087414,Failure,like
1.0000,1.0000,1.00,1.00,1.00,0.02000000,0.5000,675.000000,false,NaN,failed,NaN,0.020000,0.020000,Failure,like
1.0000,1.0000,1.00,1.00,2.00,0.45000000,0.0000,2.222222,false,NaN,failed,NaN,0.450000,0.030106,Failure,like
1.0000,1.0000,1.00,1.00,2.00,0.35000000,0.0000,2.857143,false,NaN,failed,NaN,0.350000,0.035705,Failure,like
1.0000,1.0000,1.00,1.00,2.00,0.25000000,0.0000,4.000000,false,NaN,failed,NaN,0.250000,0.047243,Failure,like
1.0000,1.0000,1.00,1.00,2.00,0.15000000,0.0000,6.666667,false,NaN,failed,NaN,0.150000,0.032086,Failure,like
1.0000,1.0000,1.00,1.00,2.00,0.05000000,0.0000,20.000000,false,NaN,failed,NaN,0.050000,0.027636,Failure,like
1.0000,1.0000,1.00,1.00,2.00,0.02500000,0.0000,40.000000,false,NaN,failed,NaN,0.025000,0.020894,Failure,like
1.0000,1.0000,1.00,1.00,2.00,0.00500000,0.0000,200.000000,false,NaN,failed,NaN,0.005000,0.005000,Failure,like
1.0000,1.0000,1.00,1.00,2.00,0.45000000,0.1000,2.271605,false,NaN,unbound,186688399.082554,0.450000,0.000001,Success,like
1.0000,1.0000,1.00,1.00,2.00,0.35000000,0.1000,2.938776,false,NaN,unbound,2607931090.370981,0.350000,0.000000,Success,like
1.0000,1.0000,1.00,1.00,2.00,0.25000000,0.1000,4.160000,false,NaN,unbound,55857.691935,673.417996,0.093078,Success,like
1.0000,1.0000,1.00,1.00,2.00,0.15000000,0.1000,7.111111,false,NaN,failed,NaN,0.150000,0.043753,Failure,like
1.0000,1.0000,1.00,1.00,2.00,0.05000000,0.1000,24.000000,false,NaN,failed,NaN,0.050000,0.037971,Failure,like
1.0000,1.0000,1.00,1.00,2.00,0.02500000,0.1000,56.000000,false,NaN,failed,NaN,0.025000,0.025000,Failure,like
1.0000,1.0000,1.00,1.00,2.00,0.00500000,0.1000,600.000000,false,NaN,failed,NaN,0.005000,0.005000,Failure,like
1.0000,1.0000,1.00,1.00,2.00,0.45000000,0.5000,3.456790,false,NaN,failed,NaN,0.450000,0.070587,Failure,like
1.0000,1.0000,1.00,1.00,2.00,0.35000000,0.5000,4.897959,false,NaN,failed,NaN,1780.915017,0.040109,Failure,like
1.0000,1.0000,1.00,1.00,2.00,0.25000000,0.5000,8.000000,false,NaN,failed,NaN,0.250000,0.044230,Failure,like
1.0000,1.0000,1.00,1.00,2.00,0.15000000,0.5000,17.777778,false,NaN,failed,NaN,0.150000,0.078431,Failure,like
1.0000,1.0000,1.00,1.00,2.00,0.05000000,0.5000,120.000000,false,NaN,failed,NaN,0.050000,0.050000,Failure,like
1.0000,1.0000,1.00,1.00,2.00,0.02500000,0.5000,440.000000,false,NaN,failed,NaN,0.025000,0.025000,Failure,like
1.0000,1.0000,1.00,1.00,2.00,0.00500000,0.5000,10200.000000,false,NaN,failed,NaN,0.005000,0.005000,Failure,like
1.0000,1.0000,1.00,1.00,4.00,0.11250000,0.0000,8.888889,false,NaN,failed,NaN,0.112500,0.031219,Failure,like
1.0000,1.0000,1.00,1.00,4.00,0.08750000,0.0000,11.428571,false,NaN,failed,NaN,0.087500,0.018988,Failure,like
1.0000,1.0000,1.00,1.00,4.00,0.06250000,0.0000,16.000000,false,NaN,failed,NaN,0.062500,0.019797,Failure,like
1.0000,1.0000,1.00,1.00,4.00,0.03750000,0.0000,26.666667,false,NaN,failed,NaN,0.037500,0.012731,Failure,like
1.0000,1.0000,1.00,1.00,4.00,0.01250000,0.0000,80.000000,false,NaN,failed,NaN,0.012500,0.006909,Failure,like
1.0000,1.0000,1.00,1.00,4.00,0.00625000,0.0000,160.000000,false,NaN,failed,NaN,0.006250,0.005224,Failure,like
1.0000,1.0000,1.00,1.00,4.00,0.00125000,0.0000,800.000000,false,NaN,failed,NaN,0.001250,0.001250,Failure,like
1.0000,1.0000,1.00,1.00,4.00,0.11250000,0.1000,9.679012,false,NaN,failed,NaN,0.112500,0.019204,Failure,like
1.0000,1.0000,1.00,1.00,4.00,0.08750000,0.1000,12.734694,false,NaN,failed,NaN,0.087500,0.020556,Failure,like
1.0000,1.0000,1.00,1.00,4.00,0.06250000,0.1000,18.560000,false,NaN,failed,NaN,0.062500,0.019756,Failure,like
1.0000,1.0000,1.00,1.00,4.00,0.03750000,0.1000,33.777778,false,NaN,failed,NaN,0.037500,0.020127,Failure,like
1.0000,1.0000,1.00,1.00,4.00,0.01250000,0.1000,144.000000,false,NaN,failed,NaN,0.012500,0.011244,Failure,like
1.0000,1.0000,1.00,1.00,4.00,0.00625000,0.1000,416.000000,false,NaN,failed,NaN,0.006250,0.006250,Failure,like
1.0000,1.0000,1.00,1.00,4.00,0.00125000,0.1000,7200.000000,false,NaN,failed,NaN,0.001250,0.001250,Failure,like
1.0000,1.0000,1.00,1.00,4.00,0.11250000,0.5000,28.641975,false,NaN,failed,NaN,0.112500,0.053394,Failure,like
1.0000,1.0000,1.00,1.00,4.00,0.08750000,0.5000,44.081633,false,NaN,failed,NaN,0.087500,0.030663,Failure,like
1.0000,1.0000,1.00,1.00,4.00,0.06250000,0.5000,80.000000,false,NaN,failed,NaN,0.062500,0.036822,Failure,like
1.0000,1.0000,1.00,1.00,4.00,0.03750000,0.5000,204.444444,false,NaN,failed,NaN,0.037500,0.029209,Failure,like
1.0000,1.0000,1.00,1.00,4.00,0.01250000,0.5000,1680.000000,false,NaN,failed,NaN,0.012500,0.012500,Failure,like
1.0000,1.0000,1.00,1.00,4.00,0.00625000,0.5000,6560.000000,false,NaN,failed,NaN,0.006250,0.006250,Failure,like
1.0000,1.0000,1.00,1.00,4.00,0.00125000,0.5000,160800.000000,false,NaN,failed,NaN,0.001250,0.001250,Failure,like
1.0000,1.0000,1.00,1.00,10.00,0.01800000,0.0000,55.555556,false,NaN,failed,NaN,0.018000,0.004995,Failure,like
1.0000,1.0000,1.00,1.00,10.00,0.01400000,0.0000,71.428571,false,NaN,failed,NaN,0.014000,0.003038,Failure,like
1.0000,1.0000,1.00,1.00,10.00,0.01000000,0.0000,100.000000,false,NaN,failed,NaN,0.010000,0.003167,Failure,like
1.0000,1.0000,1.00,1.00,10.00,0.00600000,0.0000,166.666667,false,NaN,failed,NaN,0.006000,0.002037,Failure,like
1.0000,1.0000,1.00,1.00,10.00,0.00200000,0.0000,500.000000,false,NaN,failed,NaN,0.002000,0.001105,Failure,like
1.0000,1.0000,1.00,1.00,10.00,0.00100000,0.0000,1000.000000,false,NaN,failed,NaN,0.001000,0.000836,Failure,like
1.0000,1.0000,1.00,1.00,10.00,0.00020000,0.0000,5000.000000,false,NaN,failed,NaN,0.000200,0.000200,Failure,like
1.0000,1.0000,1.00,1.00,10.00,0.01800000,0.1000,86.419753,false,NaN,failed,NaN,0.018000,0.006902,Failure,like
1.0000,1.0000,1.00,1.00,10.00,0.01400000,0.1000,122.448980,false,NaN,failed,NaN,0.014000,0.004420,Failure,like
1.0000,1.0000,1.00,1.00,10.00,0.01000000,0.1000,200.000000,false,NaN,failed,NaN,0.010000,0.005011,Failure,like
1.0000,1.0000,1.00,1.00,10.00,0.00600000,0.1000,444.444444,false,NaN,failed,NaN,0.006000,0.002299,Failure,like
1.0000,1.0000,1.00,1.00,10.00,0.00200000,0.1000,3000.000000,false,NaN,failed,NaN,0.002000,0.002000,Failure,like
1.0000,1.0000,1.00,1.00,10.00,0.00100000,0.1000,11000.000000,false,NaN,failed,NaN,0.001000,0.001000,Failure,like
1.0000,1.0000,1.00,1.00,10.00,0.00020000,0.1000,255000.000000,false,NaN,failed,NaN,0.000200,0.000200,Failure,like
1.0000,1.0000,1.00,1.00,10.00,0.01800000,0.5000,827.160494,false,NaN,failed,NaN,0.018000,0.010160,Failure,like
1.0000,1.0000,1.00,1.00,10.00,0.01400000,0.5000,1346.938776,false,NaN,failed,NaN,0.014000,0.008680,Failure,like
1.0000,1.0000,1.00,1.00,10.00,0.01000000,0.5000,2600.000000,false,NaN,failed,NaN,0.010000,0.007960,Failure,like
1.0000,1.0000,1.00,1.00,10.00,0.00600000,0.5000,7111.111111,false,NaN,failed,NaN,0.006000,0.006000,Failure,like
1.0000,1.0000,1.00,1.00,10.00,0.00200000,0.5000,63000.000000,false,NaN,failed,NaN,0.002000,0.002000,Failure,like
1.0000,1.0000,1.00,1.00,10.00,0.00100000,0.5000,251000.000000,false,NaN,failed,NaN,0.001000,0.001000,Failure,like
1.0000,1.0000,1.00,1.00,10.00,0.00020000,0.5000,6255000.000000,false,NaN,failed,NaN,0.000200,0.000200,Failure,like
1.0000,1.0000,1.00,1.00,100.00,0.00018000,0.0000,5555.555556,false,NaN,failed,NaN,0.000180,0.000162,Failure,like
1.0000,1.0000,1.00,1.00,100.00,0.00014000,0.0000,7142.857143,false,NaN,failed,NaN,0.000140,0.000140,Failure,like
1.0000,1.0000,1.00,1.00,100.00,0.00010000,0.0000,10000.000000,false,NaN,failed,NaN,0.000100,0.000100,Failure,like
1.0000,1.0000,1.00,1.00,100.00,0.00006000,0.0000,16666.666667,false,NaN,failed,NaN,0.000060,0.000060,Failure,like
1.0000,1.0000,1.00,1.00,100.00,0.00002000,0.0000,50000.000000,false,NaN,failed,NaN,0.000020,0.000020,Failure,like
1.0000,1.0000,1.00,1.00,100.00,0.00001000,0.0000,100000.000000,false,NaN,failed,NaN,0.000010,0.000010,Failure,like
1.0000,1.0000,1.00,1.00,100.00,0.00000200,0.0000,500000.000000,false,NaN,failed,NaN,0.000002,0.000002,Failure,like
1.0000,1.0000,1.00,1.00,100.00,0.00018000,0.1000,314197.530864,false,NaN,failed,NaN,0.000180,0.000180,Failure,like
1.0000,1.0000,1.00,1.00,100.00,0.00014000,0.1000,517346.938776,false,NaN,failed,NaN,0.000140,0.000140,Failure,like
1.0000,1.0000,1.00,1.00,100.00,0.00010000,0.1000,1010000.000000,false,NaN,failed,NaN,0.000100,0.000100,Failure,like
1.0000,1.0000,1.00,1.00,100.00,0.00006000,0.1000,2794444.444444,false,NaN,failed,NaN,0.000060,0.000060,Failure,like
1.0000,1.0000,1.00,1.00,100.00,0.00002000,0.1000,25050000.000000,false,NaN,failed,NaN,0.000020,0.000020,Failure,like
1.0000,1.0000,1.00,1.00,100.00,0.00001000,0.1000,100100000.000000,false,NaN,failed,NaN,0.000010,0.000010,Failure,like
1.0000,1.0000,1.00,1.00,100.00,0.00000200,0.1000,2500500000.000000,false,NaN,failed,NaN,0.000002,0.000002,Failure,like
1.0000,1.0000,1.00,1.00,100.00,0.00018000,0.5000,7721604.938272,false,NaN,failed,NaN,0.000180,0.000180,Failure,like
1.0000,1.0000,1.00,1.00,100.00,0.00014000,0.5000,12762244.897959,false,NaN,failed,NaN,0.000140,0.000140,Failure,like
1.0000,1.0000,1.00,1.00,100.00,0.00010000,0.5000,25010000.000000,false,NaN,failed,NaN,0.000100,0.000100,Failure,like
1.0000,1.0000,1.00,1.00,100.00,0.00006000,0.5000,69461111.111111,false,NaN,failed,NaN,0.000060,0.000060,Failure,like
1.0000,1.0000,1.00,1.00,100.00,0.00002000,0.5000,625050000.000000,false,NaN,failed,NaN,0.000020,0.000020,Failure,like
1.0000,1.0000,1.00,1.00,100.00,0.00001000,0.5000,2500100000.000000,false,NaN,failed,NaN,0.000010,0.000010,Failure,like
1.0000,1.0000,1.00,1.00,100.00,0.00000200,0.5000,62500499999.999977,false,NaN,failed,NaN,0.000002,0.000002,Failure,like
1.0000,1.0000,1.00,2.00,1.00,1.35000000,0.0000,0.740741,false,NaN,failed,NaN,1.350000,0.089736,Failure,like
1.0000,1.0000,1.00,2.00,1.00,1.05000000,0.0000,0.952381,false,NaN,failed,NaN,1.050000,0.059004,Failure,like
1.0000,1.0000,1.00,2.00,1.00,0.75000000,0.0000,1.333333,false,NaN,failed,NaN,0.750000,0.030097,Failure,like
1.0000,1.0000,1.00,2.00,1.00,0.45000000,0.0000,2.222222,false,NaN,failed,NaN,0.450000,0.038608,Failure,like
1.0000,1.0000,1.00,2.00,1.00,0.15000000,0.0000,6.666667,false,NaN,failed,NaN,0.150000,0.052557,Failure,like
1.0000,1.0000,1.00,2.00,1.00,0.07500000,0.0000,13.333333,false,NaN,failed,NaN,0.075000,0.044786,Failure,like
1.0000,1.0000,1.00,2.00,1.00,0.01500000,0.0000,66.666667,false,NaN,failed,NaN,0.015000,0.015000,Failure,like
1.0000,1.0000,1.00,2.00,1.00,1.35000000,0.1000,0.744856,false,NaN,failed,NaN,1.350000,0.016397,Failure,like
1.0000,1.0000,1.00,2.00,1.00,1.05000000,0.1000,0.959184,false,NaN,failed,NaN,318.855152,0.059678,Failure,like
1.0000,1.0000,1.00,2.00,1.00,0.75000000,0.1000,1.346667,false,NaN,failed,NaN,6.845003,0.006766,Failure,like
1.0000,1.0000,1.00,2.00,1.00,0.45000000,0.1000,2.259259,false,NaN,failed,NaN,6801630029.777967,0.046697,Failure,like
1.0000,1.0000,1.00,2.00,1.00,0.15000000,0.1000,7.000000,false,NaN,failed,NaN,0.150000,0.060890,Failure,like
1.0000,1.0000,1.00,2.00,1.00,0.07500000,0.1000,14.666667,false,NaN,failed,NaN,0.075000,0.033277,Failure,like
1.0000,1.0000,1.00,2.00,1.00,0.01500000,0.1000,100.000000,false,NaN,failed,NaN,0.015000,0.015000,Failure,like
1.0000,1.0000,1.00,2.00,1.00,1.35000000,0.5000,0.843621,false,NaN,failed,NaN,1.350000,0.033969,Failure,like
1.0000,1.0000,1.00,2.00,1.00,1.05000000,0.5000,1.122449,false,NaN,unbound,2809234328565.465820,1.050000,0.000000,Success,like
1.0000,1.0000,1.00,2.00,1.00,0.75000000,0.5000,1.666667,false,NaN,failed,NaN,151367.198228,0.049226,Failure,like
1.0000,1.0000,1.00,2.00,1.00,0.45000000,0.5000,3.148148,false,NaN,failed,NaN,0.450000,0.091301,Failure,like
1.0000,1.0000,1.00,2.00,1.00,0.15000000,0.5000,15.000000,false,NaN,failed,NaN,0.150000,0.063347,Failure,like
1.0000,1.0000,1.00,2.00,1.00,0.07500000,0.5000,46.666667,false,NaN,failed,NaN,0.075000,0.056916,Failure,like
1.0000,1.0000,1.00,2.00,1.00,0.01500000,0.5000,900.000000,false,NaN,failed,NaN,0.015000,0.015000,Failure,like
1.0000,1.0000,1.00,2.00,2.00,0.33750000,0.0000,2.962963,false,NaN,failed,NaN,0.337500,0.022685,Failure,like
1.0000,1.0000,1.00,2.00,2.00,0.26250000,0.0000,3.809524,false,NaN,failed,NaN,0.262500,0.026862,Failure,like
1.0000,1.0000,1.00,2.00,2.00,0.18750000,0.0000,5.333333,false,NaN,failed,NaN,0.187500,0.035491,Failure,like
1.0000,1.0000,1.00,2.00,2.00,0.11250000,0.0000,8.888889,false,NaN,failed,NaN,0.112500,0.024242,Failure,like
1.0000,1.0000,1.00,2.00,2.00,0.03750000,0.0000,26.666667,false,NaN,failed,NaN,0.037500,0.020727,Failure,like
1.0000,1.0000,1.00,2.00,2.00,0.01875000,0.0000,53.333333,false,NaN,failed,NaN,0.018750,0.015671,Failure,like
1.0000,1.0000,1.00,2.00,2.00,0.00375000,0.0000,266.666667,false,NaN,failed,NaN,0.003750,0.003750,Failure,like
1.0000,1.0000,1.00,2.00,2.00,0.33750000,0.1000,3.028807,false,NaN,unbound,352652219.437756,0.337500,0.000000,Success,like
1.0000,1.0000,1.00,2.00,2.00,0.26250000,0.1000,3.918367,false,NaN,failed,NaN,0.262500,0.046850,Failure,like
1.0000,1.0000,1.00,2.00,2.00,0.18750000,0.1000,5.546667,false,NaN,failed,NaN,0.187500,0.047673,Failure,like
1.0000,1.0000,1.00,2.00,2.00,0.11250000,0.1000,9.481481,false,NaN,failed,NaN,0.112500,0.044614,Failure,like
1.0000,1.0000,1.00,2.00,2.00,0.03750000,0.1000,32.000000,false,NaN,failed,NaN,0.037500,0.028478,Failure,like
1.0000,1.0000,1.00,2.00,2.00,0.01875000,0.1000,74.666667,false,NaN,failed,NaN,0.018750,0.018750,Failure,like
1.0000,1.0000,1.00,2.00,2.00,0.00375000,0.1000,800.000000,false,NaN,failed,NaN,0.003750,0.003750,Failure,like
1.0000,1.0000,1.00,2.00,2.00,0.33750000,0.5000,4.609053,false,NaN,failed,NaN,0.337500,0.052896,Failure,like
1.0000,1.0000,1.00,2.00,2.00,0.26250000,0.5000,6.530612,false,NaN,failed,NaN,0.262500,0.045437,Failure,like
1.0000,1.0000,1.00,2.00,2.00,0.18750000,0.5000,10.666667,false,NaN,failed,NaN,0.187500,0.056740,Failure,like
1.0000,1.0000,1.00,2.00,2.00,0.11250000,0.5000,23.703704,false,NaN,failed,NaN,0.112500,0.040005,Failure,like
1.0000,1.0000,1.00,2.00,2.00,0.03750000,0.5000,160.000000,false,NaN,failed,NaN,0.037500,0.037500,Failure,like
1.0000,1.0000,1.00,2.00,2.00,0.01875000,0.5000,586.666667,false,NaN,failed,NaN,0.018750,0.018750,Failure,like
1.0000,1.0000,1.00,2.00,2.00,0.00375000,0.5000,13600.000000,false,NaN,failed,NaN,0.003750,0.003750,Failure,like
1.0000,1.0000,1.00,2.00,4.00,0.08437500,0.0000,11.851852,false,NaN,failed,NaN,0.084375,0.023414,Failure,like
1.0000,1.0000,1.00,2.00,4.00,0.06562500,0.0000,15.238095,false,NaN,failed,NaN,0.065625,0.014241,Failure,like
1.0000,1.0000,1.00,2.00,4.00,0.04687500,0.0000,21.333333,false,NaN,failed,NaN,0.046875,0.014848,Failure,like
1.0000,1.0000,1.00,2.00,4.00,0.02812500,0.0000,35.555556,false,NaN,failed,NaN,0.028125,0.009548,Failure,like
1.0000,1.0000,1.00,2.00,4.00,0.00937500,0.0000,106.666667,false,NaN,failed,NaN,0.009375,0.005182,Failure,like
1.0000,1.0000,1.00,2.00,4.00,0.00468750,0.0000,213.333333,false,NaN,failed,NaN,0.004688,0.003918,Failure,like
1.0000,1.0000,1.00,2.00,4.00,0.00093750,0.0000,1066.666667,false,NaN,failed,NaN,0.000937,0.000937,Failure,like
1.0000,1.0000,1.00,2.00,4.00,0.08437500,0.1000,12.905350,false,NaN,failed,NaN,0.084375,0.014403,Failure,like
1.0000,1.0000,1.00,2.00,4.00,0.06562500,0.1000,16.979592,false,NaN,failed,NaN,0.065625,0.015417,Failure,like
1.0000,1.0000,1.00,2.00,4.00,0.04687500,0.1000,24.746667,false,NaN,failed,NaN,0.046875,0.014817,Failure,like
1.0000,1.0000,1.00,2.00,4.00,0.02812500,0.1000,45.037037,false,NaN,failed,NaN,0.028125,0.015095,Failure,like
1.0000,1.0000,1.00,2.00,4.00,0.00937500,0.1000,192.000000,false,NaN,failed,NaN,0.009375,0.008433,Failure,like
1.0000,1.0000,1.00,2.00,4.00,0.00468750,0.1000,554.666667,false,NaN,failed,NaN,0.004688,0.004688,Failure,like
1.0000,1.0000,1.00,2.00,4.00,0.00093750,0.1000,9600.000000,false,NaN,failed,NaN,0.000937,0.000937,Failure,like
1.0000,1.0000,1.00,2.00,4.00,0.08437500,0.5000,38.189300,false,NaN,failed,NaN,0.084375,0.040045,Failure,like
1.0000,1.0000,1.00,2.00,4.00,0.06562500,0.5000,58.775510,false,NaN,failed,NaN,0.065625,0.022997,Failure,like
1.0000,1.0000,1.00,2.00,4.00,0.04687500,0.5000,106.666667,false,NaN,failed,NaN,0.046875,0.027617,Failure,like
1.0000,1.0000,1.00,2.00,4.00,0.02812500,0.5000,272.592593,false,NaN,failed,NaN,0.028125,0.021907,Failure,like
1.0000,1.0000,1.00,2.00,4.00,0.00937500,0.5000,2240.000000,false,NaN,failed,NaN,0.009375,0.009375,Failure,like
1.0000,1.0000,1.00,2.00,4.00,0.00468750,0.5000,8746.666667,false,NaN,failed,NaN,0.004688,0.004688,Failure,like
1.0000,1.0000,1.00,2.00,4.00,0.00093750,0.5000,214400.000000,false,NaN,failed,NaN,0.000937,0.000937,Failure,like
1.0000,1.0000,1.00,2.00,10.00,0.01350000,0.0000,74.074074,false,NaN,failed,NaN,0.013500,0.003746,Failure,like
1.0000,1.0000,1.00,2.00,10.00,0.01050000,0.0000,95.238095,false,NaN,failed,NaN,0.010500,0.002279,Failure,like
1.0000,1.0000,1.00,2.00,10.00,0.00750000,0.0000,133.333333,false,NaN,failed,NaN,0.007500,0.002376,Failure,like
1.0000,1.0000,1.00,2.00,10.00,0.00450000,0.0000,222.222222,false,NaN,failed,NaN,0.004500,0.001528,Failure,like
1.0000,1.0000,1.00,2.00,10.00,0.00150000,0.0000,666.666667,false,NaN,failed,NaN,0.001500,0.000829,Failure,like
1.0000,1.0000,1.00,2.00,10.00,0.00075000,0.0000,1333.333333,false,NaN,failed,NaN,0.000750,0.000627,Failure,like
1.0000,1.0000,1.00,2.00,10.00,0.00015000,0.0000,6666.666667,false,NaN,failed,NaN,0.000150,0.000150,Failure,like
1.0000,1.0000,1.00,2.00,10.00,0.01350000,0.1000,115.226337,false,NaN,failed,NaN,0.013500,0.005176,Failure,like
1.0000,1.0000,1.00,2.00,10.00,0.01050000,0.1000,163.265306,false,NaN,failed,NaN,0.010500,0.003315,Failure,like
1.0000,1.0000,1.00,2.00,10.00,0.00750000,0.1000,266.666667,false,NaN,failed,NaN,0.007500,0.003758,Failure,like
1.0000,1.0000,1.00,2.00,10.00,0.00450000,0.1000,592.592593,false,NaN,failed,NaN,0.004500,0.001724,Failure,like
1.0000,1.0000,1.00,2.00,10.00,0.00150000,0.1000,4000.000000,false,NaN,failed,NaN,0.001500,0.001500,Failure,like
1.0000,1.0000,1.00,2.00,10.00,0.00075000,0.1000,14666.666667,false,NaN,failed,NaN,0.000750,0.000750,Failure,like
1.0000,1.0000,1.00,2.00,10.00,0.00015000,0.1000,340000.000000,false,NaN,failed,NaN,0.000150,0.000150,Failure,like
1.0000,1.0000,1.00,2.00,10.00,0.01350000,0.5000,1102.880658,false,NaN,failed,NaN,0.013500,0.007620,Failure,like
1.0000,1.0000,1.00,2.00,10.00,0.01050000,0.5000,1795.918367,false,NaN,failed,NaN,0.010500,0.006510,Failure,like
1.0000,1.0000,1.00,2.00,10.00,0.00750000,0.5000,3466.666667,false,NaN,failed,NaN,0.007500,0.005970,Failure,like
1.0000,1.0000,1.00,2.00,10.00,0.00450000,0.5000,9481.481481,false,NaN,failed,NaN,0.004500,0.004500,Failure,like
1.0000,1.0000,1.00,2.00,10.00,0.00150000,0.5000,84000.000000,false,NaN,failed,NaN,0.001500,0.001500,Failure,like
1.0000,1.0000,1.00,2.00,10.00,0.00075000,0.5000,334666.666667,false,NaN,failed,NaN,0.000750,0.000750,Failure,like
1.0000,1.0000,1.00,2.00,10.00,0.00015000,0.5000,8340000.000000,false,NaN,failed,NaN,0.000150,0.000150,Failure,like
1.0000,1.0000,1.00,2.00,100.00,0.00013500,0.0000,7407.407407,false,NaN,failed,NaN,0.000135,0.000130,Failure,like
1.0000,1.0000,1.00,2.00,100.00,0.00010500,0.0000,9523.809524,false,NaN,failed,NaN,0.000105,0.000105,Failure,like
1.0000,1.0000,1.00,2.00,100.00,0.00007500,0.0000,13333.333333,false,NaN,failed,NaN,0.000075,0.000075,Failure,like
1.0000,1.0000,1.00,2.00,100.00,0.00004500,0.0000,22222.222222,false,NaN,failed,NaN,0.000045,0.000045,Failure,like
1.0000,1.0000,1.00,2.00,100.00,0.00001500,0.0000,66666.666667,false,NaN,failed,NaN,0.000015,0.000015,Failure,like
1.0000,1.0000,1.00,2.00,100.00,0.00000750,0.0000,133333.333333,false,NaN,failed,NaN,0.000008,0.000008,Failure,like
1.0000,1.0000,1.00,2.00,100.00,0.00000150,0.0000,666666.666667,false,NaN,failed,NaN,0.000002,0.000002,Failure,like
1.0000,1.0000,1.00,2.00,100.00,0.00013500,0.1000,418930.041152,false,NaN,failed,NaN,0.000135,0.000135,Failure,like
1.0000,1.0000,1.00,2.00,100.00,0.00010500,0.1000,689795.918367,false,NaN,failed,NaN,0.000105,0.000105,Failure,like
1.0000,1.0000,1.00,2.00,100.00,0.00007500,0.1000,1346666.666667,false,NaN,failed,NaN,0.000075,0.000075,Failure,like
1.0000,1.0000,1.00,2.00,100.00,0.00004500,0.1000,3725925.925926,false,NaN,failed,NaN,0.000045,0.000045,Failure,like
1.0000,1.0000,1.00,2.00,100.00,0.00001500,0.1000,33400000.000000,false,NaN,failed,NaN,0.000015,0.000015,Failure,like
1.0000,1.0000,1.00,2.00,100.00,0.00000750,0.1000,133466666.666667,false,NaN,failed,NaN,0.000008,0.000008,Failure,like
1.0000,1.0000,1.00,2.00,100.00,0.00000150,0.1000,3334000000.000000,false,NaN,failed,NaN,0.000002,0.000002,Failure,like
1.0000,1.0000,1.00,2.00,100.00,0.00013500,0.5000,10295473.251029,false,NaN,failed,NaN,0.000135,0.000135,Failure,like
1.0000,1.0000,1.00,2.00,100.00,0.00010500,0.5000,17016326.530612,false,NaN,failed,NaN,0.000105,0.000105,Failure,like
1.0000,1.0000,1.00,2.00,100.00,0.00007500,0.5000,33346666.666667,false,NaN,failed,NaN,0.000075,0.000075,Failure,like
1.0000,1.0000,1.00,2.00,100.00,0.00004500,0.5000,92614814.814815,false,NaN,failed,NaN,0.000045,0.000045,Failure,like
1.0000,1.0000,1.00,2.00,100.00,0.00001500,0.5000,833400000.000000,false,NaN,failed,NaN,0.000015,0.000015,Failure,like
1.0000,1.0000,1.00,2.00,100.00,0.00000750,0.5000,3333466666.666667,false,NaN,failed,NaN,0.000008,0.000008,Failure,like
1.0000,1.0000,1.00,2.00,100.00,0.00000150,0.5000,83333999999.999985,false,NaN,failed,NaN,0.000002,0.000002,Failure,like
1.0000,1.0000,1.00,10.00,1.00,0.99000000,0.0000,1.010101,false,NaN,failed,NaN,0.990000,0.037157,Failure,like
1.0000,1.0000,1.00,10.00,1.00,0.77000000,0.0000,1.298701,false,NaN,failed,NaN,0.770000,0.056960,Failure,like
1.0000,1.0000,1.00,10.00,1.00,0.55000000,0.0000,1.818182,false,NaN,failed,NaN,0.550000,0.026290,Failure,like
1.0000,1.0000,1.00,10.00,1.00,0.33000000,0.0000,3.030303,false,NaN,failed,NaN,0.330000,0.031647,Failure,like
1.0000,1.0000,1.00,10.00,1.00,0.11000000,0.0000,9.090909,false,NaN,failed,NaN,0.110000,0.046167,Failure,like
1.0000,1.0000,1.00,10.00,1.00,0.05500000,0.0000,18.181818,false,NaN,failed,NaN,0.055000,0.038123,Failure,like
1.0000,1.0000,1.00,10.00,1.00,0.01100000,0.0000,90.909091,false,NaN,failed,NaN,0.011000,0.011000,Failure,like
1.0000,1.0000,1.00,10.00,1.00,0.99000000,0.1000,1.015713,false,NaN,failed,NaN,5087.576537,0.014327,Failure,like
1.0000,1.0000,1.00,10.00,1.00,0.77000000,0.1000,1.307978,false,NaN,failed,NaN,2109.499776,0.039202,Failure,like
1.0000,1.0000,1.00,10.00,1.00,0.55000000,0.1000,1.836364,false,NaN,failed,NaN,369.088470,0.029506,Failure,like
1.0000,1.0000,1.00,10.00,1.00,0.33000000,0.1000,3.080808,false,NaN,unbound,4207977447.971545,0.330000,0.000000,Success,like
1.0000,1.0000,1.00,10.00,1.00,0.11000000,0.1000,9.545455,false,NaN,failed,NaN,0.110000,0.027223,Failure,like
1.0000,1.0000,1.00,10.00,1.00,0.05500000,0.1000,20.000000,false,NaN,failed,NaN,0.055000,0.032974,Failure,like
1.0000,1.0000,1.00,10.00,1.00,0.01100000,0.1000,136.363636,false,NaN,failed,NaN,0.011000,0.011000,Failure,like
1.0000,1.0000,1.00,10.00,1.00,0.99000000,0.5000,1.150393,false,NaN,failed,NaN,344216.461481,0.052456,Failure,like
1.0000,1.0000,1.00,10.00,1.00,0.77000000,0.5000,1.530612,false,NaN,unbound,6292318110.856039,0.770000,0.000000,Success,like
1.0000,1.0000,1.00,10.00,1.00,0.55000000,0.5000,2.272727,false,NaN,unbound,19598776164247.785156,0.550000,0.000000,Success,like
1.0000,1.0000,1.00,10.00,1.00,0.33000000,0.5000,4.292929,false,NaN,unbound,11027296798.803843,0.330000,0.000000,Success,like
1.0000,1.0000,1.00,10.00,1.00,0.11000000,0.5000,20.454545,false,NaN,failed,NaN,0.110000,0.053204,Failure,like
1.0000,1.0000,1.00,10.00,1.00,0.05500000,0.5000,63.636364,false,NaN,failed,NaN,0.055000,0.055000,Failure,like
1.0000,1.0000,1.00,10.00,1.00,0.01100000,0.5000,1227.272727,false,NaN,failed,NaN,0.011000,0.011000,Failure,like
1.0000,1.0000,1.00,10.00,2.00,0.24750000,0.0000,4.040404,false,NaN,failed,NaN,0.247500,0.016776,Failure,like
1.0000,1.0000,1.00,10.00,2.00,0.19250000,0.0000,5.194805,false,NaN,failed,NaN,0.192500,0.019812,Failure,like
1.0000,1.0000,1.00,10.00,2.00,0.13750000,0.0000,7.272727,false,NaN,failed,NaN,0.137500,0.020310,Failure,like
1.0000,1.0000,1.00,10.00,2.00,0.08250000,0.0000,12.121212,false,NaN,failed,NaN,0.082500,0.024054,Failure,like
1.0000,1.0000,1.00,10.00,2.00,0.02750000,0.0000,36.363636,false,NaN,failed,NaN,0.027500,0.015200,Failure,like
1.0000,1.0000,1.00,10.00,2.00,0.01375000,0.0000,72.727273,false,NaN,failed,NaN,0.013750,0.011492,Failure,like
1.0000,1.0000,1.00,10.00,2.00,0.00275000,0.0000,363.636364,false,NaN,failed,NaN,0.002750,0.002750,Failure,like
1.0000,1.0000,1.00,10.00,2.00,0.24750000,0.1000,4.130191,false,NaN,failed,NaN,130.136920,0.014732,Failure,like
1.0000,1.0000,1.00,10.00,2.00,0.19250000,0.1000,5.343228,false,NaN,failed,NaN,0.192500,0.040630,Failure,like
1.0000,1.0000,1.00,10.00,2.00,0.13750000,0.1000,7.563636,false,NaN,failed,NaN,0.137500,0.025581,Failure,like
1.0000,1.0000,1.00,10.00,2.00,0.08250000,0.1000,12.929293,false,NaN,failed,NaN,0.082500,0.026957,Failure,like
1.0000,1.0000,1.00,10.00,2.00,0.02750000,0.1000,43.636364,false,NaN,failed,NaN,0.027500,0.020884,Failure,like
1.0000,1.0000,1.00,10.00,2.00,0.01375000,0.1000,101.818182,false,NaN,failed,NaN,0.013750,0.013750,Failure,like
1.0000,1.0000,1.00,10.00,2.00,0.00275000,0.1000,1090.909091,false,NaN,failed,NaN,0.002750,0.002750,Failure,like
1.0000,1.0000,1.00,10.00,2.00,0.24750000,0.5000,6.285073,false,NaN,failed,NaN,0.247500,0.038814,Failure,like
1.0000,1.0000,1.00,10.00,2.00,0.19250000,0.5000,8.905380,false,NaN,failed,NaN,0.192500,0.058475,Failure,like
1.0000,1.0000,1.00,10.00,2.00,0.13750000,0.5000,14.545455,false,NaN,failed,NaN,0.137500,0.030783,Failure,like
1.0000,1.0000,1.00,10.00,2.00,0.08250000,0.5000,32.323232,false,NaN,failed,NaN,0.082500,0.054003,Failure,like
1.0000,1.0000,1.00,10.00,2.00,0.02750000,0.5000,218.181818,false,NaN,failed,NaN,0.027500,0.027500,Failure,like
1.0000,1.0000,1.00,10.00,2.00,0.01375000,0.5000,800.000000,false,NaN,failed,NaN,0.013750,0.013750,Failure,like
1.0000,1.0000,1.00,10.00,2.00,0.00275000,0.5000,18545.454545,false,NaN,failed,NaN,0.002750,0.002750,Failure,like
1.0000,1.0000,1.00,10.00,4.00,0.06187500,0.0000,16.161616,false,NaN,failed,NaN,0.061875,0.017170,Failure,like
1.0000,1.0000,1.00,10.00,4.00,0.04812500,0.0000,20.779221,false,NaN,failed,NaN,0.048125,0.010444,Failure,like
1.0000,1.0000,1.00,10.00,4.00,0.03437500,0.0000,29.090909,false,NaN,failed,NaN,0.034375,0.010888,Failure,like
1.0000,1.0000,1.00,10.00,4.00,0.02062500,0.0000,48.484848,false,NaN,failed,NaN,0.020625,0.007002,Failure,like
1.0000,1.0000,1.00,10.00,4.00,0.00687500,0.0000,145.454545,false,NaN,failed,NaN,0.006875,0.003800,Failure,like
1.0000,1.0000,1.00,10.00,4.00,0.00343750,0.0000,290.909091,false,NaN,failed,NaN,0.003438,0.002873,Failure,like
1.0000,1.0000,1.00,10.00,4.00,0.00068750,0.0000,1454.545455,false,NaN,failed,NaN,0.000687,0.000687,Failure,like
1.0000,1.0000,1.00,10.00,4.00,0.06187500,0.1000,17.598204,false,NaN,failed,NaN,0.061875,0.010562,Failure,like
1.0000,1.0000,1.00,10.00,4.00,0.04812500,0.1000,23.153989,false,NaN,failed,NaN,0.048125,0.011306,Failure,like
1.0000,1.0000,1.00,10.00,4.00,0.03437500,0.1000,33.745455,false,NaN,failed,NaN,0.034375,0.010866,Failure,like
1.0000,1.0000,1.00,10.00,4.00,0.02062500,0.1000,61.414141,false,NaN,failed,NaN,0.020625,0.011070,Failure,like
1.0000,1.0000,1.00,10.00,4.00,0.00687500,0.1000,261.818182,false,NaN,failed,NaN,0.006875,0.006184,Failure,like
1.0000,1.0000,1.00,10.00,4.00,0.00343750,0.1000,756.363636,false,NaN,failed,NaN,0.003438,0.003438,Failure,like
1.0000,1.0000,1.00,10.00,4.00,0.00068750,0.1000,13090.909091,false,NaN,failed,NaN,0.000687,0.000687,Failure,like
1.0000,1.0000,1.00,10.00,4.00,0.06187500,0.5000,52.076319,false,NaN,failed,NaN,0.061875,0.029367,Failure,like
1.0000,1.0000,1.00,10.00,4.00,0.04812500,0.5000,80.148423,false,NaN,failed,NaN,0.048125,0.016865,Failure,like
1.0000,1.0000,1.00,10.00,4.00,0.03437500,0.5000,145.454545,false,NaN,failed,NaN,0.034375,0.020252,Failure,like
1.0000,1.0000,1.00,10.00,4.00,0.02062500,0.5000,371.717172,false,NaN,failed,NaN,0.020625,0.016065,Failure,like
1.0000,1.0000,1.00,10.00,4.00,0.00687500,0.5000,3054.545455,false,NaN,failed,NaN,0.006875,0.006875,Failure,like
1.0000,1.0000,1.00,10.00,4.00,0.00343750,0.5000,11927.272727,false,NaN,failed,NaN,0.003438,0.003438,Failure,like
1.0000,1.0000,1.00,10.00,4.00,0.00068750,0.5000,292363.636364,false,NaN,failed,NaN,0.000687,0.000687,Failure,like
1.0000,1.0000,1.00,10.00,10.00,0.00990000,0.0000,101.010101,false,NaN,failed,NaN,0.009900,0.002747,Failure,like
1.0000,1.0000,1.00,10.00,10.00,0.00770000,0.0000,129.870130,false,NaN,failed,NaN,0.007700,0.001671,Failure,like
1.0000,1.0000,1.00,10.00,10.00,0.00550000,0.0000,181.818182,false,NaN,failed,NaN,0.005500,0.001742,Failure,like
1.0000,1.0000,1.00,10.00,10.00,0.00330000,0.0000,303.030303,false,NaN,failed,NaN,0.003300,0.001120,Failure,like
1.0000,1.0000,1.00,10.00,10.00,0.00110000,0.0000,909.090909,false,NaN,failed,NaN,0.001100,0.000608,Failure,like
1.0000,1.0000,1.00,10.00,10.00,0.00055000,0.0000,1818.181818,false,NaN,failed,NaN,0.000550,0.000460,Failure,like
1.0000,1.0000,1.00,10.00,10.00,0.00011000,0.0000,9090.909091,false,NaN,failed,NaN,0.000110,0.000110,Failure,like
1.0000,1.0000,1.00,10.00,10.00,0.00990000,0.1000,157.126824,false,NaN,failed,NaN,0.009900,0.003796,Failure,like
1.0000,1.0000,1.00,10.00,10.00,0.00770000,0.1000,222.634508,false,NaN,failed,NaN,0.007700,0.002431,Failure,like
1.0000,1.0000,1.00,10.00,10.00,0.00550000,0.1000,363.636364,false,NaN,failed,NaN,0.005500,0.002756,Failure,like
1.0000,1.0000,1.00,10.00,10.00,0.00330000,0.1000,808.080808,false,NaN,failed,NaN,0.003300,0.001264,Failure,like
1.0000,1.0000,1.00,10.00,10.00,0.00110000,0.1000,5454.545455,false,NaN,failed,NaN,0.001100,0.001100,Failure,like
1.0000,1.0000,1.00,10.00,10.00,0.00055000,0.1000,20000.000000,false,NaN,failed,NaN,0.000550,0.000550,Failure,like
1.0000,1.0000,1.00,10.00,10.00,0.00011000,0.1000,463636.363636,false,NaN,failed,NaN,0.000110,0.000110,Failure,like
1.0000,1.0000,1.00,10.00,10.00,0.00990000,0.5000,1503.928171,false,NaN,failed,NaN,0.009900,0.005588,Failure,like
1.0000,1.0000,1.00,10.00,10.00,0.00770000,0.5000,2448.979592,false,NaN,failed,NaN,0.007700,0.004774,Failure,like
1.0000,1.0000,1.00,10.00,10.00,0.00550000,0.5000,4727.272727,false,NaN,failed,NaN,0.005500,0.004378,Failure,like
1.0000,1.0000,1.00,10.00,10.00,0.00330000,0.5000,12929.292929,false,NaN,failed,NaN,0.003300,0.003300,Failure,like
1.0000,1.0000,1.00,10.00,10.00,0.00110000,0.5000,114545.454545,false,NaN,failed,NaN,0.001100,0.001100,Failure,like
1.0000,1.0000,1.00,10.00,10.00,0.00055000,0.5000,456363.636364,false,NaN,failed,NaN,0.000550,0.000550,Failure,like
1.0000,1.0000,1.00,10.00,10.00,0.00011000,0.5000,11372727.272727,false,NaN,failed,NaN,0.000110,0.000110,Failure,like
1.0000,1.0000,1.00,10.00,100.00,0.00009900,0.0000,10101.010101,false,NaN,failed,NaN,0.000099,0.000099,Failure,like
1.0000,1.0000,1.00,10.00,100.00,0.00007700,0.0000,12987.012987,false,NaN,failed,NaN,0.000077,0.000077,Failure,like
1.0000,1.0000,1.00,10.00,100.00,0.00005500,0.0000,18181.818182,false,NaN,failed,NaN,0.000055,0.000055,Failure,like
1.0000,1.0000,1.00,10.00,100.00,0.00003300,0.0000,30303.030303,false,NaN,failed,NaN,0.000033,0.000033,Failure,like
1.0000,1.0000,1.00,10.00,100.00,0.00001100,0.0000,90909.090909,false,NaN,failed,NaN,0.000011,0.000011,Failure,like
1.0000,1.0000,1.00,10.00,100.00,0.00000550,0.0000,181818.181818,false,NaN,failed,NaN,0.000006,0.000006,Failure,like
1.0000,1.0000,1.00,10.00,100.00,0.00000110,0.0000,909090.909091,false,NaN,failed,NaN,0.000001,0.000001,Failure,like
1.0000,1.0000,1.00,10.00,100.00,0.00009900,0.1000,571268.237935,false,NaN,failed,NaN,0.000099,0.000099,Failure,like
1.0000,1.0000,1.00,10.00,100.00,0.00007700,0.1000,940630.797774,false,NaN,failed,NaN,0.000077,0.000077,Failure,like
1.0000,1.0000,1.00,10.00,100.00,0.00005500,0.1000,1836363.636364,false,NaN,failed,NaN,0.000055,0.000055,Failure,like
1.0000,1.0000,1.00,10.00,100.00,0.00003300,0.1000,5080808.080808,false,NaN,failed,NaN,0.000033,0.000033,Failure,like
1.0000,1.0000,1.00,10.00,100.00,0.00001100,0.1000,45545454.545455,false,NaN,failed,NaN,0.000011,0.000011,Failure,like
1.0000,1.0000,1.00,10.00,100.00,0.00000550,0.1000,182000000.000000,false,NaN,failed,NaN,0.000006,0.000006,Failure,like
1.0000,1.0000,1.00,10.00,100.00,0.00000110,0.1000,4546363636.363638,false,NaN,failed,NaN,0.000001,0.000001,Failure,like
1.0000,1.0000,1.00,10.00,100.00,0.00009900,0.5000,14039281.705948,false,NaN,failed,NaN,0.000099,0.000099,Failure,like
1.0000,1.0000,1.00,10.00,100.00,0.00007700,0.5000,23204081.632653,false,NaN,failed,NaN,0.000077,0.000077,Failure,like
1.0000,1.0000,1.00,10.00,100.00,0.00005500,0.5000,45472727.272727,false,NaN,failed,NaN,0.000055,0.000055,Failure,like
1.0000,1.0000,1.00,10.00,100.00,0.00003300,0.5000,126292929.292929,false,NaN,failed,NaN,0.000033,0.000033,Failure,like
1.0000,1.0000,1.00,10.00,100.00,0.00001100,0.5000,1136454545.454545,false,NaN,failed,NaN,0.000011,0.000011,Failure,like
1.0000,1.0000,1.00,10.00,100.00,0.00000550,0.5000,4545636363.636363,false,NaN,failed,NaN,0.000006,0.000006,Failure,like
1.0000,1.0000,1.00,10.00,100.00,0.00000110,0.5000,113637272727.272736,false,NaN,failed,NaN,0.000001,0.000001,Failure,like
1.0000,1.0000,1.00,100.00,1.00,0.90900000,0.0000,1.100110,false,NaN,failed,NaN,0.909000,0.055823,Failure,like
1.0000,1.0000,1.00,100.00,1.00,0.70700000,0.0000,1.414427,false,NaN,failed,NaN,0.707000,0.055240,Failure,like
1.0000,1.0000,1.00,100.00,1.00,0.50500000,0.0000,1.980198,false,NaN,failed,NaN,0.505000,0.038998,Failure,like
1.0000,1.0000,1.00,100.00,1.00,0.30300000,0.0000,3.300330,false,NaN,failed,NaN,0.303000,0.038641,Failure,like
1.0000,1.0000,1.00,100.00,1.00,0.10100000,0.0000,9.900990,false,NaN,failed,NaN,0.101000,0.046669,Failure,like
1.0000,1.0000,1.00,100.00,1.00,0.05050000,0.0000,19.801980,false,NaN,failed,NaN,0.050500,0.031082,Failure,like
1.0000,1.0000,1.00,100.00,1.00,0.01010000,0.0000,99.009901,false,NaN,failed,NaN,0.010100,0.010100,Failure,like
1.0000,1.0000,1.00,100.00,1.00,0.90900000,0.1000,1.106222,false,NaN,unbound,2467468383268.574707,0.909000,0.000000,Success,like
1.0000,1.0000,1.00,100.00,1.00,0.70700000,0.1000,1.424530,false,NaN,failed,NaN,261.513879,0.000071,Failure,like
1.0000,1.0000,1.00,100.00,1.00,0.50500000,0.1000,2.000000,false,NaN,failed,NaN,1691.270596,0.050971,Failure,like
1.0000,1.0000,1.00,100.00,1.00,0.30300000,0.1000,3.355336,false,NaN,failed,NaN,0.555223,0.042429,Failure,like
1.0000,1.0000,1.00,100.00,1.00,0.10100000,0.1000,10.396040,false,NaN,failed,NaN,0.101000,0.033143,Failure,like
1.0000,1.0000,1.00,100.00,1.00,0.05050000,0.1000,21.782178,false,NaN,failed,NaN,0.050500,0.024174,Failure,like
1.0000,1.0000,1.00,100.00,1.00,0.01010000,0.1000,148.514851,false,NaN,failed,NaN,0.010100,0.010100,Failure,like
1.0000,1.0000,1.00,100.00,1.00,0.90900000,0.5000,1.252903,false,NaN,failed,NaN,53092.885405,0.049809,Failure,like
1.0000,1.0000,1.00,100.00,1.00,0.70700000,0.5000,1.667003,false,NaN,unbound,34913332936.765366,0.707000,0.000000,Success,like
1.0000,1.0000,1.00,100.00,1.00,0.50500000,0.5000,2.475248,false,NaN,failed,NaN,17463.044771,0.002065,Failure,like
1.0000,1.0000,1.00,100.00,1.00,0.30300000,0.5000,4.675468,false,NaN,failed,NaN,0.303000,0.073034,Failure,like
1.0000,1.0000,1.00,100.00,1.00,0.10100000,0.5000,22.277228,false,NaN,failed,NaN,0.101000,0.067835,Failure,like
1.0000,1.0000,1.00,100.00,1.00,0.05050000,0.5000,69.306931,false,NaN,failed,NaN,0.050500,0.050500,Failure,like
1.0000,1.0000,1.00,100.00,1.00,0.01010000,0.5000,1336.633663,false,NaN,failed,NaN,0.010100,0.010100,Failure,like
1.0000,1.0000,1.00,100.00,2.00,0.22725000,0.0000,4.400440,false,NaN,failed,NaN,0.227250,0.019235,Failure,like
1.0000,1.0000,1.00,100.00,2.00,0.17675000,0.0000,5.657709,false,NaN,failed,NaN,0.176750,0.037837,Failure,like
1.0000,1.0000,1.00,100.00,2.00,0.12625000,0.0000,7.920792,false,NaN,failed,NaN,0.126250,0.032011,Failure,like
1.0000,1.0000,1.00,100.00,2.00,0.07575000,0.0000,13.201320,false,NaN,failed,NaN,0.075750,0.020423,Failure,like
1.0000,1.0000,1.00,100.00,2.00,0.02525000,0.0000,39.603960,false,NaN,failed,NaN,0.025250,0.013956,Failure,like
1.0000,1.0000,1.00,100.00,2.00,0.01262500,0.0000,79.207921,false,NaN,failed,NaN,0.012625,0.010552,Failure,like
1.0000,1.0000,1.00,100.00,2.00,0.00252500,0.0000,396.039604,false,NaN,failed,NaN,0.002525,0.002525,Failure,like
1.0000,1.0000,1.00,100.00,2.00,0.22725000,0.1000,4.498228,false,NaN,failed,NaN,0.227250,0.038938,Failure,like
1.0000,1.0000,1.00,100.00,2.00,0.17675000,0.1000,5.819357,false,NaN,unbound,1760900379.431282,0.176750,0.000000,Success,like
1.0000,1.0000,1.00,100.00,2.00,0.12625000,0.1000,8.237624,false,NaN,failed,NaN,0.126250,0.038379,Failure,like
1.0000,1.0000,1.00,100.00,2.00,0.07575000,0.1000,14.081408,false,NaN,failed,NaN,0.075750,0.025241,Failure,like
1.0000,1.0000,1.00,100.00,2.00,0.02525000,0.1000,47.524752,false,NaN,failed,NaN,0.025250,0.019175,Failure,like
1.0000,1.0000,1.00,100.00,2.00,0.01262500,0.1000,110.891089,false,NaN,failed,NaN,0.012625,0.012625,Failure,like
1.0000,1.0000,1.00,100.00,2.00,0.00252500,0.1000,1188.118812,false,NaN,failed,NaN,0.002525,0.002525,Failure,like
1.0000,1.0000,1.00,100.00,2.00,0.22725000,0.5000,6.845129,false,NaN,failed,NaN,0.227250,0.047778,Failure,like
1.0000,1.0000,1.00,100.00,2.00,0.17675000,0.5000,9.698929,false,NaN,failed,NaN,0.176750,0.055453,Failure,like
1.0000,1.0000,1.00,100.00,2.00,0.12625000,0.5000,15.841584,false,NaN,failed,NaN,0.126250,0.033568,Failure,like
1.0000,1.0000,1.00,100.00,2.00,0.07575000,0.5000,35.203520,false,NaN,failed,NaN,0.075750,0.040944,Failure,like
1.0000,1.0000,1.00,100.00,2.00,0.02525000,0.5000,237.623762,false,NaN,failed,NaN,0.025250,0.025250,Failure,like
1.0000,1.0000,1.00,100.00,2.00,0.01262500,0.5000,871.287129,false,NaN,failed,NaN,0.012625,0.012625,Failure,like
1.0000,1.0000,1.00,100.00,2.00,0.00252500,0.5000,20198.019802,false,NaN,failed,NaN,0.002525,0.002525,Failure,like
1.0000,1.0000,1.00,100.00,4.00,0.05681250,0.0000,17.601760,false,NaN,failed,NaN,0.056813,0.015765,Failure,like
1.0000,1.0000,1.00,100.00,4.00,0.04418750,0.0000,22.630835,false,NaN,failed,NaN,0.044187,0.009589,Failure,like
1.0000,1.0000,1.00,100.00,4.00,0.03156250,0.0000,31.683168,false,NaN,failed,NaN,0.031563,0.009997,Failure,like
1.0000,1.0000,1.00,100.00,4.00,0.01893750,0.0000,52.805281,false,NaN,failed,NaN,0.018937,0.006429,Failure,like
1.0000,1.0000,1.00,100.00,4.00,0.00631250,0.0000,158.415842,false,NaN,failed,NaN,0.006313,0.003489,Failure,like
1.0000,1.0000,1.00,100.00,4.00,0.00315625,0.0000,316.831683,false,NaN,failed,NaN,0.003156,0.002638,Failure,like
1.0000,1.0000,1.00,100.00,4.00,0.00063125,0.0000,1584.158416,false,NaN,failed,NaN,0.000631,0.000631,Failure,like
1.0000,1.0000,1.00,100.00,4.00,0.05681250,0.1000,19.166361,false,NaN,failed,NaN,0.056813,0.009698,Failure,like
1.0000,1.0000,1.00,100.00,4.00,0.04418750,0.1000,25.217216,false,NaN,failed,NaN,0.044187,0.010381,Failure,like
1.0000,1.0000,1.00,100.00,4.00,0.03156250,0.1000,36.752475,false,NaN,failed,NaN,0.031563,0.009977,Failure,like
1.0000,1.0000,1.00,100.00,4.00,0.01893750,0.1000,66.886689,false,NaN,failed,NaN,0.018937,0.010164,Failure,like
1.0000,1.0000,1.00,100.00,4.00,0.00631250,0.1000,285.148515,false,NaN,failed,NaN,0.006313,0.005678,Failure,like
1.0000,1.0000,1.00,100.00,4.00,0.00315625,0.1000,823.762376,false,NaN,failed,NaN,0.003156,0.003156,Failure,like
1.0000,1.0000,1.00,100.00,4.00,0.00063125,0.1000,14257.425743,false,NaN,failed,NaN,0.000631,0.000631,Failure,like
1.0000,1.0000,1.00,100.00,4.00,0.05681250,0.5000,56.716783,false,NaN,failed,NaN,0.056813,0.026964,Failure,like
1.0000,1.0000,1.00,100.00,4.00,0.04418750,0.5000,87.290362,false,NaN,failed,NaN,0.044187,0.015485,Failure,like
1.0000,1.0000,1.00,100.00,4.00,0.03156250,0.5000,158.415842,false,NaN,failed,NaN,0.031563,0.018595,Failure,like
1.0000,1.0000,1.00,100.00,4.00,0.01893750,0.5000,404.840484,false,NaN,failed,NaN,0.018937,0.014751,Failure,like
1.0000,1.0000,1.00,100.00,4.00,0.00631250,0.5000,3326.732673,false,NaN,failed,NaN,0.006313,0.006313,Failure,like
1.0000,1.0000,1.00,100.00,4.00,0.00315625,0.5000,12990.099010,false,NaN,failed,NaN,0.003156,0.003156,Failure,like
1.0000,1.0000,1.00,100.00,4.00,0.00063125,0.5000,318415.841584,false,NaN,failed,NaN,0.000631,0.000631,Failure,like
1.0000,1.0000,1.00,100.00,10.00,0.00909000,0.0000,110.011001,false,NaN,failed,NaN,0.009090,0.002522,Failure,like
1.0000,1.0000,1.00,100.00,10.00,0.00707000,0.0000,141.442716,false,NaN,failed,NaN,0.007070,0.001534,Failure,like
1.0000,1.0000,1.00,100.00,10.00,0.00505000,0.0000,198.019802,false,NaN,failed,NaN,0.005050,0.001600,Failure,like
1.0000,1.0000,1.00,100.00,10.00,0.00303000,0.0000,330.033003,false,NaN,failed,NaN,0.003030,0.001029,Failure,like
1.0000,1.0000,1.00,100.00,10.00,0.00101000,0.0000,990.099010,false,NaN,failed,NaN,0.001010,0.000558,Failure,like
1.0000,1.0000,1.00,100.00,10.00,0.00050500,0.0000,1980.198020,false,NaN,failed,NaN,0.000505,0.000422,Failure,like
1.0000,1.0000,1.00,100.00,10.00,0.00010100,0.0000,9900.990099,false,NaN,failed,NaN,0.000101,0.000101,Failure,like
1.0000,1.0000,1.00,100.00,10.00,0.00909000,0.1000,171.128224,false,NaN,failed,NaN,0.009090,0.003485,Failure,like
1.0000,1.0000,1.00,100.00,10.00,0.00707000,0.1000,242.473227,false,NaN,failed,NaN,0.007070,0.002232,Failure,like
1.0000,1.0000,1.00,100.00,10.00,0.00505000,0.1000,396.039604,false,NaN,failed,NaN,0.005050,0.002531,Failure,like
1.0000,1.0000,1.00,100.00,10.00,0.00303000,0.1000,880.088009,false,NaN,failed,NaN,0.003030,0.001161,Failure,like
1.0000,1.0000,1.00,100.00,10.00,0.00101000,0.1000,5940.594059,false,NaN,failed,NaN,0.001010,0.001010,Failure,like
1.0000,1.0000,1.00,100.00,10.00,0.00050500,0.1000,21782.178218,false,NaN,failed,NaN,0.000505,0.000505,Failure,like
1.0000,1.0000,1.00,100.00,10.00,0.00010100,0.1000,504950.495050,false,NaN,failed,NaN,0.000101,0.000101,Failure,like
1.0000,1.0000,1.00,100.00,10.00,0.00909000,0.5000,1637.941572,false,NaN,failed,NaN,0.009090,0.005131,Failure,like
1.0000,1.0000,1.00,100.00,10.00,0.00707000,0.5000,2667.205496,false,NaN,failed,NaN,0.007070,0.004384,Failure,like
1.0000,1.0000,1.00,100.00,10.00,0.00505000,0.5000,5148.514851,false,NaN,failed,NaN,0.005050,0.004020,Failure,like
1.0000,1.0000,1.00,100.00,10.00,0.00303000,0.5000,14081.408141,false,NaN,failed,NaN,0.003030,0.003030,Failure,like
1.0000,1.0000,1.00,100.00,10.00,0.00101000,0.5000,124752.475248,false,NaN,failed,NaN,0.001010,0.001010,Failure,like
1.0000,1.0000,1.00,100.00,10.00,0.00050500,0.5000,497029.702970,false,NaN,failed,NaN,0.000505,0.000505,Failure,like
1.0000,1.0000,1.00,100.00,10.00,0.00010100,0.5000,12386138.613861,false,NaN,failed,NaN,0.000101,0.000101,Failure,like
1.0000,1.0000,1.00,100.00,100.00,0.00009090,0.0000,11001.100110,false,NaN,failed,NaN,0.000091,0.000091,Failure,like
1.0000,1.0000,1.00,100.00,100.00,0.00007070,0.0000,14144.271570,false,NaN,failed,NaN,0.000071,0.000071,Failure,like
1.0000,1.0000,1.00,100.00,100.00,0.00005050,0.0000,19801.980198,false,NaN,failed,NaN,0.000051,0.000051,Failure,like
1.0000,1.0000,1.00,100.00,100.00,0.00003030,0.0000,33003.300330,false,NaN,failed,NaN,0.000030,0.000030,Failure,like
1.0000,1.0000,1.00,100.00,100.00,0.00001010,0.0000,99009.900990,false,NaN,failed,NaN,0.000010,0.000010,Failure,like
1.0000,1.0000,1.00,100.00,100.00,0.00000505,0.0000,198019.801980,false,NaN,failed,NaN,0.000005,0.000005,Failure,like
1.0000,1.0000,1.00,100.00,100.00,0.00000101,0.0000,990099.009901,false,NaN,failed,NaN,0.000001,0.000001,Failure,like
1.0000,1.0000,1.00,100.00,100.00,0.00009090,0.1000,622173.328444,false,NaN,failed,NaN,0.000091,0.000091,Failure,like
1.0000,1.0000,1.00,100.00,100.00,0.00007070,0.1000,1024449.383714,false,NaN,failed,NaN,0.000071,0.000071,Failure,like
1.0000,1.0000,1.00,100.00,100.00,0.00005050,0.1000,2000000.000000,false,NaN,failed,NaN,0.000051,0.000051,Failure,like
1.0000,1.0000,1.00,100.00,100.00,0.00003030,0.1000,5533553.355336,false,NaN,failed,NaN,0.000030,0.000030,Failure,like
1.0000,1.0000,1.00,100.00,100.00,0.00001010,0.1000,49603960.396040,false,NaN,failed,NaN,0.000010,0.000010,Failure,like
1.0000,1.0000,1.00,100.00,100.00,0.00000505,0.1000,198217821.782178,false,NaN,failed,NaN,0.000005,0.000005,Failure,like
1.0000,1.0000,1.00,100.00,100.00,0.00000101,0.1000,4951485148.514852,false,NaN,failed,NaN,0.000001,0.000001,Failure,like
1.0000,1.0000,1.00,100.00,100.00,0.00009090,0.5000,15290306.808459,false,NaN,failed,NaN,0.000091,0.000091,Failure,like
1.0000,1.0000,1.00,100.00,100.00,0.00007070,0.5000,25271772.075167,false,NaN,failed,NaN,0.000071,0.000071,Failure,like
1.0000,1.0000,1.00,100.00,100.00,0.00005050,0.5000,49524752.475248,false,NaN,failed,NaN,0.000051,0.000051,Failure,like
1.0000,1.0000,1.00,100.00,100.00,0.00003030,0.5000,137546754.675468,false,NaN,failed,NaN,0.000030,0.000030,Failure,like
1.0000,1.0000,1.00,100.00,100.00,0.00001010,0.5000,1237722772.277227,false,NaN,failed,NaN,0.000010,0.000010,Failure,like
1.0000,1.0000,1.00,100.00,100.00,0.00000505,0.5000,4950693069.306930,false,NaN,failed,NaN,0.000005,0.000005,Failure,like
1.0000,1.0000,1.00,100.00,100.00,0.00000101,0.5000,123763366336.633652,false,NaN,failed,NaN,0.000001,0.000001,Failure,like
1.0000,-2.0000,1.00,1.00,2.00,200.00000000,0.0000,-0.010000,true,NaN,low_ecc_elliptic,0.000000,200.000000,187.160142,Success,asym_1_-2
1.0000,-2.0000,1.00,1.00,2.00,40.00000000,0.0000,-0.050000,true,NaN,high_ecc_elliptic,0.027888,40.000000,1.118891,Success,asym_1_-2
1.0000,-2.0000,1.00,1.00,2.00,20.00000000,0.0000,-0.100000,true,NaN,high_ecc_elliptic,0.184998,20.000000,0.882215,Success,asym_1_-2
1.0000,-2.0000,1.00,1.00,2.00,8.00000000,0.0000,-0.250000,false,NaN,failed,NaN,8.000000,0.174638,Failure,asym_1_-2
1.0000,-2.0000,1.00,1.00,2.00,4.00000000,0.0000,-0.500000,false,NaN,failed,NaN,4.000000,0.128463,Failure,asym_1_-2
1.0000,-2.0000,1.00,1.00,2.00,2.00000000,0.0000,-1.000000,false,NaN,failed,NaN,2.000000,0.166223,Failure,asym_1_-2
1.0000,-2.0000,1.00,1.00,2.00,199.96874512,0.2500,-0.010000,true,NaN,low_ecc_elliptic,0.000000,199.968745,187.128876,Success,asym_1_-2
1.0000,-2.0000,1.00,1.00,2.00,39.96872555,0.2500,-0.050000,false,NaN,failed,NaN,39.968726,0.233953,Failure,asym_1_-2
1.0000,-2.0000,1.00,1.00,2.00,19.96870102,0.2500,-0.100000,false,NaN,failed,NaN,19.968701,0.430255,Failure,asym_1_-2
1.0000,-2.0000,1.00,1.00,2.00,7.96862697,0.2500,-0.250000,false,NaN,failed,NaN,7.968627,0.168449,Failure,asym_1_-2
1.0000,-2.0000,1.00,1.00,2.00,3.96850197,0.2500,-0.500000,false,NaN,failed,NaN,3.968502,0.144180,Failure,asym_1_-2
1.0000,-2.0000,1.00,1.00,2.00,1.96824584,0.2500,-1.000000,false,NaN,failed,NaN,1.968246,0.110275,Failure,asym_1_-2
1.0000,-2.0000,1.00,1.00,2.00,199.87492178,0.5000,-0.010000,true,NaN,low_ecc_elliptic,0.000000,199.874922,187.035026,Success,asym_1_-2
1.0000,-2.0000,1.00,1.00,2.00,39.87460691,0.5000,-0.050000,false,NaN,unbound,297.077528,40.626462,0.680093,Success,asym_1_-2
1.0000,-2.0000,1.00,1.00,2.00,19.87420883,0.5000,-0.100000,false,NaN,unbound,167.730479,21.979591,0.251277,Success,asym_1_-2
1.0000,-2.0000,1.00,1.00,2.00,7.87298335,0.5000,-0.250000,false,28.125000,unbound,67.239522,10.987172,0.141073,Success,asym_1_-2
1.0000,-2.0000,1.00,1.00,2.00,3.87082869,0.5000,-0.500000,false,7.735000,unbound,26.409780,3.947219,0.130281,Success,asym_1_-2
1.0000,-2.0000,1.00,1.00,2.00,1.86602540,0.5000,-1.000000,false,2.340000,unbound,9.438921,1.876639,0.141014,Success,asym_1_-2
1.0000,-2.0000,1.00,1.00,2.00,199.49874371,1.0000,-0.010000,true,NaN,low_ecc_elliptic,0.000000,199.498744,186.658800,Success,asym_1_-2
1.0000,-2.0000,1.00,1.00,2.00,39.49358869,1.0000,-0.050000,true,NaN,high_ecc_elliptic,0.614253,39.493589,0.535817,Success,asym_1_-2
1.0000,-2.0000,1.00,1.00,2.00,19.48683298,1.0000,-0.100000,true,NaN,high_ecc_elliptic,0.282369,19.486833,0.559879,Success,asym_1_-2
1.0000,-2.0000,1.00,1.00,2.00,7.46410162,1.0000,-0.250000,true,NaN,high_ecc_elliptic,0.086181,7.464102,0.536022,Success,asym_1_-2
1.0000,-2.0000,1.00,1.00,2.00,3.41421356,1.0000,-0.500000,true,NaN,high_ecc_elliptic,0.025188,3.414214,0.585989,Success,asym_1_-2
1.0000,-2.0000,1.00,1.00,2.00,1.00000000,1.0000,-1.000000,true,NaN,circular,0.000000,1.000037,1.000000,Success,asym_1_-2
1.0000,-2.0000,1.00,1.00,2.00,197.97958971,2.0000,-0.010000,true,NaN,low_ecc_elliptic,0.000000,197.979590,185.140464,Success,asym_1_-2
1.0000,-2.0000,1.00,1.00,2.00,37.88854382,2.0000,-0.050000,true,NaN,high_ecc_elliptic,0.001372,37.888544,2.133309,Success,asym_1_-2
1.0000,-2.0000,1.00,1.00,2.00,17.74596669,2.0000,-0.100000,true,NaN,high_ecc_elliptic,0.000491,17.745967,2.255117,Success,asym_1_-2
1.0000,-2.0000,1.00,1.00,2.00,4.00000000,2.0000,-0.250000,true,NaN,circular,0.000000,4.000002,4.000000,Success,asym_1_-2
1.0000,-2.0000,1.00,1.00,4.00,200.00000000,0.0000,-0.010000,true,NaN,low_ecc_elliptic,0.000000,200.000000,187.210205,Success,asym_1_-2
1.0000,-2.0000,1.00,1.00,4.00,40.00000000,0.0000,-0.050000,true,NaN,high_ecc_elliptic,0.045639,40.000000,0.951708,Success,asym_1_-2
1.0000,-2.0000,1.00,1.00,4.00,20.00000000,0.0000,-0.100000,true,NaN,high_ecc_elliptic,0.376454,20.000000,0.506079,Success,asym_1_-2
1.0000,-2.0000,1.00,1.00,4.00,8.00000000,0.0000,-0.250000,false,122.250000,unbound,3.512229,8.000000,0.151021,Success,asym_1_-2
1.0000,-2.0000,1.00,1.00,4.00,4.00000000,0.0000,-0.500000,false,NaN,failed,NaN,4.000000,0.092149,Failure,asym_1_-2
1.0000,-2.0000,1.00,1.00,4.00,2.00000000,0.0000,-1.000000,false,NaN,failed,NaN,2.000000,0.134744,Failure,asym_1_-2
1.0000,-2.0000,1.00,1.00,4.00,199.96874512,0.2500,-0.010000,true,NaN,low_ecc_elliptic,0.000000,199.968745,187.178948,Success,asym_1_-2
1.0000,-2.0000,1.00,1.00,4.00,39.96872555,0.2500,-0.050000,false,NaN,failed,NaN,39.968726,0.583204,Failure,asym_1_-2
1.0000,-2.0000,1.00,1.00,4.00,19.96870102,0.2500,-0.100000,false,NaN,failed,NaN,19.968701,0.175453,Failure,asym_1_-2
1.0000,-2.0000,1.00,1.00,4.00,7.96862697,0.2500,-0.250000,false,NaN,failed,NaN,7.968627,0.137080,Failure,asym_1_-2
1.0000,-2.0000,1.00,1.00,4.00,3.96850197,0.2500,-0.500000,false,NaN,failed,NaN,3.968502,0.085460,Failure,asym_1_-2
1.0000,-2.0000,1.00,1.00,4.00,1.96824584,0.2500,-1.000000,false,NaN,failed,NaN,1.968246,0.125436,Failure,asym_1_-2
1.0000,-2.0000,1.00,1.00,4.00,199.87492178,0.5000,-0.010000,true,NaN,low_ecc_elliptic,0.000000,199.874922,187.085121,Success,asym_1_-2
1.0000,-2.0000,1.00,1.00,4.00,39.87460691,0.5000,-0.050000,false,NaN,unbound,163.499032,39.913975,0.566317,Success,asym_1_-2
1.0000,-2.0000,1.00,1.00,4.00,19.87420883,0.5000,-0.100000,false,NaN,unbound,80.000567,19.874209,0.395833,Success,asym_1_-2
1.0000,-2.0000,1.00,1.00,4.00,7.87298335,0.5000,-0.250000,false,48.937500,unbound,29.000819,7.873857,0.132922,Success,asym_1_-2
1.0000,-2.0000,1.00,1.00,4.00,3.87082869,0.5000,-0.500000,false,NaN,unbound,13.647626,3.870829,0.129806,Success,asym_1_-2
1.0000,-2.0000,1.00,1.00,4.00,1.86602540,0.5000,-1.000000,false,NaN,unbound,5.451708,1.866028,0.134619,Success,asym_1_-2
1.0000,-2.0000,1.00,1.00,4.00,199.49874371,1.0000,-0.010000,true,NaN,low_ecc_elliptic,0.000000,199.498744,186.708992,Success,asym_1_-2
1.0000,-2.0000,1.00,1.00,4.00,39.49358869,1.0000,-0.050000,true,NaN,high_ecc_elliptic,0.436292,39.493589,0.536369,Success,asym_1_-2
1.0000,-2.0000,1.00,1.00,4.00,19.48683298,1.0000,-0.100000,true,NaN,high_ecc_elliptic,0.203515,19.486833,0.576750,Success,asym_1_-2
1.0000,-2.0000,1.00,1.00,4.00,7.46410162,1.0000,-0.250000,true,NaN,high_ecc_elliptic,0.064986,7.464102,0.535925,Success,asym_1_-2
1.0000,-2.0000,1.00,1.00,4.00,3.41421356,1.0000,-0.500000,true,NaN,high_ecc_elliptic,0.020660,3.414214,0.585851,Success,asym_1_-2
1.0000,-2.0000,1.00,1.00,4.00,1.00000000,1.0000,-1.000000,true,NaN,circular,0.000000,1.000037,1.000000,Success,asym_1_-2
1.0000,-2.0000,1.00,1.00,4.00,197.97958971,2.0000,-0.010000,true,NaN,low_ecc_elliptic,0.000000,197.979590,185.191044,Success,asym_1_-2
1.0000,-2.0000,1.00,1.00,4.00,37.88854382,2.0000,-0.050000,true,NaN,high_ecc_elliptic,0.001253,37.888544,2.115323,Success,asym_1_-2
1.0000,-2.0000,1.00,1.00,4.00,17.74596669,2.0000,-0.100000,true,NaN,high_ecc_elliptic,0.000459,17.745967,2.254094,Success,asym_1_-2
1.0000,-2.0000,1.00,1.00,4.00,4.00000000,2.0000,-0.250000,true,NaN,circular,0.000000,4.000002,4.000000,Success,asym_1_-2
1.0000,-2.0000,1.00,1.00,10.00,200.00000000,0.0000,-0.010000,true,NaN,low_ecc_elliptic,0.000000,200.000000,187.224220,Success,asym_1_-2
1.0000,-2.0000,1.00,1.00,10.00,40.00000000,0.0000,-0.050000,true,NaN,high_ecc_elliptic,0.057271,40.000000,1.091566,Success,asym_1_-2
1.0000,-2.0000,1.00,1.00,10.00,20.00000000,0.0000,-0.100000,true,NaN,high_ecc_elliptic,0.469468,20.000000,0.501039,Success,asym_1_-2
1.0000,-2.0000,1.00,1.00,10.00,8.00000000,0.0000,-0.250000,false,75.000000,unbound,18.742606,8.000000,0.117594,Success,asym_1_-2
1.0000,-2.0000,1.00,1.00,10.00,4.00000000,0.0000,-0.500000,false,NaN,unbound,93.702947,4.000000,0.059365,Success,asym_1_-2
1.0000,-2.0000,1.00,1.00,10.00,2.00000000,0.0000,-1.000000,false,9.270000,unbound,1237.728383,2.000000,0.027942,Success,asym_1_-2
1.0000,-2.0000,1.00,1.00,10.00,199.96874512,0.2500,-0.010000,true,NaN,low_ecc_elliptic,0.000000,199.968745,187.192965,Success,asym_1_-2
1.0000,-2.0000,1.00,1.00,10.00,39.96872555,0.2500,-0.050000,false,NaN,failed,NaN,39.968726,0.479608,Failure,asym_1_-2
1.0000,-2.0000,1.00,1.00,10.00,19.96870102,0.2500,-0.100000,false,NaN,failed,NaN,19.968701,0.258177,Failure,asym_1_-2
1.0000,-2.0000,1.00,1.00,10.00,7.96862697,0.2500,-0.250000,false,NaN,failed,NaN,7.968627,0.086513,Failure,asym_1_-2
1.0000,-2.0000,1.00,1.00,10.00,3.96850197,0.2500,-0.500000,false,NaN,failed,NaN,3.968502,0.085379,Failure,asym_1_-2
1.0000,-2.0000,1.00,1.00,10.00,1.96824584,0.2500,-1.000000,false,NaN,failed,NaN,1.968246,0.092785,Failure,asym_1_-2
1.0000,-2.0000,1.00,1.00,10.00,199.87492178,0.5000,-0.010000,true,NaN,low_ecc_elliptic,0.000000,199.874922,187.099145,Success,asym_1_-2
1.0000,-2.0000,1.00,1.00,10.00,39.87460691,0.5000,-0.050000,false,NaN,unbound,104.830335,39.874607,0.392635,Success,asym_1_-2
1.0000,-2.0000,1.00,1.00,10.00,19.87420883,0.5000,-0.100000,false,NaN,unbound,54.901009,19.874209,0.203665,Success,asym_1_-2
1.0000,-2.0000,1.00,1.00,10.00,7.87298335,0.5000,-0.250000,false,NaN,unbound,20.914723,7.872983,0.131918,Success,asym_1_-2
1.0000,-2.0000,1.00,1.00,10.00,3.87082869,0.5000,-0.500000,false,NaN,unbound,9.598588,3.870829,0.129922,Success,asym_1_-2
1.0000,-2.0000,1.00,1.00,10.00,1.86602540,0.5000,-1.000000,false,NaN,unbound,3.991563,1.866025,0.137599,Success,asym_1_-2
1.0000,-2.0000,1.00,1.00,10.00,199.49874371,1.0000,-0.010000,true,NaN,low_ecc_elliptic,0.000000,199.498744,186.723043,Success,asym_1_-2
1.0000,-2.0000,1.00,1.00,10.00,39.49358869,1.0000,-0.050000,true,NaN,high_ecc_elliptic,0.386417,39.493589,0.544718,Success,asym_1_-2
1.0000,-2.0000,1.00,1.00,10.00,19.48683298,1.0000,-0.100000,true,NaN,high_ecc_elliptic,0.181373,19.486833,0.516771,Success,asym_1_-2
1.0000,-2.0000,1.00,1.00,10.00,7.46410162,1.0000,-0.250000,true,NaN,high_ecc_elliptic,0.059044,7.464102,0.536023,Success,asym_1_-2
1.0000,-2.0000,1.00,1.00,10.00,3.41421356,1.0000,-0.500000,true,NaN,high_ecc_elliptic,0.019391,3.414214,0.585830,Success,asym_1_-2
1.0000,-2.0000,1.00,1.00,10.00,1.00000000,1.0000,-1.000000,true,NaN,circular,0.000000,1.000037,1.000000,Success,asym_1_-2
1.0000,-2.0000,1.00,1.00,10.00,197.97958971,2.0000,-0.010000,true,NaN,low_ecc_elliptic,0.000000,197.979590,185.205203,Success,asym_1_-2
1.0000,-2.0000,1.00,1.00,10.00,37.88854382,2.0000,-0.050000,true,NaN,high_ecc_elliptic,0.001220,37.888544,2.113391,Success,asym_1_-2
1.0000,-2.0000,1.00,1.00,10.00,17.74596669,2.0000,-0.100000,true,NaN,high_ecc_elliptic,0.000450,17.745967,2.254140,Success,asym_1_-2
1.0000,-2.0000,1.00,1.00,10.00,4.00000000,2.0000,-0.250000,true,NaN,circular,0.000000,4.000002,4.000000,Success,asym_1_-2
1.0000,-2.0000,1.00,2.00,2.00,200.00000000,0.0000,-0.010000,true,NaN,low_ecc_elliptic,0.000000,200.000000,190.436335,Success,asym_1_-2
1.0000,-2.0000,1.00,2.00,2.00,40.00000000,0.0000,-0.050000,true,NaN,high_ecc_elliptic,0.024023,40.000000,1.048104,Success,asym_1_-2
1.0000,-2.0000,1.00,2.00,2.00,20.00000000,0.0000,-0.100000,true,NaN,high_ecc_elliptic,0.149469,20.000000,0.527382,Success,asym_1_-2
1.0000,-2.0000,1.00,2.00,2.00,8.00000000,0.0000,-0.250000,false,NaN,unbound,8.484043,8.000000,0.165689,Success,asym_1_-2
1.0000,-2.0000,1.00,2.00,2.00,4.00000000,0.0000,-0.500000,false,NaN,failed,NaN,4.000000,0.117598,Failure,asym_1_-2
1.0000,-2.0000,1.00,2.00,2.00,2.00000000,0.0000,-1.000000,false,NaN,failed,NaN,2.000000,0.135599,Failure,asym_1_-2
1.0000,-2.0000,1.00,2.00,2.00,199.97655975,0.2500,-0.010000,true,NaN,low_ecc_elliptic,0.000000,199.976560,190.412890,Success,asym_1_-2
1.0000,-2.0000,1.00,2.00,2.00,39.97654875,0.2500,-0.050000,false,NaN,failed,NaN,39.976549,0.416987,Failure,asym_1_-2
1.0000,-2.0000,1.00,2.00,2.00,19.97653497,0.2500,-0.100000,false,NaN,failed,NaN,19.976535,0.499543,Failure,asym_1_-2
1.0000,-2.0000,1.00,2.00,2.00,7.97649343,0.2500,-0.250000,false,NaN,failed,NaN,7.976493,0.118841,Failure,asym_1_-2
1.0000,-2.0000,1.00,2.00,2.00,3.97642354,0.2500,-0.500000,false,NaN,failed,NaN,3.976424,0.157310,Failure,asym_1_-2
1.0000,-2.0000,1.00,2.00,2.00,1.97628121,0.2500,-1.000000,false,NaN,failed,NaN,1.976281,0.110239,Failure,asym_1_-2
1.0000,-2.0000,1.00,2.00,2.00,199.90620601,0.5000,-0.010000,true,NaN,low_ecc_elliptic,0.000000,199.906206,190.342526,Success,asym_1_-2
1.0000,-2.0000,1.00,2.00,2.00,39.90602924,0.5000,-0.050000,false,NaN,failed,NaN,39.906029,0.238987,Failure,asym_1_-2
1.0000,-2.0000,1.00,2.00,2.00,19.90580638,0.5000,-0.100000,false,NaN,failed,NaN,19.905806,0.343822,Failure,asym_1_-2
1.0000,-2.0000,1.00,2.00,2.00,7.90512484,0.5000,-0.250000,false,NaN,failed,NaN,7.905125,0.130689,Failure,asym_1_-2
1.0000,-2.0000,1.00,2.00,2.00,3.90394328,0.5000,-0.500000,false,NaN,failed,NaN,3.903943,0.120915,Failure,asym_1_-2
1.0000,-2.0000,1.00,2.00,2.00,1.90138782,0.5000,-1.000000,false,3.175000,unbound,26.464219,2.136195,0.102527,Success,asym_1_-2
1.0000,-2.0000,1.00,2.00,2.00,199.62429423,1.0000,-0.010000,true,NaN,low_ecc_elliptic,0.000000,199.624294,190.060594,Success,asym_1_-2
1.0000,-2.0000,1.00,2.00,2.00,39.62141687,1.0000,-0.050000,false,NaN,unbound,1.484230,39.621417,0.420665,Success,asym_1_-2
1.0000,-2.0000,1.00,2.00,2.00,19.61769203,1.0000,-0.100000,true,NaN,high_ecc_elliptic,0.698324,19.617692,0.397342,Success,asym_1_-2
1.0000,-2.0000,1.00,2.00,2.00,7.60555128,1.0000,-0.250000,true,NaN,high_ecc_elliptic,0.229498,7.605551,0.396594,Success,asym_1_-2
1.0000,-2.0000,1.00,2.00,2.00,3.58113883,1.0000,-0.500000,true,NaN,high_ecc_elliptic,0.079349,3.581139,0.419207,Success,asym_1_-2
1.0000,-2.0000,1.00,2.00,2.00,1.50000000,1.0000,-1.000000,true,NaN,moderate_ecc_elliptic,0.014273,1.500000,0.500048,Success,asym_1_-2
1.0000,-2.0000,1.00,2.00,2.00,198.48857802,2.0000,-0.010000,true,NaN,low_ecc_elliptic,0.000000,198.488578,188.925210,Success,asym_1_-2
1.0000,-2.0000,1.00,2.00,2.00,38.43908891,2.0000,-0.050000,true,NaN,high_ecc_elliptic,0.003506,38.439089,1.573832,Success,asym_1_-2
1.0000,-2.0000,1.00,2.00,2.00,18.36660027,2.0000,-0.100000,true,NaN,high_ecc_elliptic,0.001386,18.366600,1.633789,Success,asym_1_-2
1.0000,-2.0000,1.00,2.00,2.00,6.00000000,2.0000,-0.250000,true,NaN,moderate_ecc_elliptic,0.000201,6.000000,2.000005,Success,asym_1_-2
1.0000,-2.0000,1.00,2.00,4.00,200.00000000,0.0000,-0.010000,true,NaN,low_ecc_elliptic,0.000000,200.000000,190.464018,Success,asym_1_-2
1.0000,-2.0000,1.00,2.00,4.00,40.00000000,0.0000,-0.050000,true,NaN,high_ecc_elliptic,0.036388,40.000000,0.982573,Success,asym_1_-2
1.0000,-2.0000,1.00,2.00,4.00,20.00000000,0.0000,-0.100000,true,NaN,high_ecc_elliptic,0.255470,20.000000,0.614837,Success,asym_1_-2
1.0000,-2.0000,1.00,2.00,4.00,8.00000000,0.0000,-0.250000,false,NaN,unbound,2.935292,8.000000,0.153972,Success,asym_1_-2
1.0000,-2.0000,1.00,2.00,4.00,4.00000000,0.0000,-0.500000,false,NaN,unbound,2578.442929,4.000000,0.187270,Success,asym_1_-2
1.0000,-2.0000,1.00,2.00,4.00,2.00000000,0.0000,-1.000000,false,NaN,failed,NaN,2.000000,0.056592,Failure,asym_1_-2
1.0000,-2.0000,1.00,2.00,4.00,199.97655975,0.2500,-0.010000,true,NaN,low_ecc_elliptic,0.000000,199.976560,190.440577,Success,asym_1_-2
1.0000,-2.0000,1.00,2.00,4.00,39.97654875,0.2500,-0.050000,false,NaN,failed,NaN,39.976549,0.477560,Failure,asym_1_-2
1.0000,-2.0000,1.00,2.00,4.00,19.97653497,0.2500,-0.100000,false,NaN,failed,NaN,19.976535,0.362111,Failure,asym_1_-2
1.0000,-2.0000,1.00,2.00,4.00,7.97649343,0.2500,-0.250000,false,NaN,failed,NaN,7.976493,0.152680,Failure,asym_1_-2
1.0000,-2.0000,1.00,2.00,4.00,3.97642354,0.2500,-0.500000,false,NaN,failed,NaN,3.976424,0.094204,Failure,asym_1_-2
1.0000,-2.0000,1.00,2.00,4.00,1.97628121,0.2500,-1.000000,false,NaN,failed,NaN,1.976281,0.073887,Failure,asym_1_-2
1.0000,-2.0000,1.00,2.00,4.00,199.90620601,0.5000,-0.010000,true,NaN,low_ecc_elliptic,0.000000,199.906206,190.370222,Success,asym_1_-2
1.0000,-2.0000,1.00,2.00,4.00,39.90602924,0.5000,-0.050000,false,NaN,unbound,384.571614,40.059929,0.105258,Success,asym_1_-2
1.0000,-2.0000,1.00,2.00,4.00,19.90580638,0.5000,-0.100000,false,116.500000,unbound,188.429644,20.186486,0.201250,Success,asym_1_-2
1.0000,-2.0000,1.00,2.00,4.00,7.90512484,0.5000,-0.250000,false,28.710000,unbound,70.229675,8.035739,0.099401,Success,asym_1_-2
1.0000,-2.0000,1.00,2.00,4.00,3.90394328,0.5000,-0.500000,false,9.900000,unbound,32.716402,3.928972,0.097767,Success,asym_1_-2
1.0000,-2.0000,1.00,2.00,4.00,1.90138782,0.5000,-1.000000,false,NaN,unbound,14.372015,1.901408,0.100776,Success,asym_1_-2
1.0000,-2.0000,1.00,2.00,4.00,199.62429423,1.0000,-0.010000,true,NaN,low_ecc_elliptic,0.000000,199.624294,190.088330,Success,asym_1_-2
1.0000,-2.0000,1.00,2.00,4.00,39.62141687,1.0000,-0.050000,false,NaN,unbound,1.051635,39.621417,0.379189,Success,asym_1_-2
1.0000,-2.0000,1.00,2.00,4.00,19.61769203,1.0000,-0.100000,true,NaN,high_ecc_elliptic,0.499652,19.617692,0.394075,Success,asym_1_-2
1.0000,-2.0000,1.00,2.00,4.00,7.60555128,1.0000,-0.250000,true,NaN,high_ecc_elliptic,0.169761,7.605551,0.396040,Success,asym_1_-2
1.0000,-2.0000,1.00,2.00,4.00,3.58113883,1.0000,-0.500000,true,NaN,high_ecc_elliptic,0.062336,3.581139,0.426461,Success,asym_1_-2
1.0000,-2.0000,1.00,2.00,4.00,1.50000000,1.0000,-1.000000,true,NaN,moderate_ecc_elliptic,0.012872,1.500000,0.500032,Success,asym_1_-2
1.0000,-2.0000,1.00,2.00,4.00,198.48857802,2.0000,-0.010000,true,NaN,low_ecc_elliptic,0.000000,198.488578,188.953105,Success,asym_1_-2
1.0000,-2.0000,1.00,2.00,4.00,38.43908891,2.0000,-0.050000,true,NaN,high_ecc_elliptic,0.003184,38.439089,1.561079,Success,asym_1_-2
1.0000,-2.0000,1.00,2.00,4.00,18.36660027,2.0000,-0.100000,true,NaN,high_ecc_elliptic,0.001281,18.366600,1.633403,Success,asym_1_-2
1.0000,-2.0000,1.00,2.00,4.00,6.00000000,2.0000,-0.250000,true,NaN,moderate_ecc_elliptic,0.000196,6.000000,2.000032,Success,asym_1_-2
1.0000,-2.0000,1.00,2.00,10.00,200.00000000,0.0000,-0.010000,true,NaN,low_ecc_elliptic,0.000000,200.000000,190.471768,Success,asym_1_-2
1.0000,-2.0000,1.00,2.00,10.00,40.00000000,0.0000,-0.050000,true,NaN,high_ecc_elliptic,0.043059,40.000000,0.994614,Success,asym_1_-2
1.0000,-2.0000,1.00,2.00,10.00,20.00000000,0.0000,-0.100000,true,NaN,high_ecc_elliptic,0.402533,20.000000,0.401048,Success,asym_1_-2
1.0000,-2.0000,1.00,2.00,10.00,8.00000000,0.0000,-0.250000,false,NaN,unbound,5.477475,8.000000,0.153547,Success,asym_1_-2
1.0000,-2.0000,1.00,2.00,10.00,4.00000000,0.0000,-0.500000,false,NaN,unbound,31.845362,4.000000,0.079097,Success,asym_1_-2
1.0000,-2.0000,1.00,2.00,10.00,2.00000000,0.0000,-1.000000,false,NaN,failed,NaN,2.000000,0.077431,Failure,asym_1_-2
1.0000,-2.0000,1.00,2.00,10.00,199.97655975,0.2500,-0.010000,true,NaN,low_ecc_elliptic,0.000000,199.976560,190.448328,Success,asym_1_-2
1.0000,-2.0000,1.00,2.00,10.00,39.97654875,0.2500,-0.050000,false,NaN,failed,NaN,39.976549,0.236629,Failure,asym_1_-2
1.0000,-2.0000,1.00,2.00,10.00,19.97653497,0.2500,-0.100000,false,NaN,failed,NaN,19.976535,0.164184,Failure,asym_1_-2
1.0000,-2.0000,1.00,2.00,10.00,7.97649343,0.2500,-0.250000,false,NaN,failed,NaN,7.976493,0.093266,Failure,asym_1_-2
1.0000,-2.0000,1.00,2.00,10.00,3.97642354,0.2500,-0.500000,false,NaN,failed,NaN,3.976424,0.056513,Failure,asym_1_-2
1.0000,-2.0000,1.00,2.00,10.00,1.97628121,0.2500,-1.000000,false,NaN,failed,NaN,1.976281,0.055013,Failure,asym_1_-2
1.0000,-2.0000,1.00,2.00,10.00,199.90620601,0.5000,-0.010000,true,NaN,low_ecc_elliptic,0.000000,199.906206,190.377976,Success,asym_1_-2
1.0000,-2.0000,1.00,2.00,10.00,39.90602924,0.5000,-0.050000,false,NaN,unbound,263.139156,39.906337,0.493023,Success,asym_1_-2
1.0000,-2.0000,1.00,2.00,10.00,19.90580638,0.5000,-0.100000,false,NaN,unbound,117.641819,19.905806,0.431837,Success,asym_1_-2
1.0000,-2.0000,1.00,2.00,10.00,7.90512484,0.5000,-0.250000,false,NaN,unbound,50.606182,7.905145,0.095670,Success,asym_1_-2
1.0000,-2.0000,1.00,2.00,10.00,3.90394328,0.5000,-0.500000,false,NaN,unbound,23.732301,3.903943,0.097462,Success,asym_1_-2
1.0000,-2.0000,1.00,2.00,10.00,1.90138782,0.5000,-1.000000,false,NaN,unbound,10.390502,1.901388,0.100826,Success,asym_1_-2
1.0000,-2.0000,1.00,2.00,10.00,199.62429423,1.0000,-0.010000,true,NaN,low_ecc_elliptic,0.000000,199.624294,190.096095,Success,asym_1_-2
1.0000,-2.0000,1.00,2.00,10.00,39.62141687,1.0000,-0.050000,true,NaN,high_ecc_elliptic,0.930177,39.621417,0.489384,Success,asym_1_-2
1.0000,-2.0000,1.00,2.00,10.00,19.61769203,1.0000,-0.100000,true,NaN,high_ecc_elliptic,0.443861,19.617692,0.466727,Success,asym_1_-2
1.0000,-2.0000,1.00,2.00,10.00,7.60555128,1.0000,-0.250000,true,NaN,high_ecc_elliptic,0.152995,7.605551,0.395782,Success,asym_1_-2
1.0000,-2.0000,1.00,2.00,10.00,3.58113883,1.0000,-0.500000,true,NaN,high_ecc_elliptic,0.057560,3.581139,0.419121,Success,asym_1_-2
1.0000,-2.0000,1.00,2.00,10.00,1.50000000,1.0000,-1.000000,true,NaN,moderate_ecc_elliptic,0.012480,1.500000,0.500159,Success,asym_1_-2
1.0000,-2.0000,1.00,2.00,10.00,198.48857802,2.0000,-0.010000,true,NaN,low_ecc_elliptic,0.000000,198.488578,188.960915,Success,asym_1_-2
1.0000,-2.0000,1.00,2.00,10.00,38.43908891,2.0000,-0.050000,true,NaN,high_ecc_elliptic,0.003094,38.439089,1.567869,Success,asym_1_-2
1.0000,-2.0000,1.00,2.00,10.00,18.36660027,2.0000,-0.100000,true,NaN,high_ecc_elliptic,0.001251,18.366600,1.638012,Success,asym_1_-2
1.0000,-2.0000,1.00,2.00,10.00,6.00000000,2.0000,-0.250000,true,NaN,moderate_ecc_elliptic,0.000194,6.000000,2.000031,Success,asym_1_-2
1.0000,-2.0000,1.00,10.00,2.00,200.00000000,0.0000,-0.010000,true,NaN,circular,0.000000,200.000000,193.024585,Success,asym_1_-2
1.0000,-2.0000,1.00,10.00,2.00,40.00000000,0.0000,-0.050000,true,NaN,high_ecc_elliptic,0.019887,40.000000,0.938511,Success,asym_1_-2
1.0000,-2.0000,1.00,10.00,2.00,20.00000000,0.0000,-0.100000,true,NaN,high_ecc_elliptic,0.135535,20.000000,0.452069,Success,asym_1_-2
1.0000,-2.0000,1.00,10.00,2.00,8.00000000,0.0000,-0.250000,false,NaN,unbound,1.073107,8.000000,0.340872,Success,asym_1_-2
1.0000,-2.0000,1.00,10.00,2.00,4.00000000,0.0000,-0.500000,false,NaN,failed,NaN,4.000000,0.102380,Failure,asym_1_-2
1.0000,-2.0000,1.00,10.00,2.00,2.00000000,0.0000,-1.000000,false,NaN,failed,NaN,2.000000,0.134846,Failure,asym_1_-2
1.0000,-2.0000,1.00,10.00,2.00,199.98281102,0.2500,-0.010000,true,NaN,circular,0.000000,199.982811,193.007394,Success,asym_1_-2
1.0000,-2.0000,1.00,10.00,2.00,39.98280511,0.2500,-0.050000,false,NaN,failed,NaN,39.982805,0.460243,Failure,asym_1_-2
1.0000,-2.0000,1.00,10.00,2.00,19.98279770,0.2500,-0.100000,false,NaN,failed,NaN,19.982798,0.483002,Failure,asym_1_-2
1.0000,-2.0000,1.00,10.00,2.00,7.98277541,0.2500,-0.250000,false,NaN,failed,NaN,7.982775,0.138878,Failure,asym_1_-2
1.0000,-2.0000,1.00,10.00,2.00,3.98273801,0.2500,-0.500000,false,NaN,failed,NaN,3.982738,0.091725,Failure,asym_1_-2
1.0000,-2.0000,1.00,10.00,2.00,1.98266220,0.2500,-1.000000,false,NaN,failed,NaN,1.982662,0.130543,Failure,asym_1_-2
1.0000,-2.0000,1.00,10.00,2.00,199.93122635,0.5000,-0.010000,true,NaN,circular,0.000000,199.931226,192.955805,Success,asym_1_-2
1.0000,-2.0000,1.00,10.00,2.00,39.93113143,0.5000,-0.050000,false,NaN,failed,NaN,39.931131,0.357784,Failure,asym_1_-2
1.0000,-2.0000,1.00,10.00,2.00,19.93101203,0.5000,-0.100000,false,NaN,failed,NaN,19.931012,0.384230,Failure,asym_1_-2
1.0000,-2.0000,1.00,10.00,2.00,7.93064880,0.5000,-0.250000,false,NaN,failed,NaN,7.930649,0.130381,Failure,asym_1_-2
1.0000,-2.0000,1.00,10.00,2.00,3.93002591,0.5000,-0.500000,false,NaN,failed,NaN,3.930026,0.106021,Failure,asym_1_-2
1.0000,-2.0000,1.00,10.00,2.00,1.92870878,0.5000,-1.000000,false,NaN,failed,NaN,1.928709,0.099052,Failure,asym_1_-2
1.0000,-2.0000,1.00,10.00,2.00,199.72462083,1.0000,-0.010000,true,NaN,circular,0.000000,199.724621,192.749192,Success,asym_1_-2
1.0000,-2.0000,1.00,10.00,2.00,39.72308292,1.0000,-0.050000,false,NaN,unbound,3.828900,39.723083,0.333200,Success,asym_1_-2
1.0000,-2.0000,1.00,10.00,2.00,19.72111105,1.0000,-0.100000,false,NaN,unbound,1.829479,19.721111,0.281404,Success,asym_1_-2
1.0000,-2.0000,1.00,10.00,2.00,7.71483512,1.0000,-0.250000,true,NaN,high_ecc_elliptic,0.636044,7.714835,0.285845,Success,asym_1_-2
1.0000,-2.0000,1.00,10.00,2.00,3.70293864,1.0000,-0.500000,true,NaN,high_ecc_elliptic,0.246629,3.702939,0.297245,Success,asym_1_-2
1.0000,-2.0000,1.00,10.00,2.00,1.67082039,1.0000,-1.000000,true,NaN,moderate_ecc_elliptic,0.066741,1.670820,0.329240,Success,asym_1_-2
1.0000,-2.0000,1.00,10.00,2.00,198.89388252,2.0000,-0.010000,true,NaN,circular,0.000000,198.893883,191.918581,Success,asym_1_-2
1.0000,-2.0000,1.00,10.00,2.00,38.86796226,2.0000,-0.050000,true,NaN,high_ecc_elliptic,0.009421,38.867962,1.132711,Success,asym_1_-2
1.0000,-2.0000,1.00,10.00,2.00,18.83176087,2.0000,-0.100000,true,NaN,high_ecc_elliptic,0.003999,18.831761,1.176574,Success,asym_1_-2
1.0000,-2.0000,1.00,10.00,2.00,6.68328157,2.0000,-0.250000,true,NaN,moderate_ecc_elliptic,0.000871,6.683282,1.317182,Success,asym_1_-2
1.0000,-2.0000,1.00,10.00,4.00,200.00000000,0.0000,-0.010000,true,NaN,circular,0.000000,200.000000,193.039275,Success,asym_1_-2
1.0000,-2.0000,1.00,10.00,4.00,40.00000000,0.0000,-0.050000,true,NaN,high_ecc_elliptic,0.029310,40.000000,1.098780,Success,asym_1_-2
1.0000,-2.0000,1.00,10.00,4.00,20.00000000,0.0000,-0.100000,true,NaN,high_ecc_elliptic,0.203327,20.000000,0.432991,Success,asym_1_-2
1.0000,-2.0000,1.00,10.00,4.00,8.00000000,0.0000,-0.250000,false,NaN,unbound,3.153125,8.000000,0.287692,Success,asym_1_-2
1.0000,-2.0000,1.00,10.00,4.00,4.00000000,0.0000,-0.500000,false,NaN,unbound,29.911866,4.000000,0.114167,Success,asym_1_-2
1.0000,-2.0000,1.00,10.00,4.00,2.00000000,0.0000,-1.000000,false,NaN,failed,NaN,2.000000,0.085337,Failure,asym_1_-2
1.0000,-2.0000,1.00,10.00,4.00,199.98281102,0.2500,-0.010000,true,NaN,circular,0.000000,199.982811,193.022085,Success,asym_1_-2
1.0000,-2.0000,1.00,10.00,4.00,39.98280511,0.2500,-0.050000,false,NaN,failed,NaN,39.982805,0.593183,Failure,asym_1_-2
1.0000,-2.0000,1.00,10.00,4.00,19.98279770,0.2500,-0.100000,false,NaN,failed,NaN,19.982798,0.353729,Failure,asym_1_-2
1.0000,-2.0000,1.00,10.00,4.00,7.98277541,0.2500,-0.250000,false,NaN,failed,NaN,7.982775,0.062603,Failure,asym_1_-2
1.0000,-2.0000,1.00,10.00,4.00,3.98273801,0.2500,-0.500000,false,NaN,failed,NaN,3.982738,0.078831,Failure,asym_1_-2
1.0000,-2.0000,1.00,10.00,4.00,1.98266220,0.2500,-1.000000,false,NaN,failed,NaN,1.982662,0.100349,Failure,asym_1_-2
1.0000,-2.0000,1.00,10.00,4.00,199.93122635,0.5000,-0.010000,true,NaN,circular,0.000000,199.931226,192.970500,Success,asym_1_-2
1.0000,-2.0000,1.00,10.00,4.00,39.93113143,0.5000,-0.050000,false,NaN,unbound,831.872438,64.846301,0.708916,Success,asym_1_-2
1.0000,-2.0000,1.00,10.00,4.00,19.93101203,0.5000,-0.100000,false,216.500000,unbound,345.256505,25.847565,0.098469,Success,asym_1_-2
1.0000,-2.0000,1.00,10.00,4.00,7.93064880,0.5000,-0.250000,false,46.750000,unbound,174.162045,12.158574,0.267986,Success,asym_1_-2
1.0000,-2.0000,1.00,10.00,4.00,3.93002591,0.5000,-0.500000,false,13.825000,unbound,87.003195,4.632733,0.099470,Success,asym_1_-2
1.0000,-2.0000,1.00,10.00,4.00,1.92870878,0.5000,-1.000000,false,4.080000,unbound,39.729112,1.939091,0.074755,Success,asym_1_-2
1.0000,-2.0000,1.00,10.00,4.00,199.72462083,1.0000,-0.010000,true,NaN,circular,0.000000,199.724621,192.763902,Success,asym_1_-2
1.0000,-2.0000,1.00,10.00,4.00,39.72308292,1.0000,-0.050000,false,NaN,unbound,2.702371,39.723083,0.617990,Success,asym_1_-2
1.0000,-2.0000,1.00,10.00,4.00,19.72111105,1.0000,-0.100000,false,NaN,unbound,1.302275,19.721111,0.303162,Success,asym_1_-2
1.0000,-2.0000,1.00,10.00,4.00,7.71483512,1.0000,-0.250000,true,NaN,high_ecc_elliptic,0.463662,7.714835,0.287370,Success,asym_1_-2
1.0000,-2.0000,1.00,10.00,4.00,3.70293864,1.0000,-0.500000,true,NaN,high_ecc_elliptic,0.187576,3.702939,0.297138,Success,asym_1_-2
1.0000,-2.0000,1.00,10.00,4.00,1.67082039,1.0000,-1.000000,true,NaN,moderate_ecc_elliptic,0.055746,1.670820,0.329246,Success,asym_1_-2
1.0000,-2.0000,1.00,10.00,4.00,198.89388252,2.0000,-0.010000,true,NaN,circular,0.000000,198.893883,191.933353,Success,asym_1_-2
1.0000,-2.0000,1.00,10.00,4.00,38.86796226,2.0000,-0.050000,true,NaN,high_ecc_elliptic,0.008516,38.867962,1.166332,Success,asym_1_-2
1.0000,-2.0000,1.00,10.00,4.00,18.83176087,2.0000,-0.100000,true,NaN,high_ecc_elliptic,0.003660,18.831761,1.168871,Success,asym_1_-2
1.0000,-2.0000,1.00,10.00,4.00,6.68328157,2.0000,-0.250000,true,NaN,moderate_ecc_elliptic,0.000828,6.683282,1.316782,Success,asym_1_-2
1.0000,-2.0000,1.00,10.00,10.00,200.00000000,0.0000,-0.010000,true,NaN,circular,0.000000,200.000000,193.043388,Success,asym_1_-2
1.0000,-2.0000,1.00,10.00,10.00,40.00000000,0.0000,-0.050000,true,NaN,high_ecc_elliptic,0.033048,40.000000,1.064738,Success,asym_1_-2
1.0000,-2.0000,1.00,10.00,10.00,20.00000000,0.0000,-0.100000,true,NaN,high_ecc_elliptic,0.281080,20.000000,0.404501,Success,asym_1_-2
1.0000,-2.0000,1.00,10.00,10.00,8.00000000,0.0000,-0.250000,false,NaN,unbound,5.506337,8.000000,0.171199,Success,asym_1_-2
1.0000,-2.0000,1.00,10.00,10.00,4.00000000,0.0000,-0.500000,false,NaN,unbound,34.526741,4.000000,0.110975,Success,asym_1_-2
1.0000,-2.0000,1.00,10.00,10.00,2.00000000,0.0000,-1.000000,false,NaN,failed,NaN,2.000000,0.041475,Failure,asym_1_-2
1.0000,-2.0000,1.00,10.00,10.00,199.98281102,0.2500,-0.010000,true,NaN,circular,0.000000,199.982811,193.026199,Success,asym_1_-2
1.0000,-2.0000,1.00,10.00,10.00,39.98280511,0.2500,-0.050000,false,NaN,failed,NaN,39.982805,0.423060,Failure,asym_1_-2
1.0000,-2.0000,1.00,10.00,10.00,19.98279770,0.2500,-0.100000,false,NaN,failed,NaN,19.982798,0.166759,Failure,asym_1_-2
1.0000,-2.0000,1.00,10.00,10.00,7.98277541,0.2500,-0.250000,false,NaN,failed,NaN,7.982775,0.094162,Failure,asym_1_-2
1.0000,-2.0000,1.00,10.00,10.00,3.98273801,0.2500,-0.500000,false,NaN,failed,NaN,3.982738,0.055841,Failure,asym_1_-2
1.0000,-2.0000,1.00,10.00,10.00,1.98266220,0.2500,-1.000000,false,NaN,failed,NaN,1.982662,0.070963,Failure,asym_1_-2
1.0000,-2.0000,1.00,10.00,10.00,199.93122635,0.5000,-0.010000,true,NaN,circular,0.000000,199.931226,192.974614,Success,asym_1_-2
1.0000,-2.0000,1.00,10.00,10.00,39.93113143,0.5000,-0.050000,false,NaN,unbound,592.972547,39.993538,0.582857,Success,asym_1_-2
1.0000,-2.0000,1.00,10.00,10.00,19.93101203,0.5000,-0.100000,false,134.250000,unbound,332.442208,19.951501,0.342268,Success,asym_1_-2
1.0000,-2.0000,1.00,10.00,10.00,7.93064880,0.5000,-0.250000,false,NaN,unbound,130.300010,7.930649,0.110787,Success,asym_1_-2
1.0000,-2.0000,1.00,10.00,10.00,3.93002591,0.5000,-0.500000,false,NaN,unbound,59.010278,3.930026,0.074520,Success,asym_1_-2
1.0000,-2.0000,1.00,10.00,10.00,1.92870878,0.5000,-1.000000,false,4.200000,unbound,28.246693,1.928755,0.076340,Success,asym_1_-2
1.0000,-2.0000,1.00,10.00,10.00,199.72462083,1.0000,-0.010000,true,NaN,circular,0.000000,199.724621,192.768021,Success,asym_1_-2
1.0000,-2.0000,1.00,10.00,10.00,39.72308292,1.0000,-0.050000,false,NaN,unbound,2.385762,39.723083,0.507700,Success,asym_1_-2
1.0000,-2.0000,1.00,10.00,10.00,19.72111105,1.0000,-0.100000,false,NaN,unbound,1.153915,19.721111,0.291023,Success,asym_1_-2
1.0000,-2.0000,1.00,10.00,10.00,7.71483512,1.0000,-0.250000,true,NaN,high_ecc_elliptic,0.415159,7.714835,0.286090,Success,asym_1_-2
1.0000,-2.0000,1.00,10.00,10.00,3.70293864,1.0000,-0.500000,true,NaN,high_ecc_elliptic,0.170959,3.702939,0.297106,Success,asym_1_-2
1.0000,-2.0000,1.00,10.00,10.00,1.67082039,1.0000,-1.000000,true,NaN,moderate_ecc_elliptic,0.052661,1.670820,0.329236,Success,asym_1_-2
1.0000,-2.0000,1.00,10.00,10.00,198.89388252,2.0000,-0.010000,true,NaN,circular,0.000000,198.893883,191.937489,Success,asym_1_-2
1.0000,-2.0000,1.00,10.00,10.00,38.86796226,2.0000,-0.050000,true,NaN,high_ecc_elliptic,0.008263,38.867962,1.152595,Success,asym_1_-2
1.0000,-2.0000,1.00,10.00,10.00,18.83176087,2.0000,-0.100000,true,NaN,high_ecc_elliptic,0.003565,18.831761,1.168802,Success,asym_1_-2
1.0000,-2.0000,1.00,10.00,10.00,6.68328157,2.0000,-0.250000,true,NaN,moderate_ecc_elliptic,0.000816,6.683282,1.316758,Success,asym_1_-2
2.0000,-1.0000,1.00,1.00,2.00,200.00000000,0.0000,-0.010000,true,NaN,low_ecc_elliptic,0.000000,200.000000,187.160142,Success,asym_2_-1
2.0000,-1.0000,1.00,1.00,2.00,40.00000000,0.0000,-0.050000,true,NaN,high_ecc_elliptic,0.027888,40.000000,1.118891,Success,asym_2_-1
2.0000,-1.0000,1.00,1.00,2.00,20.00000000,0.0000,-0.100000,true,NaN,high_ecc_elliptic,0.184998,20.000000,0.882215,Success,asym_2_-1
2.0000,-1.0000,1.00,1.00,2.00,8.00000000,0.0000,-0.250000,false,NaN,failed,NaN,8.000000,0.174638,Failure,asym_2_-1
2.0000,-1.0000,1.00,1.00,2.00,4.00000000,0.0000,-0.500000,false,NaN,failed,NaN,4.000000,0.128463,Failure,asym_2_-1
2.0000,-1.0000,1.00,1.00,2.00,2.00000000,0.0000,-1.000000,false,NaN,failed,NaN,2.000000,0.166223,Failure,asym_2_-1
2.0000,-1.0000,1.00,1.00,2.00,199.96874512,0.2500,-0.010000,true,NaN,low_ecc_elliptic,0.000000,199.968745,187.128876,Success,asym_2_-1
2.0000,-1.0000,1.00,1.00,2.00,39.96872555,0.2500,-0.050000,false,NaN,failed,NaN,39.968726,0.233953,Failure,asym_2_-1
2.0000,-1.0000,1.00,1.00,2.00,19.96870102,0.2500,-0.100000,false,NaN,failed,NaN,19.968701,0.430255,Failure,asym_2_-1
2.0000,-1.0000,1.00,1.00,2.00,7.96862697,0.2500,-0.250000,false,NaN,failed,NaN,7.968627,0.168449,Failure,asym_2_-1
2.0000,-1.0000,1.00,1.00,2.00,3.96850197,0.2500,-0.500000,false,NaN,failed,NaN,3.968502,0.144180,Failure,asym_2_-1
2.0000,-1.0000,1.00,1.00,2.00,1.96824584,0.2500,-1.000000,false,NaN,failed,NaN,1.968246,0.110275,Failure,asym_2_-1
2.0000,-1.0000,1.00,1.00,2.00,199.87492178,0.5000,-0.010000,true,NaN,low_ecc_elliptic,0.000000,199.874922,187.035026,Success,asym_2_-1
2.0000,-1.0000,1.00,1.00,2.00,39.87460691,0.5000,-0.050000,false,NaN,unbound,297.077528,40.626462,0.680093,Success,asym_2_-1
2.0000,-1.0000,1.00,1.00,2.00,19.87420883,0.5000,-0.100000,false,NaN,unbound,167.730479,21.979591,0.251277,Success,asym_2_-1
2.0000,-1.0000,1.00,1.00,2.00,7.87298335,0.5000,-0.250000,false,28.125000,unbound,67.239522,10.987172,0.141073,Success,asym_2_-1
2.0000,-1.0000,1.00,1.00,2.00,3.87082869,0.5000,-0.500000,false,7.735000,unbound,26.409780,3.947219,0.130281,Success,asym_2_-1
2.0000,-1.0000,1.00,1.00,2.00,1.86602540,0.5000,-1.000000,false,2.340000,unbound,9.438921,1.876639,0.141014,Success,asym_2_-1
2.0000,-1.0000,1.00,1.00,2.00,199.49874371,1.0000,-0.010000,true,NaN,low_ecc_elliptic,0.000000,199.498744,186.658800,Success,asym_2_-1
2.0000,-1.0000,1.00,1.00,2.00,39.49358869,1.0000,-0.050000,true,NaN,high_ecc_elliptic,0.614253,39.493589,0.535817,Success,asym_2_-1
2.0000,-1.0000,1.00,1.00,2.00,19.48683298,1.0000,-0.100000,true,NaN,high_ecc_elliptic,0.282369,19.486833,0.559879,Success,asym_2_-1
2.0000,-1.0000,1.00,1.00,2.00,7.46410162,1.0000,-0.250000,true,NaN,high_ecc_elliptic,0.086181,7.464102,0.536022,Success,asym_2_-1
2.0000,-1.0000,1.00,1.00,2.00,3.41421356,1.0000,-0.500000,true,NaN,high_ecc_elliptic,0.025188,3.414214,0.585989,Success,asym_2_-1
2.0000,-1.0000,1.00,1.00,2.00,1.00000000,1.0000,-1.000000,true,NaN,circular,0.000000,1.000037,1.000000,Success,asym_2_-1
2.0000,-1.0000,1.00,1.00,2.00,197.97958971,2.0000,-0.010000,true,NaN,low_ecc_elliptic,0.000000,197.979590,185.140464,Success,asym_2_-1
2.0000,-1.0000,1.00,1.00,2.00,37.88854382,2.0000,-0.050000,true,NaN,high_ecc_elliptic,0.001372,37.888544,2.133309,Success,asym_2_-1
2.0000,-1.0000,1.00,1.00,2.00,17.74596669,2.0000,-0.100000,true,NaN,high_ecc_elliptic,0.000491,17.745967,2.255117,Success,asym_2_-1
2.0000,-1.0000,1.00,1.00,2.00,4.00000000,2.0000,-0.250000,true,NaN,circular,0.000000,4.000002,4.000000,Success,asym_2_-1
2.0000,-1.0000,1.00,1.00,4.00,200.00000000,0.0000,-0.010000,true,NaN,low_ecc_elliptic,0.000000,200.000000,187.210205,Success,asym_2_-1
2.0000,-1.0000,1.00,1.00,4.00,40.00000000,0.0000,-0.050000,true,NaN,high_ecc_elliptic,0.045639,40.000000,0.951708,Success,asym_2_-1
2.0000,-1.0000,1.00,1.00,4.00,20.00000000,0.0000,-0.100000,true,NaN,high_ecc_elliptic,0.376454,20.000000,0.506079,Success,asym_2_-1
2.0000,-1.0000,1.00,1.00,4.00,8.00000000,0.0000,-0.250000,false,122.250000,unbound,3.512229,8.000000,0.151021,Success,asym_2_-1
2.0000,-1.0000,1.00,1.00,4.00,4.00000000,0.0000,-0.500000,false,NaN,failed,NaN,4.000000,0.092149,Failure,asym_2_-1
2.0000,-1.0000,1.00,1.00,4.00,2.00000000,0.0000,-1.000000,false,NaN,failed,NaN,2.000000,0.134744,Failure,asym_2_-1
2.0000,-1.0000,1.00,1.00,4.00,199.96874512,0.2500,-0.010000,true,NaN,low_ecc_elliptic,0.000000,199.968745,187.178948,Success,asym_2_-1
2.0000,-1.0000,1.00,1.00,4.00,39.96872555,0.2500,-0.050000,false,NaN,failed,NaN,39.968726,0.583204,Failure,asym_2_-1
2.0000,-1.0000,1.00,1.00,4.00,19.96870102,0.2500,-0.100000,false,NaN,failed,NaN,19.968701,0.175453,Failure,asym_2_-1
2.0000,-1.0000,1.00,1.00,4.00,7.96862697,0.2500,-0.250000,false,NaN,failed,NaN,7.968627,0.137080,Failure,asym_2_-1
2.0000,-1.0000,1.00,1.00,4.00,3.96850197,0.2500,-0.500000,false,NaN,failed,NaN,3.968502,0.085460,Failure,asym_2_-1
2.0000,-1.0000,1.00,1.00,4.00,1.96824584,0.2500,-1.000000,false,NaN,failed,NaN,1.968246,0.125436,Failure,asym_2_-1
2.0000,-1.0000,1.00,1.00,4.00,199.87492178,0.5000,-0.010000,true,NaN,low_ecc_elliptic,0.000000,199.874922,187.085121,Success,asym_2_-1
2.0000,-1.0000,1.00,1.00,4.00,39.87460691,0.5000,-0.050000,false,NaN,unbound,163.499032,39.913975,0.566317,Success,asym_2_-1
2.0000,-1.0000,1.00,1.00,4.00,19.87420883,0.5000,-0.100000,false,NaN,unbound,80.000567,19.874209,0.395833,Success,asym_2_-1
2.0000,-1.0000,1.00,1.00,4.00,7.87298335,0.5000,-0.250000,false,48.937500,unbound,29.000819,7.873857,0.132922,Success,asym_2_-1
2.0000,-1.0000,1.00,1.00,4.00,3.87082869,0.5000,-0.500000,false,NaN,unbound,13.647626,3.870829,0.129806,Success,asym_2_-1
2.0000,-1.0000,1.00,1.00,4.00,1.86602540,0.5000,-1.000000,false,NaN,unbound,5.451708,1.866028,0.134619,Success,asym_2_-1
2.0000,-1.0000,1.00,1.00,4.00,199.49874371,1.0000,-0.010000,true,NaN,low_ecc_elliptic,0.000000,199.498744,186.708992,Success,asym_2_-1
2.0000,-1.0000,1.00,1.00,4.00,39.49358869,1.0000,-0.050000,true,NaN,high_ecc_elliptic,0.436292,39.493589,0.536369,Success,asym_2_-1
2.0000,-1.0000,1.00,1.00,4.00,19.48683298,1.0000,-0.100000,true,NaN,high_ecc_elliptic,0.203515,19.486833,0.576750,Success,asym_2_-1
2.0000,-1.0000,1.00,1.00,4.00,7.46410162,1.0000,-0.250000,true,NaN,high_ecc_elliptic,0.064986,7.464102,0.535925,Success,asym_2_-1
2.0000,-1.0000,1.00,1.00,4.00,3.41421356,1.0000,-0.500000,true,NaN,high_ecc_elliptic,0.020660,3.414214,0.585851,Success,asym_2_-1
2.0000,-1.0000,1.00,1.00,4.00,1.00000000,1.0000,-1.000000,true,NaN,circular,0.000000,1.000037,1.000000,Success,asym_2_-1
2.0000,-1.0000,1.00,1.00,4.00,197.97958971,2.0000,-0.010000,true,NaN,low_ecc_elliptic,0.000000,197.979590,185.191044,Success,asym_2_-1
2.0000,-1.0000,1.00,1.00,4.00,37.88854382,2.0000,-0.050000,true,NaN,high_ecc_elliptic,0.001253,37.888544,2.115323,Success,asym_2_-1
2.0000,-1.0000,1.00,1.00,4.00,17.74596669,2.0000,-0.100000,true,NaN,high_ecc_elliptic,0.000459,17.745967,2.254094,Success,asym_2_-1
2.0000,-1.0000,1.00,1.00,4.00,4.00000000,2.0000,-0.250000,true,NaN,circular,0.000000,4.000002,4.000000,Success,asym_2_-1
2.0000,-1.0000,1.00,1.00,10.00,200.00000000,0.0000,-0.010000,true,NaN,low_ecc_elliptic,0.000000,200.000000,187.224220,Success,asym_2_-1
2.0000,-1.0000,1.00,1.00,10.00,40.00000000,0.0000,-0.050000,true,NaN,high_ecc_elliptic,0.057271,40.000000,1.091566,Success,asym_2_-1
2.0000,-1.0000,1.00,1.00,10.00,20.00000000,0.0000,-0.100000,true,NaN,high_ecc_elliptic,0.469468,20.000000,0.501039,Success,asym_2_-1
2.0000,-1.0000,1.00,1.00,10.00,8.00000000,0.0000,-0.250000,false,75.000000,unbound,18.742606,8.000000,0.117594,Success,asym_2_-1
2.0000,-1.0000,1.00,1.00,10.00,4.00000000,0.0000,-0.500000,false,NaN,unbound,93.702947,4.000000,0.059365,Success,asym_2_-1
2.0000,-1.0000,1.00,1.00,10.00,2.00000000,0.0000,-1.000000,false,9.270000,unbound,1237.728383,2.000000,0.027942,Success,asym_2_-1
2.0000,-1.0000,1.00,1.00,10.00,199.96874512,0.2500,-0.010000,true,NaN,low_ecc_elliptic,0.000000,199.968745,187.192965,Success,asym_2_-1
2.0000,-1.0000,1.00,1.00,10.00,39.96872555,0.2500,-0.050000,false,NaN,failed,NaN,39.968726,0.479608,Failure,asym_2_-1
2.0000,-1.0000,1.00,1.00,10.00,19.96870102,0.2500,-0.100000,false,NaN,failed,NaN,19.968701,0.258177,Failure,asym_2_-1
2.0000,-1.0000,1.00,1.00,10.00,7.96862697,0.2500,-0.250000,false,NaN,failed,NaN,7.968627,0.086513,Failure,asym_2_-1
2.0000,-1.0000,1.00,1.00,10.00,3.96850197,0.2500,-0.500000,false,NaN,failed,NaN,3.968502,0.085379,Failure,asym_2_-1
2.0000,-1.0000,1.00,1.00,10.00,1.96824584,0.2500,-1.000000,false,NaN,failed,NaN,1.968246,0.092785,Failure,asym_2_-1
2.0000,-1.0000,1.00,1.00,10.00,199.87492178,0.5000,-0.010000,true,NaN,low_ecc_elliptic,0.000000,199.874922,187.099145,Success,asym_2_-1
2.0000,-1.0000,1.00,1.00,10.00,39.87460691,0.5000,-0.050000,false,NaN,unbound,104.830335,39.874607,0.392635,Success,asym_2_-1
2.0000,-1.0000,1.00,1.00,10.00,19.87420883,0.5000,-0.100000,false,NaN,unbound,54.901009,19.874209,0.203665,Success,asym_2_-1
2.0000,-1.0000,1.00,1.00,10.00,7.87298335,0.5000,-0.250000,false,NaN,unbound,20.914723,7.872983,0.131918,Success,asym_2_-1
2.0000,-1.0000,1.00,1.00,10.00,3.87082869,0.5000,-0.500000,false,NaN,unbound,9.598588,3.870829,0.129922,Success,asym_2_-1
2.0000,-1.0000,1.00,1.00,10.00,1.86602540,0.5000,-1.000000,false,NaN,unbound,3.991563,1.866025,0.137599,Success,asym_2_-1
2.0000,-1.0000,1.00,1.00,10.00,199.49874371,1.0000,-0.010000,true,NaN,low_ecc_elliptic,0.000000,199.498744,186.723043,Success,asym_2_-1
2.0000,-1.0000,1.00,1.00,10.00,39.49358869,1.0000,-0.050000,true,NaN,high_ecc_elliptic,0.386417,39.493589,0.544718,Success,asym_2_-1
2.0000,-1.0000,1.00,1.00,10.00,19.48683298,1.0000,-0.100000,true,NaN,high_ecc_elliptic,0.181373,19.486833,0.516771,Success,asym_2_-1
2.0000,-1.0000,1.00,1.00,10.00,7.46410162,1.0000,-0.250000,true,NaN,high_ecc_elliptic,0.059044,7.464102,0.536023,Success,asym_2_-1
2.0000,-1.0000,1.00,1.00,10.00,3.41421356,1.0000,-0.500000,true,NaN,high_ecc_elliptic,0.019391,3.414214,0.585830,Success,asym_2_-1
2.0000,-1.0000,1.00,1.00,10.00,1.00000000,1.0000,-1.000000,true,NaN,circular,0.000000,1.000037,1.000000,Success,asym_2_-1
2.0000,-1.0000,1.00,1.00,10.00,197.97958971,2.0000,-0.010000,true,NaN,low_ecc_elliptic,0.000000,197.979590,185.205203,Success,asym_2_-1
2.0000,-1.0000,1.00,1.00,10.00,37.88854382,2.0000,-0.050000,true,NaN,high_ecc_elliptic,0.001220,37.888544,2.113391,Success,asym_2_-1
2.0000,-1.0000,1.00,1.00,10.00,17.74596669,2.0000,-0.100000,true,NaN,high_ecc_elliptic,0.000450,17.745967,2.254140,Success,asym_2_-1
2.0000,-1.0000,1.00,1.00,10.00,4.00000000,2.0000,-0.250000,true,NaN,circular,0.000000,4.000002,4.000000,Success,asym_2_-1
2.0000,-1.0000,1.00,2.00,2.00,200.00000000,0.0000,-0.010000,true,NaN,low_ecc_elliptic,0.000000,200.000000,190.436335,Success,asym_2_-1
2.0000,-1.0000,1.00,2.00,2.00,40.00000000,0.0000,-0.050000,true,NaN,high_ecc_elliptic,0.024023,40.000000,1.048104,Success,asym_2_-1
2.0000,-1.0000,1.00,2.00,2.00,20.00000000,0.0000,-0.100000,true,NaN,high_ecc_elliptic,0.149469,20.000000,0.527382,Success,asym_2_-1
2.0000,-1.0000,1.00,2.00,2.00,8.00000000,0.0000,-0.250000,false,NaN,unbound,8.484043,8.000000,0.165689,Success,asym_2_-1
2.0000,-1.0000,1.00,2.00,2.00,4.00000000,0.0000,-0.500000,false,NaN,failed,NaN,4.000000,0.117598,Failure,asym_2_-1
2.0000,-1.0000,1.00,2.00,2.00,2.00000000,0.0000,-1.000000,false,NaN,failed,NaN,2.000000,0.135599,Failure,asym_2_-1
2.0000,-1.0000,1.00,2.00,2.00,199.97655975,0.2500,-0.010000,true,NaN,low_ecc_elliptic,0.000000,199.976560,190.412890,Success,asym_2_-1
2.0000,-1.0000,1.00,2.00,2.00,39.97654875,0.2500,-0.050000,false,NaN,failed,NaN,39.976549,0.416987,Failure,asym_2_-1
2.0000,-1.0000,1.00,2.00,2.00,19.97653497,0.2500,-0.100000,false,NaN,failed,NaN,19.976535,0.499543,Failure,asym_2_-1
2.0000,-1.0000,1.00,2.00,2.00,7.97649343,0.2500,-0.250000,false,NaN,failed,NaN,7.976493,0.118841,Failure,asym_2_-1
2.0000,-1.0000,1.00,2.00,2.00,3.97642354,0.2500,-0.500000,false,NaN,failed,NaN,3.976424,0.157310,Failure,asym_2_-1
2.0000,-1.0000,1.00,2.00,2.00,1.97628121,0.2500,-1.000000,false,NaN,failed,NaN,1.976281,0.110239,Failure,asym_2_-1
2.0000,-1.0000,1.00,2.00,2.00,199.90620601,0.5000,-0.010000,true,NaN,low_ecc_elliptic,0.000000,199.906206,190.342526,Success,asym_2_-1
2.0000,-1.0000,1.00,2.00,2.00,39.90602924,0.5000,-0.050000,false,NaN,failed,NaN,39.906029,0.238987,Failure,asym_2_-1
2.0000,-1.0000,1.00,2.00,2.00,19.90580638,0.5000,-0.100000,false,NaN,failed,NaN,19.905806,0.343822,Failure,asym_2_-1
2.0000,-1.0000,1.00,2.00,2.00,7.90512484,0.5000,-0.250000,false,NaN,failed,NaN,7.905125,0.130689,Failure,asym_2_-1
2.0000,-1.0000,1.00,2.00,2.00,3.90394328,0.5000,-0.500000,false,NaN,failed,NaN,3.903943,0.120915,Failure,asym_2_-1
2.0000,-1.0000,1.00,2.00,2.00,1.90138782,0.5000,-1.000000,false,3.175000,unbound,26.464219,2.136195,0.102527,Success,asym_2_-1
2.0000,-1.0000,1.00,2.00,2.00,199.62429423,1.0000,-0.010000,true,NaN,low_ecc_elliptic,0.000000,199.624294,190.060594,Success,asym_2_-1
2.0000,-1.0000,1.00,2.00,2.00,39.62141687,1.0000,-0.050000,false,NaN,unbound,1.484230,39.621417,0.420665,Success,asym_2_-1
2.0000,-1.0000,1.00,2.00,2.00,19.61769203,1.0000,-0.100000,true,NaN,high_ecc_elliptic,0.698324,19.617692,0.397342,Success,asym_2_-1
2.0000,-1.0000,1.00,2.00,2.00,7.60555128,1.0000,-0.250000,true,NaN,high_ecc_elliptic,0.229498,7.605551,0.396594,Success,asym_2_-1
2.0000,-1.0000,1.00,2.00,2.00,3.58113883,1.0000,-0.500000,true,NaN,high_ecc_elliptic,0.079349,3.581139,0.419207,Success,asym_2_-1
2.0000,-1.0000,1.00,2.00,2.00,1.50000000,1.0000,-1.000000,true,NaN,moderate_ecc_elliptic,0.014273,1.500000,0.500048,Success,asym_2_-1
2.0000,-1.0000,1.00,2.00,2.00,198.48857802,2.0000,-0.010000,true,NaN,low_ecc_elliptic,0.000000,198.488578,188.925210,Success,asym_2_-1
2.0000,-1.0000,1.00,2.00,2.00,38.43908891,2.0000,-0.050000,true,NaN,high_ecc_elliptic,0.003506,38.439089,1.573832,Success,asym_2_-1
2.0000,-1.0000,1.00,2.00,2.00,18.36660027,2.0000,-0.100000,true,NaN,high_ecc_elliptic,0.001386,18.366600,1.633789,Success,asym_2_-1
2.0000,-1.0000,1.00,2.00,2.00,6.00000000,2.0000,-0.250000,true,NaN,moderate_ecc_elliptic,0.000201,6.000000,2.000005,Success,asym_2_-1
2.0000,-1.0000,1.00,2.00,4.00,200.00000000,0.0000,-0.010000,true,NaN,low_ecc_elliptic,0.000000,200.000000,190.464018,Success,asym_2_-1
2.0000,-1.0000,1.00,2.00,4.00,40.00000000,0.0000,-0.050000,true,NaN,high_ecc_elliptic,0.036388,40.000000,0.982573,Success,asym_2_-1
2.0000,-1.0000,1.00,2.00,4.00,20.00000000,0.0000,-0.100000,true,NaN,high_ecc_elliptic,0.255470,20.000000,0.614837,Success,asym_2_-1
2.0000,-1.0000,1.00,2.00,4.00,8.00000000,0.0000,-0.250000,false,NaN,unbound,2.935292,8.000000,0.153972,Success,asym_2_-1
2.0000,-1.0000,1.00,2.00,4.00,4.00000000,0.0000,-0.500000,false,NaN,unbound,2578.442929,4.000000,0.187270,Success,asym_2_-1
2.0000,-1.0000,1.00,2.00,4.00,2.00000000,0.0000,-1.000000,false,NaN,failed,NaN,2.000000,0.056592,Failure,asym_2_-1
2.0000,-1.0000,1.00,2.00,4.00,199.97655975,0.2500,-0.010000,true,NaN,low_ecc_elliptic,0.000000,199.976560,190.440577,Success,asym_2_-1
2.0000,-1.0000,1.00,2.00,4.00,39.97654875,0.2500,-0.050000,false,NaN,failed,NaN,39.976549,0.477560,Failure,asym_2_-1
2.0000,-1.0000,1.00,2.00,4.00,19.97653497,0.2500,-0.100000,false,NaN,failed,NaN,19.976535,0.362111,Failure,asym_2_-1
2.0000,-1.0000,1.00,2.00,4.00,7.97649343,0.2500,-0.250000,false,NaN,failed,NaN,7.976493,0.152680,Failure,asym_2_-1
2.0000,-1.0000,1.00,2.00,4.00,3.97642354,0.2500,-0.500000,false,NaN,failed,NaN,3.976424,0.094204,Failure,asym_2_-1
2.0000,-1.0000,1.00,2.00,4.00,1.97628121,0.2500,-1.000000,false,NaN,failed,NaN,1.976281,0.073887,Failure,asym_2_-1
2.0000,-1.0000,1.00,2.00,4.00,199.90620601,0.5000,-0.010000,true,NaN,low_ecc_elliptic,0.000000,199.906206,190.370222,Success,asym_2_-1
2.0000,-1.0000,1.00,2.00,4.00,39.90602924,0.5000,-0.050000,false,NaN,unbound,384.571614,40.059929,0.105258,Success,asym_2_-1
2.0000,-1.0000,1.00,2.00,4.00,19.90580638,0.5000,-0.100000,false,116.500000,unbound,188.429644,20.186486,0.201250,Success,asym_2_-1
2.0000,-1.0000,1.00,2.00,4.00,7.90512484,0.5000,-0.250000,false,28.710000,unbound,70.229675,8.035739,0.099401,Success,asym_2_-1
2.0000,-1.0000,1.00,2.00,4.00,3.90394328,0.5000,-0.500000,false,9.900000,unbound,32.716402,3.928972,0.097767,Success,asym_2_-1
2.0000,-1.0000,1.00,2.00,4.00,1.90138782,0.5000,-1.000000,false,NaN,unbound,14.372015,1.901408,0.100776,Success,asym_2_-1
2.0000,-1.0000,1.00,2.00,4.00,199.62429423,1.0000,-0.010000,true,NaN,low_ecc_elliptic,0.000000,199.624294,190.088330,Success,asym_2_-1
2.0000,-1.0000,1.00,2.00,4.00,39.62141687,1.0000,-0.050000,false,NaN,unbound,1.051635,39.621417,0.379189,Success,asym_2_-1
2.0000,-1.0000,1.00,2.00,4.00,19.61769203,1.0000,-0.100000,true,NaN,high_ecc_elliptic,0.499652,19.617692,0.394075,Success,asym_2_-1
2.0000,-1.0000,1.00,2.00,4.00,7.60555128,1.0000,-0.250000,true,NaN,high_ecc_elliptic,0.169761,7.605551,0.396040,Success,asym_2_-1
2.0000,-1.0000,1.00,2.00,4.00,3.58113883,1.0000,-0.500000,true,NaN,high_ecc_elliptic,0.062336,3.581139,0.426461,Success,asym_2_-1
2.0000,-1.0000,1.00,2.00,4.00,1.50000000,1.0000,-1.000000,true,NaN,moderate_ecc_elliptic,0.012872,1.500000,0.500032,Success,asym_2_-1
2.0000,-1.0000,1.00,2.00,4.00,198.48857802,2.0000,-0.010000,true,NaN,low_ecc_elliptic,0.000000,198.488578,188.953105,Success,asym_2_-1
2.0000,-1.0000,1.00,2.00,4.00,38.43908891,2.0000,-0.050000,true,NaN,high_ecc_elliptic,0.003184,38.439089,1.561079,Success,asym_2_-1
2.0000,-1.0000,1.00,2.00,4.00,18.36660027,2.0000,-0.100000,true,NaN,high_ecc_elliptic,0.001281,18.366600,1.633403,Success,asym_2_-1
2.0000,-1.0000,1.00,2.00,4.00,6.00000000,2.0000,-0.250000,true,NaN,moderate_ecc_elliptic,0.000196,6.000000,2.000032,Success,asym_2_-1
2.0000,-1.0000,1.00,2.00,10.00,200.00000000,0.0000,-0.010000,true,NaN,low_ecc_elliptic,0.000000,200.000000,190.471768,Success,asym_2_-1
2.0000,-1.0000,1.00,2.00,10.00,40.00000000,0.0000,-0.050000,true,NaN,high_ecc_elliptic,0.043059,40.000000,0.994614,Success,asym_2_-1
2.0000,-1.0000,1.00,2.00,10.00,20.00000000,0.0000,-0.100000,true,NaN,high_ecc_elliptic,0.402533,20.000000,0.401048,Success,asym_2_-1
2.0000,-1.0000,1.00,2.00,10.00,8.00000000,0.0000,-0.250000,false,NaN,unbound,5.477475,8.000000,0.153547,Success,asym_2_-1
2.0000,-1.0000,1.00,2.00,10.00,4.00000000,0.0000,-0.500000,false,NaN,unbound,31.845362,4.000000,0.079097,Success,asym_2_-1
2.0000,-1.0000,1.00,2.00,10.00,2.00000000,0.0000,-1.000000,false,NaN,failed,NaN,2.000000,0.077431,Failure,asym_2_-1
2.0000,-1.0000,1.00,2.00,10.00,199.97655975,0.2500,-0.010000,true,NaN,low_ecc_elliptic,0.000000,199.976560,190.448328,Success,asym_2_-1
2.0000,-1.0000,1.00,2.00,10.00,39.97654875,0.2500,-0.050000,false,NaN,failed,NaN,39.976549,0.236629,Failure,asym_2_-1
2.0000,-1.0000,1.00,2.00,10.00,19.97653497,0.2500,-0.100000,false,NaN,failed,NaN,19.976535,0.164184,Failure,asym_2_-1
2.0000,-1.0000,1.00,2.00,10.00,7.97649343,0.2500,-0.250000,false,NaN,failed,NaN,7.976493,0.093266,Failure,asym_2_-1
2.0000,-1.0000,1.00,2.00,10.00,3.97642354,0.2500,-0.500000,false,NaN,failed,NaN,3.976424,0.056513,Failure,asym_2_-1
2.0000,-1.0000,1.00,2.00,10.00,1.97628121,0.2500,-1.000000,false,NaN,failed,NaN,1.976281,0.055013,Failure,asym_2_-1
2.0000,-1.0000,1.00,2.00,10.00,199.90620601,0.5000,-0.010000,true,NaN,low_ecc_elliptic,0.000000,199.906206,190.377976,Success,asym_2_-1
2.0000,-1.0000,1.00,2.00,10.00,39.90602924,0.5000,-0.050000,false,NaN,unbound,263.139156,39.906337,0.493023,Success,asym_2_-1
2.0000,-1.0000,1.00,2.00,10.00,19.90580638,0.5000,-0.100000,false,NaN,unbound,117.641819,19.905806,0.431837,Success,asym_2_-1
2.0000,-1.0000,1.00,2.00,10.00,7.90512484,0.5000,-0.250000,false,NaN,unbound,50.606182,7.905145,0.095670,Success,asym_2_-1
2.0000,-1.0000,1.00,2.00,10.00,3.90394328,0.5000,-0.500000,false,NaN,unbound,23.732301,3.903943,0.097462,Success,asym_2_-1
2.0000,-1.0000,1.00,2.00,10.00,1.90138782,0.5000,-1.000000,false,NaN,unbound,10.390502,1.901388,0.100826,Success,asym_2_-1
2.0000,-1.0000,1.00,2.00,10.00,199.62429423,1.0000,-0.010000,true,NaN,low_ecc_elliptic,0.000000,199.624294,190.096095,Success,asym_2_-1
2.0000,-1.0000,1.00,2.00,10.00,39.62141687,1.0000,-0.050000,true,NaN,high_ecc_elliptic,0.930177,39.621417,0.489384,Success,asym_2_-1
2.0000,-1.0000,1.00,2.00,10.00,19.61769203,1.0000,-0.100000,true,NaN,high_ecc_elliptic,0.443861,19.617692,0.466727,Success,asym_2_-1
2.0000,-1.0000,1.00,2.00,10.00,7.60555128,1.0000,-0.250000,true,NaN,high_ecc_elliptic,0.152995,7.605551,0.395782,Success,asym_2_-1
2.0000,-1.0000,1.00,2.00,10.00,3.58113883,1.0000,-0.500000,true,NaN,high_ecc_elliptic,0.057560,3.581139,0.419121,Success,asym_2_-1
2.0000,-1.0000,1.00,2.00,10.00,1.50000000,1.0000,-1.000000,true,NaN,moderate_ecc_elliptic,0.012480,1.500000,0.500159,Success,asym_2_-1
2.0000,-1.0000,1.00,2.00,10.00,198.48857802,2.0000,-0.010000,true,NaN,low_ecc_elliptic,0.000000,198.488578,188.960915,Success,asym_2_-1
2.0000,-1.0000,1.00,2.00,10.00,38.43908891,2.0000,-0.050000,true,NaN,high_ecc_elliptic,0.003094,38.439089,1.567869,Success,asym_2_-1
2.0000,-1.0000,1.00,2.00,10.00,18.36660027,2.0000,-0.100000,true,NaN,high_ecc_elliptic,0.001251,18.366600,1.638012,Success,asym_2_-1
2.0000,-1.0000,1.00,2.00,10.00,6.00000000,2.0000,-0.250000,true,NaN,moderate_ecc_elliptic,0.000194,6.000000,2.000031,Success,asym_2_-1
2.0000,-1.0000,1.00,10.00,2.00,200.00000000,0.0000,-0.010000,true,NaN,circular,0.000000,200.000000,193.024585,Success,asym_2_-1
2.0000,-1.0000,1.00,10.00,2.00,40.00000000,0.0000,-0.050000,true,NaN,high_ecc_elliptic,0.019887,40.000000,0.938511,Success,asym_2_-1
2.0000,-1.0000,1.00,10.00,2.00,20.00000000,0.0000,-0.100000,true,NaN,high_ecc_elliptic,0.135535,20.000000,0.452069,Success,asym_2_-1
2.0000,-1.0000,1.00,10.00,2.00,8.00000000,0.0000,-0.250000,false,NaN,unbound,1.073107,8.000000,0.340872,Success,asym_2_-1
2.0000,-1.0000,1.00,10.00,2.00,4.00000000,0.0000,-0.500000,false,NaN,failed,NaN,4.000000,0.102380,Failure,asym_2_-1
2.0000,-1.0000,1.00,10.00,2.00,2.00000000,0.0000,-1.000000,false,NaN,failed,NaN,2.000000,0.134846,Failure,asym_2_-1
2.0000,-1.0000,1.00,10.00,2.00,199.98281102,0.2500,-0.010000,true,NaN,circular,0.000000,199.982811,193.007394,Success,asym_2_-1
2.0000,-1.0000,1.00,10.00,2.00,39.98280511,0.2500,-0.050000,false,NaN,failed,NaN,39.982805,0.460243,Failure,asym_2_-1
2.0000,-1.0000,1.00,10.00,2.00,19.98279770,0.2500,-0.100000,false,NaN,failed,NaN,19.982798,0.483002,Failure,asym_2_-1
2.0000,-1.0000,1.00,10.00,2.00,7.98277541,0.2500,-0.250000,false,NaN,failed,NaN,7.982775,0.138878,Failure,asym_2_-1
2.0000,-1.0000,1.00,10.00,2.00,3.98273801,0.2500,-0.500000,false,NaN,failed,NaN,3.982738,0.091725,Failure,asym_2_-1
2.0000,-1.0000,1.00,10.00,2.00,1.98266220,0.2500,-1.000000,false,NaN,failed,NaN,1.982662,0.130543,Failure,asym_2_-1
2.0000,-1.0000,1.00,10.00,2.00,199.93122635,0.5000,-0.010000,true,NaN,circular,0.000000,199.931226,192.955805,Success,asym_2_-1
2.0000,-1.0000,1.00,10.00,2.00,39.93113143,0.5000,-0.050000,false,NaN,failed,NaN,39.931131,0.357784,Failure,asym_2_-1
2.0000,-1.0000,1.00,10.00,2.00,19.93101203,0.5000,-0.100000,false,NaN,failed,NaN,19.931012,0.384230,Failure,asym_2_-1
2.0000,-1.0000,1.00,10.00,2.00,7.93064880,0.5000,-0.250000,false,NaN,failed,NaN,7.930649,0.130381,Failure,asym_2_-1
2.0000,-1.0000,1.00,10.00,2.00,3.93002591,0.5000,-0.500000,false,NaN,failed,NaN,3.930026,0.106021,Failure,asym_2_-1
2.0000,-1.0000,1.00,10.00,2.00,1.92870878,0.5000,-1.000000,false,NaN,failed,NaN,1.928709,0.099052,Failure,asym_2_-1
2.0000,-1.0000,1.00,10.00,2.00,199.72462083,1.0000,-0.010000,true,NaN,circular,0.000000,199.724621,192.749192,Success,asym_2_-1
2.0000,-1.0000,1.00,10.00,2.00,39.72308292,1.0000,-0.050000,false,NaN,unbound,3.828900,39.723083,0.333200,Success,asym_2_-1
2.0000,-1.0000,1.00,10.00,2.00,19.72111105,1.0000,-0.100000,false,NaN,unbound,1.829479,19.721111,0.281404,Success,asym_2_-1
2.0000,-1.0000,1.00,10.00,2.00,7.71483512,1.0000,-0.250000,true,NaN,high_ecc_elliptic,0.636044,7.714835,0.285845,Success,asym_2_-1
2.0000,-1.0000,1.00,10.00,2.00,3.70293864,1.0000,-0.500000,true,NaN,high_ecc_elliptic,0.246629,3.702939,0.297245,Success,asym_2_-1
2.0000,-1.0000,1.00,10.00,2.00,1.67082039,1.0000,-1.000000,true,NaN,moderate_ecc_elliptic,0.066741,1.670820,0.329240,Success,asym_2_-1
2.0000,-1.0000,1.00,10.00,2.00,198.89388252,2.0000,-0.010000,true,NaN,circular,0.000000,198.893883,191.918581,Success,asym_2_-1
2.0000,-1.0000,1.00,10.00,2.00,38.86796226,2.0000,-0.050000,true,NaN,high_ecc_elliptic,0.009421,38.867962,1.132711,Success,asym_2_-1
2.0000,-1.0000,1.00,10.00,2.00,18.83176087,2.0000,-0.100000,true,NaN,high_ecc_elliptic,0.003999,18.831761,1.176574,Success,asym_2_-1
2.0000,-1.0000,1.00,10.00,2.00,6.68328157,2.0000,-0.250000,true,NaN,moderate_ecc_elliptic,0.000871,6.683282,1.317182,Success,asym_2_-1
2.0000,-1.0000,1.00,10.00,4.00,200.00000000,0.0000,-0.010000,true,NaN,circular,0.000000,200.000000,193.039275,Success,asym_2_-1
2.0000,-1.0000,1.00,10.00,4.00,40.00000000,0.0000,-0.050000,true,NaN,high_ecc_elliptic,0.029310,40.000000,1.098780,Success,asym_2_-1
2.0000,-1.0000,1.00,10.00,4.00,20.00000000,0.0000,-0.100000,true,NaN,high_ecc_elliptic,0.203327,20.000000,0.432991,Success,asym_2_-1
2.0000,-1.0000,1.00,10.00,4.00,8.00000000,0.0000,-0.250000,false,NaN,unbound,3.153125,8.000000,0.287692,Success,asym_2_-1
2.0000,-1.0000,1.00,10.00,4.00,4.00000000,0.0000,-0.500000,false,NaN,unbound,29.911866,4.000000,0.114167,Success,asym_2_-1
2.0000,-1.0000,1.00,10.00,4.00,2.00000000,0.0000,-1.000000,false,NaN,failed,NaN,2.000000,0.085337,Failure,asym_2_-1
2.0000,-1.0000,1.00,10.00,4.00,199.98281102,0.2500,-0.010000,true,NaN,circular,0.000000,199.982811,193.022085,Success,asym_2_-1
2.0000,-1.0000,1.00,10.00,4.00,39.98280511,0.2500,-0.050000,false,NaN,failed,NaN,39.982805,0.593183,Failure,asym_2_-1
2.0000,-1.0000,1.00,10.00,4.00,19.98279770,0.2500,-0.100000,false,NaN,failed,NaN,19.982798,0.353729,Failure,asym_2_-1
2.0000,-1.0000,1.00,10.00,4.00,7.98277541,0.2500,-0.250000,false,NaN,failed,NaN,7.982775,0.062603,Failure,asym_2_-1
2.0000,-1.0000,1.00,10.00,4.00,3.98273801,0.2500,-0.500000,false,NaN,failed,NaN,3.982738,0.078831,Failure,asym_2_-1
2.0000,-1.0000,1.00,10.00,4.00,1.98266220,0.2500,-1.000000,false,NaN,failed,NaN,1.982662,0.100349,Failure,asym_2_-1
2.0000,-1.0000,1.00,10.00,4.00,199.93122635,0.5000,-0.010000,true,NaN,circular,0.000000,199.931226,192.970500,Success,asym_2_-1
2.0000,-1.0000,1.00,10.00,4.00,39.93113143,0.5000,-0.050000,false,NaN,unbound,831.872438,64.846301,0.708916,Success,asym_2_-1
2.0000,-1.0000,1.00,10.00,4.00,19.93101203,0.5000,-0.100000,false,216.500000,unbound,345.256505,25.847565,0.098469,Success,asym_2_-1
2.0000,-1.0000,1.00,10.00,4.00,7.93064880,0.5000,-0.250000,false,46.750000,unbound,174.162045,12.158574,0.267986,Success,asym_2_-1
2.0000,-1.0000,1.00,10.00,4.00,3.93002591,0.5000,-0.500000,false,13.825000,unbound,87.003195,4.632733,0.099470,Success,asym_2_-1
2.0000,-1.0000,1.00,10.00,4.00,1.92870878,0.5000,-1.000000,false,4.080000,unbound,39.729112,1.939091,0.074755,Success,asym_2_-1
2.0000,-1.0000,1.00,10.00,4.00,199.72462083,1.0000,-0.010000,true,NaN,circular,0.000000,199.724621,192.763902,Success,asym_2_-1
2.0000,-1.0000,1.00,10.00,4.00,39.72308292,1.0000,-0.050000,false,NaN,unbound,2.702371,39.723083,0.617990,Success,asym_2_-1
2.0000,-1.0000,1.00,10.00,4.00,19.72111105,1.0000,-0.100000,false,NaN,unbound,1.302275,19.721111,0.303162,Success,asym_2_-1
2.0000,-1.0000,1.00,10.00,4.00,7.71483512,1.0000,-0.250000,true,NaN,high_ecc_elliptic,0.463662,7.714835,0.287370,Success,asym_2_-1
2.0000,-1.0000,1.00,10.00,4.00,3.70293864,1.0000,-0.500000,true,NaN,high_ecc_elliptic,0.187576,3.702939,0.297138,Success,asym_2_-1
2.0000,-1.0000,1.00,10.00,4.00,1.67082039,1.0000,-1.000000,true,NaN,moderate_ecc_elliptic,0.055746,1.670820,0.329246,Success,asym_2_-1
2.0000,-1.0000,1.00,10.00,4.00,198.89388252,2.0000,-0.010000,true,NaN,circular,0.000000,198.893883,191.933353,Success,asym_2_-1
2.0000,-1.0000,1.00,10.00,4.00,38.86796226,2.0000,-0.050000,true,NaN,high_ecc_elliptic,0.008516,38.867962,1.166332,Success,asym_2_-1
2.0000,-1.0000,1.00,10.00,4.00,18.83176087,2.0000,-0.100000,true,NaN,high_ecc_elliptic,0.003660,18.831761,1.168871,Success,asym_2_-1
2.0000,-1.0000,1.00,10.00,4.00,6.68328157,2.0000,-0.250000,true,NaN,moderate_ecc_elliptic,0.000828,6.683282,1.316782,Success,asym_2_-1
2.0000,-1.0000,1.00,10.00,10.00,200.00000000,0.0000,-0.010000,true,NaN,circular,0.000000,200.000000,193.043388,Success,asym_2_-1
2.0000,-1.0000,1.00,10.00,10.00,40.00000000,0.0000,-0.050000,true,NaN,high_ecc_elliptic,0.033048,40.000000,1.064738,Success,asym_2_-1
2.0000,-1.0000,1.00,10.00,10.00,20.00000000,0.0000,-0.100000,true,NaN,high_ecc_elliptic,0.281080,20.000000,0.404501,Success,asym_2_-1
2.0000,-1.0000,1.00,10.00,10.00,8.00000000,0.0000,-0.250000,false,NaN,unbound,5.506337,8.000000,0.171199,Success,asym_2_-1
2.0000,-1.0000,1.00,10.00,10.00,4.00000000,0.0000,-0.500000,false,NaN,unbound,34.526741,4.000000,0.110975,Success,asym_2_-1
2.0000,-1.0000,1.00,10.00,10.00,2.00000000,0.0000,-1.000000,false,NaN,failed,NaN,2.000000,0.041475,Failure,asym_2_-1
2.0000,-1.0000,1.00,10.00,10.00,199.98281102,0.2500,-0.010000,true,NaN,circular,0.000000,199.982811,193.026199,Success,asym_2_-1
2.0000,-1.0000,1.00,10.00,10.00,39.98280511,0.2500,-0.050000,false,NaN,failed,NaN,39.982805,0.423060,Failure,asym_2_-1
2.0000,-1.0000,1.00,10.00,10.00,19.98279770,0.2500,-0.100000,false,NaN,failed,NaN,19.982798,0.166759,Failure,asym_2_-1
2.0000,-1.0000,1.00,10.00,10.00,7.98277541,0.2500,-0.250000,false,NaN,failed,NaN,7.982775,0.094162,Failure,asym_2_-1
2.0000,-1.0000,1.00,10.00,10.00,3.98273801,0.2500,-0.500000,false,NaN,failed,NaN,3.982738,0.055841,Failure,asym_2_-1
2.0000,-1.0000,1.00,10.00,10.00,1.98266220,0.2500,-1.000000,false,NaN,failed,NaN,1.982662,0.070963,Failure,asym_2_-1
2.0000,-1.0000,1.00,10.00,10.00,199.93122635,0.5000,-0.010000,true,NaN,circular,0.000000,199.931226,192.974614,Success,asym_2_-1
2.0000,-1.0000,1.00,10.00,10.00,39.93113143,0.5000,-0.050000,false,NaN,unbound,592.972547,39.993538,0.582857,Success,asym_2_-1
2.0000,-1.0000,1.00,10.00,10.00,19.93101203,0.5000,-0.100000,false,134.250000,unbound,332.442208,19.951501,0.342268,Success,asym_2_-1
2.0000,-1.0000,1.00,10.00,10.00,7.93064880,0.5000,-0.250000,false,NaN,unbound,130.300010,7.930649,0.110787,Success,asym_2_-1
2.0000,-1.0000,1.00,10.00,10.00,3.93002591,0.5000,-0.500000,false,NaN,unbound,59.010278,3.930026,0.074520,Success,asym_2_-1
2.0000,-1.0000,1.00,10.00,10.00,1.92870878,0.5000,-1.000000,false,4.200000,unbound,28.246693,1.928755,0.076340,Success,asym_2_-1
2.0000,-1.0000,1.00,10.00,10.00,199.72462083,1.0000,-0.010000,true,NaN,circular,0.000000,199.724621,192.768021,Success,asym_2_-1
2.0000,-1.0000,1.00,10.00,10.00,39.72308292,1.0000,-0.050000,false,NaN,unbound,2.385762,39.723083,0.507700,Success,asym_2_-1
2.0000,-1.0000,1.00,10.00,10.00,19.72111105,1.0000,-0.100000,false,NaN,unbound,1.153915,19.721111,0.291023,Success,asym_2_-1
2.0000,-1.0000,1.00,10.00,10.00,7.71483512,1.0000,-0.250000,true,NaN,high_ecc_elliptic,0.415159,7.714835,0.286090,Success,asym_2_-1
2.0000,-1.0000,1.00,10.00,10.00,3.70293864,1.0000,-0.500000,true,NaN,high_ecc_elliptic,0.170959,3.702939,0.297106,Success,asym_2_-1
2.0000,-1.0000,1.00,10.00,10.00,1.67082039,1.0000,-1.000000,true,NaN,moderate_ecc_elliptic,0.052661,1.670820,0.329236,Success,asym_2_-1
2.0000,-1.0000,1.00,10.00,10.00,198.89388252,2.0000,-0.010000,true,NaN,circular,0.000000,198.893883,191.937489,Success,asym_2_-1
2.0000,-1.0000,1.00,10.00,10.00,38.86796226,2.0000,-0.050000,true,NaN,high_ecc_elliptic,0.008263,38.867962,1.152595,Success,asym_2_-1
2.0000,-1.0000,1.00,10.00,10.00,18.83176087,2.0000,-0.100000,true,NaN,high_ecc_elliptic,0.003565,18.831761,1.168802,Success,asym_2_-1
2.0000,-1.0000,1.00,10.00,10.00,6.68328157,2.0000,-0.250000,true,NaN,moderate_ecc_elliptic,0.000816,6.683282,1.316758,Success,asym_2_-1
1.0000,-0.5000,1.00,1.00,2.00,50.00000000,0.0000,-0.010000,true,NaN,high_ecc_elliptic,0.006125,50.000000,1.045398,Success,asym_1_-0.5
1.0000,-0.5000,1.00,1.00,2.00,10.00000000,0.0000,-0.050000,true,NaN,high_ecc_elliptic,0.445240,10.000000,0.279729,Success,asym_1_-0.5
1.0000,-0.5000,1.00,1.00,2.00,5.00000000,0.0000,-0.100000,false,NaN,unbound,7.496240,5.000000,0.145584,Success,asym_1_-0.5
1.0000,-0.5000,1.00,1.00,2.00,2.00000000,0.0000,-0.250000,false,NaN,failed,NaN,2.000000,0.043650,Failure,asym_1_-0.5
1.0000,-0.5000,1.00,1.00,2.00,1.00000000,0.0000,-0.500000,false,NaN,failed,NaN,1.000000,0.093456,Failure,asym_1_-0.5
1.0000,-0.5000,1.00,1.00,2.00,0.50000000,0.0000,-1.000000,false,NaN,failed,NaN,0.500000,0.049408,Failure,asym_1_-0.5
1.0000,-0.5000,1.00,1.00,2.00,49.87468593,0.2500,-0.010000,false,NaN,unbound,50.827006,49.874686,0.534847,Success,asym_1_-0.5
1.0000,-0.5000,1.00,1.00,2.00,9.87339717,0.2500,-0.050000,false,NaN,unbound,9.783905,9.873397,0.134239,Success,asym_1_-0.5
1.0000,-0.5000,1.00,1.00,2.00,4.87170825,0.2500,-0.100000,false,NaN,unbound,4.501921,4.871708,0.146370,Success,asym_1_-0.5
1.0000,-0.5000,1.00,1.00,2.00,1.86602540,0.2500,-0.250000,false,NaN,unbound,1.375009,1.866025,0.134162,Success,asym_1_-0.5
1.0000,-0.5000,1.00,1.00,2.00,0.85355339,0.2500,-0.500000,true,NaN,high_ecc_elliptic,0.402472,0.853553,0.146674,Success,asym_1_-0.5
1.0000,-0.5000,1.00,1.00,2.00,0.25000000,0.2500,-1.000000,true,NaN,circular,0.000014,0.250093,0.250000,Success,asym_1_-0.5
1.0000,-0.5000,1.00,1.00,2.00,49.49489743,0.5000,-0.010000,true,NaN,high_ecc_elliptic,0.138182,49.494897,0.606284,Success,asym_1_-0.5
1.0000,-0.5000,1.00,1.00,2.00,9.47213595,0.5000,-0.050000,true,NaN,high_ecc_elliptic,0.021958,9.472136,0.527872,Success,asym_1_-0.5
1.0000,-0.5000,1.00,1.00,2.00,4.43649167,0.5000,-0.100000,true,NaN,high_ecc_elliptic,0.007852,4.436492,0.563714,Success,asym_1_-0.5
1.0000,-0.5000,1.00,1.00,2.00,1.00000000,0.5000,-0.250000,true,NaN,circular,0.000000,1.000009,1.000000,Success,asym_1_-0.5
1.0000,-0.5000,1.00,1.00,2.00,47.91287847,1.0000,-0.010000,true,NaN,high_ecc_elliptic,0.000414,47.912878,2.093307,Success,asym_1_-0.5
1.0000,-0.5000,1.00,1.00,2.00,7.23606798,1.0000,-0.050000,true,NaN,moderate_ecc_elliptic,0.000022,7.236068,2.763959,Success,asym_1_-0.5
1.0000,-0.5000,1.00,1.00,2.00,40.00000000,2.0000,-0.010000,true,NaN,moderate_ecc_elliptic,0.000001,40.000000,10.000186,Success,asym_1_-0.5
1.0000,-0.5000,1.00,1.00,4.00,50.00000000,0.0000,-0.010000,true,NaN,high_ecc_elliptic,0.007359,50.000000,1.282808,Success,asym_1_-0.5
1.0000,-0.5000,1.00,1.00,4.00,10.00000000,0.0000,-0.050000,true,NaN,high_ecc_elliptic,0.954929,10.000000,0.221492,Success,asym_1_-0.5
1.0000,-0.5000,1.00,1.00,4.00,5.00000000,0.0000,-0.100000,false,NaN,unbound,8.016249,5.000000,0.179439,Success,asym_1_-0.5
1.0000,-0.5000,1.00,1.00,4.00,2.00000000,0.0000,-0.250000,false,NaN,unbound,1821.624291,2.000000,0.024058,Success,asym_1_-0.5
1.0000,-0.5000,1.00,1.00,4.00,1.00000000,0.0000,-0.500000,false,NaN,failed,NaN,1.000000,0.071949,Failure,asym_1_-0.5
1.0000,-0.5000,1.00,1.00,4.00,0.50000000,0.0000,-1.000000,false,NaN,failed,NaN,0.500000,0.060577,Failure,asym_1_-0.5
1.0000,-0.5000,1.00,1.00,4.00,49.87468593,0.2500,-0.010000,false,NaN,unbound,36.744093,49.874686,0.537396,Success,asym_1_-0.5
1.0000,-0.5000,1.00,1.00,4.00,9.87339717,0.2500,-0.050000,false,NaN,unbound,6.984367,9.873397,0.170277,Success,asym_1_-0.5
1.0000,-0.5000,1.00,1.00,4.00,4.87170825,0.2500,-0.100000,false,NaN,unbound,3.257474,4.871708,0.176665,Success,asym_1_-0.5
1.0000,-0.5000,1.00,1.00,4.00,1.86602540,0.2500,-0.250000,false,NaN,unbound,1.039679,1.866025,0.135405,Success,asym_1_-0.5
1.0000,-0.5000,1.00,1.00,4.00,0.85355339,0.2500,-0.500000,true,NaN,high_ecc_elliptic,0.330353,0.853553,0.146558,Success,asym_1_-0.5
1.0000,-0.5000,1.00,1.00,4.00,0.25000000,0.2500,-1.000000,true,NaN,circular,0.000014,0.250093,0.250000,Success,asym_1_-0.5
1.0000,-0.5000,1.00,1.00,4.00,49.49489743,0.5000,-0.010000,true,NaN,high_ecc_elliptic,0.123947,49.494897,0.591783,Success,asym_1_-0.5
1.0000,-0.5000,1.00,1.00,4.00,9.47213595,0.5000,-0.050000,true,NaN,high_ecc_elliptic,0.020052,9.472136,0.527876,Success,asym_1_-0.5
1.0000,-0.5000,1.00,1.00,4.00,4.43649167,0.5000,-0.100000,true,NaN,high_ecc_elliptic,0.007337,4.436492,0.563563,Success,asym_1_-0.5
1.0000,-0.5000,1.00,1.00,4.00,1.00000000,0.5000,-0.250000,true,NaN,circular,0.000000,1.000009,1.000000,Success,asym_1_-0.5
1.0000,-0.5000,1.00,1.00,4.00,47.91287847,1.0000,-0.010000,true,NaN,high_ecc_elliptic,0.000404,47.912878,2.091914,Success,asym_1_-0.5
1.0000,-0.5000,1.00,1.00,4.00,7.23606798,1.0000,-0.050000,true,NaN,moderate_ecc_elliptic,0.000022,7.236068,2.763951,Success,asym_1_-0.5
1.0000,-0.5000,1.00,1.00,4.00,40.00000000,2.0000,-0.010000,true,NaN,moderate_ecc_elliptic,0.000001,40.000000,10.000132,Success,asym_1_-0.5
1.0000,-0.5000,1.00,1.00,10.00,50.00000000,0.0000,-0.010000,true,NaN,high_ecc_elliptic,0.007597,50.000000,1.205335,Success,asym_1_-0.5
1.0000,-0.5000,1.00,1.00,10.00,10.00000000,0.0000,-0.050000,true,NaN,high_ecc_elliptic,0.915275,10.000000,0.336994,Success,asym_1_-0.5
1.0000,-0.5000,1.00,1.00,10.00,5.00000000,0.0000,-0.100000,false,NaN,unbound,16.823845,5.000000,0.103783,Success,asym_1_-0.5
1.0000,-0.5000,1.00,1.00,10.00,2.00000000,0.0000,-0.250000,false,NaN,unbound,194.369659,2.000000,0.065213,Success,asym_1_-0.5
1.0000,-0.5000,1.00,1.00,10.00,1.00000000,0.0000,-0.500000,false,NaN,failed,NaN,1.000000,0.057224,Failure,asym_1_-0.5
1.0000,-0.5000,1.00,1.00,10.00,0.50000000,0.0000,-1.000000,false,NaN,failed,NaN,0.500000,0.052218,Failure,asym_1_-0.5
1.0000,-0.5000,1.00,1.00,10.00,49.87468593,0.2500,-0.010000,false,NaN,unbound,32.421837,49.874686,0.329217,Success,asym_1_-0.5
1.0000,-0.5000,1.00,1.00,10.00,9.87339717,0.2500,-0.050000,false,NaN,unbound,6.175316,9.873397,0.138147,Success,asym_1_-0.5
1.0000,-0.5000,1.00,1.00,10.00,4.87170825,0.2500,-0.100000,false,NaN,unbound,2.900806,4.871708,0.365079,Success,asym_1_-0.5
1.0000,-0.5000,1.00,1.00,10.00,1.86602540,0.2500,-0.250000,true,NaN,high_ecc_elliptic,0.944042,1.866025,0.134122,Success,asym_1_-0.5
1.0000,-0.5000,1.00,1.00,10.00,0.85355339,0.2500,-0.500000,true,NaN,high_ecc_elliptic,0.309896,0.853553,0.146546,Success,asym_1_-0.5
1.0000,-0.5000,1.00,1.00,10.00,0.25000000,0.2500,-1.000000,true,NaN,circular,0.000014,0.250093,0.250000,Success,asym_1_-0.5
1.0000,-0.5000,1.00,1.00,10.00,49.49489743,0.5000,-0.010000,true,NaN,high_ecc_elliptic,0.119975,49.494897,0.532594,Success,asym_1_-0.5
1.0000,-0.5000,1.00,1.00,10.00,9.47213595,0.5000,-0.050000,true,NaN,high_ecc_elliptic,0.019518,9.472136,0.528544,Success,asym_1_-0.5
1.0000,-0.5000,1.00,1.00,10.00,4.43649167,0.5000,-0.100000,true,NaN,high_ecc_elliptic,0.007192,4.436492,0.587740,Success,asym_1_-0.5
1.0000,-0.5000,1.00,1.00,10.00,1.00000000,0.5000,-0.250000,true,NaN,circular,0.000000,1.000009,1.000000,Success,asym_1_-0.5
1.0000,-0.5000,1.00,1.00,10.00,47.91287847,1.0000,-0.010000,true,NaN,high_ecc_elliptic,0.000401,47.912878,2.088659,Success,asym_1_-0.5
1.0000,-0.5000,1.00,1.00,10.00,7.23606798,1.0000,-0.050000,true,NaN,moderate_ecc_elliptic,0.000022,7.236068,2.763945,Success,asym_1_-0.5
1.0000,-0.5000,1.00,1.00,10.00,40.00000000,2.0000,-0.010000,true,NaN,moderate_ecc_elliptic,0.000001,40.000000,10.000044,Success,asym_1_-0.5
1.0000,-0.5000,1.00,2.00,2.00,50.00000000,0.0000,-0.010000,true,NaN,high_ecc_elliptic,0.004923,50.000000,1.146601,Success,asym_1_-0.5
1.0000,-0.5000,1.00,2.00,2.00,10.00000000,0.0000,-0.050000,true,NaN,high_ecc_elliptic,0.503231,10.000000,0.254216,Success,asym_1_-0.5
1.0000,-0.5000,1.00,2.00,2.00,5.00000000,0.0000,-0.100000,false,NaN,unbound,7.464622,5.000000,0.156006,Success,asym_1_-0.5
1.0000,-0.5000,1.00,2.00,2.00,2.00000000,0.0000,-0.250000,false,NaN,failed,NaN,2.000000,0.056485,Failure,asym_1_-0.5
1.0000,-0.5000,1.00,2.00,2.00,1.00000000,0.0000,-0.500000,false,NaN,failed,NaN,1.000000,0.072531,Failure,asym_1_-0.5
1.0000,-0.5000,1.00,2.00,2.00,0.50000000,0.0000,-1.000000,false,NaN,failed,NaN,0.500000,0.056265,Failure,asym_1_-0.5
1.0000,-0.5000,1.00,2.00,2.00,49.90607356,0.2500,-0.010000,false,NaN,unbound,110.607964,49.906074,0.501706,Success,asym_1_-0.5
1.0000,-0.5000,1.00,2.00,2.00,9.90535422,0.2500,-0.050000,false,NaN,unbound,23.544905,9.905354,0.125270,Success,asym_1_-0.5
1.0000,-0.5000,1.00,2.00,2.00,4.90442301,0.2500,-0.100000,false,NaN,unbound,11.091985,4.904423,0.216746,Success,asym_1_-0.5
1.0000,-0.5000,1.00,2.00,2.00,1.90138782,0.2500,-0.250000,false,NaN,unbound,3.650163,1.901388,0.100537,Success,asym_1_-0.5
1.0000,-0.5000,1.00,2.00,2.00,0.89528471,0.2500,-0.500000,false,NaN,unbound,1.265458,0.895285,0.104940,Success,asym_1_-0.5
1.0000,-0.5000,1.00,2.00,2.00,0.37500000,0.2500,-1.000000,true,NaN,moderate_ecc_elliptic,0.187528,0.375000,0.125119,Success,asym_1_-0.5
1.0000,-0.5000,1.00,2.00,2.00,49.62214450,0.5000,-0.010000,true,NaN,high_ecc_elliptic,0.332093,49.622145,0.503952,Success,asym_1_-0.5
1.0000,-0.5000,1.00,2.00,2.00,9.60977223,0.5000,-0.050000,true,NaN,high_ecc_elliptic,0.056101,9.609772,0.393467,Success,asym_1_-0.5
1.0000,-0.5000,1.00,2.00,2.00,4.59165007,0.5000,-0.100000,true,NaN,high_ecc_elliptic,0.022183,4.591650,0.408602,Success,asym_1_-0.5
1.0000,-0.5000,1.00,2.00,2.00,1.50000000,0.5000,-0.250000,true,NaN,moderate_ecc_elliptic,0.003218,1.500000,0.500315,Success,asym_1_-0.5
1.0000,-0.5000,1.00,2.00,2.00,48.45207880,1.0000,-0.010000,true,NaN,high_ecc_elliptic,0.001036,48.452079,1.556173,Success,asym_1_-0.5
1.0000,-0.5000,1.00,2.00,2.00,8.16227766,1.0000,-0.050000,true,NaN,moderate_ecc_elliptic,0.000091,8.162278,1.837789,Success,asym_1_-0.5
1.0000,-0.5000,1.00,2.00,2.00,43.02775638,2.0000,-0.010000,true,NaN,high_ecc_elliptic,0.000002,43.027756,6.972564,Success,asym_1_-0.5
1.0000,-0.5000,1.00,2.00,4.00,50.00000000,0.0000,-0.010000,true,NaN,high_ecc_elliptic,0.005538,50.000000,1.020747,Success,asym_1_-0.5
1.0000,-0.5000,1.00,2.00,4.00,10.00000000,0.0000,-0.050000,true,NaN,high_ecc_elliptic,0.626000,10.000000,0.252258,Success,asym_1_-0.5
1.0000,-0.5000,1.00,2.00,4.00,5.00000000,0.0000,-0.100000,false,NaN,unbound,5.092573,5.000000,0.115462,Success,asym_1_-0.5
1.0000,-0.5000,1.00,2.00,4.00,2.00000000,0.0000,-0.250000,false,NaN,failed,NaN,2.000000,0.007763,Failure,asym_1_-0.5
1.0000,-0.5000,1.00,2.00,4.00,1.00000000,0.0000,-0.500000,false,17.290000,unbound,4207.736634,1.000000,0.013457,Success,asym_1_-0.5
1.0000,-0.5000,1.00,2.00,4.00,0.50000000,0.0000,-1.000000,false,NaN,failed,NaN,0.500000,0.054777,Failure,asym_1_-0.5
1.0000,-0.5000,1.00,2.00,4.00,49.90607356,0.2500,-0.010000,false,NaN,unbound,87.546823,49.906074,0.136637,Success,asym_1_-0.5
1.0000,-0.5000,1.00,2.00,4.00,9.90535422,0.2500,-0.050000,false,NaN,unbound,16.828352,9.905354,0.300209,Success,asym_1_-0.5
1.0000,-0.5000,1.00,2.00,4.00,4.90442301,0.2500,-0.100000,false,NaN,unbound,8.000276,4.904423,0.097209,Success,asym_1_-0.5
1.0000,-0.5000,1.00,2.00,4.00,1.90138782,0.2500,-0.250000,false,NaN,unbound,2.716722,1.901388,0.099152,Success,asym_1_-0.5
1.0000,-0.5000,1.00,2.00,4.00,0.89528471,0.2500,-0.500000,true,NaN,high_ecc_elliptic,0.996690,0.895285,0.104857,Success,asym_1_-0.5
1.0000,-0.5000,1.00,2.00,4.00,0.37500000,0.2500,-1.000000,true,NaN,moderate_ecc_elliptic,0.169072,0.375000,0.125106,Success,asym_1_-0.5
1.0000,-0.5000,1.00,2.00,4.00,49.62214450,0.5000,-0.010000,true,NaN,high_ecc_elliptic,0.297458,49.622145,0.380136,Success,asym_1_-0.5
1.0000,-0.5000,1.00,2.00,4.00,9.60977223,0.5000,-0.050000,true,NaN,high_ecc_elliptic,0.050942,9.609772,0.406239,Success,asym_1_-0.5
1.0000,-0.5000,1.00,2.00,4.00,4.59165007,0.5000,-0.100000,true,NaN,high_ecc_elliptic,0.020489,4.591650,0.408639,Success,asym_1_-0.5
1.0000,-0.5000,1.00,2.00,4.00,1.50000000,0.5000,-0.250000,true,NaN,moderate_ecc_elliptic,0.003131,1.500000,0.500009,Success,asym_1_-0.5
1.0000,-0.5000,1.00,2.00,4.00,48.45207880,1.0000,-0.010000,true,NaN,high_ecc_elliptic,0.001009,48.452079,1.548027,Success,asym_1_-0.5
1.0000,-0.5000,1.00,2.00,4.00,8.16227766,1.0000,-0.050000,true,NaN,moderate_ecc_elliptic,0.000090,8.162278,1.838010,Success,asym_1_-0.5
1.0000,-0.5000,1.00,2.00,4.00,43.02775638,2.0000,-0.010000,true,NaN,high_ecc_elliptic,0.000002,43.027756,6.972247,Success,asym_1_-0.5
1.0000,-0.5000,1.00,2.00,10.00,50.00000000,0.0000,-0.010000,true,NaN,high_ecc_elliptic,0.005791,50.000000,1.175304,Success,asym_1_-0.5
1.0000,-0.5000,1.00,2.00,10.00,10.00000000,0.0000,-0.050000,true,NaN,high_ecc_elliptic,0.853646,10.000000,0.229821,Success,asym_1_-0.5
1.0000,-0.5000,1.00,2.00,10.00,5.00000000,0.0000,-0.100000,false,NaN,unbound,7.951319,5.000000,0.109985,Success,asym_1_-0.5
1.0000,-0.5000,1.00,2.00,10.00,2.00000000,0.0000,-0.250000,false,NaN,failed,NaN,2.000000,0.046618,Failure,asym_1_-0.5
1.0000,-0.5000,1.00,2.00,10.00,1.00000000,0.0000,-0.500000,false,NaN,failed,NaN,1.000000,0.039817,Failure,asym_1_-0.5
1.0000,-0.5000,1.00,2.00,10.00,0.50000000,0.0000,-1.000000,false,NaN,failed,NaN,0.500000,0.035074,Failure,asym_1_-0.5
1.0000,-0.5000,1.00,2.00,10.00,49.90607356,0.2500,-0.010000,false,NaN,unbound,76.182438,49.906074,0.299737,Success,asym_1_-0.5
1.0000,-0.5000,1.00,2.00,10.00,9.90535422,0.2500,-0.050000,false,NaN,unbound,14.618048,9.905354,0.122401,Success,asym_1_-0.5
1.0000,-0.5000,1.00,2.00,10.00,4.90442301,0.2500,-0.100000,false,NaN,unbound,7.097092,4.904423,0.105126,Success,asym_1_-0.5
1.0000,-0.5000,1.00,2.00,10.00,1.90138782,0.2500,-0.250000,false,NaN,unbound,2.445417,1.901388,0.098814,Success,asym_1_-0.5
1.0000,-0.5000,1.00,2.00,10.00,0.89528471,0.2500,-0.500000,true,NaN,high_ecc_elliptic,0.919447,0.895285,0.105108,Success,asym_1_-0.5
1.0000,-0.5000,1.00,2.00,10.00,0.37500000,0.2500,-1.000000,true,NaN,moderate_ecc_elliptic,0.163854,0.375000,0.125105,Success,asym_1_-0.5
1.0000,-0.5000,1.00,2.00,10.00,49.62214450,0.5000,-0.010000,true,NaN,high_ecc_elliptic,0.287788,49.622145,0.412479,Success,asym_1_-0.5
1.0000,-0.5000,1.00,2.00,10.00,9.60977223,0.5000,-0.050000,true,NaN,high_ecc_elliptic,0.049489,9.609772,0.391974,Success,asym_1_-0.5
1.0000,-0.5000,1.00,2.00,10.00,4.59165007,0.5000,-0.100000,true,NaN,high_ecc_elliptic,0.020015,4.591650,0.408721,Success,asym_1_-0.5
1.0000,-0.5000,1.00,2.00,10.00,1.50000000,0.5000,-0.250000,true,NaN,moderate_ecc_elliptic,0.003106,1.500000,0.500012,Success,asym_1_-0.5
1.0000,-0.5000,1.00,2.00,10.00,48.45207880,1.0000,-0.010000,true,NaN,high_ecc_elliptic,0.001001,48.452079,1.549979,Success,asym_1_-0.5
1.0000,-0.5000,1.00,2.00,10.00,8.16227766,1.0000,-0.050000,true,NaN,moderate_ecc_elliptic,0.000090,8.162278,1.837776,Success,asym_1_-0.5
1.0000,-0.5000,1.00,2.00,10.00,43.02775638,2.0000,-0.010000,true,NaN,high_ecc_elliptic,0.000002,43.027756,6.972321,Success,asym_1_-0.5
1.0000,-0.5000,1.00,10.00,2.00,50.00000000,0.0000,-0.010000,true,NaN,moderate_ecc_elliptic,0.000000,50.000000,11.978991,Success,asym_1_-0.5
1.0000,-0.5000,1.00,10.00,2.00,10.00000000,0.0000,-0.050000,true,NaN,high_ecc_elliptic,0.366411,10.000000,0.520353,Success,asym_1_-0.5
1.0000,-0.5000,1.00,10.00,2.00,5.00000000,0.0000,-0.100000,false,NaN,unbound,2.755117,5.000000,0.087799,Success,asym_1_-0.5
1.0000,-0.5000,1.00,10.00,2.00,2.00000000,0.0000,-0.250000,false,NaN,unbound,923.263799,2.000000,0.022139,Success,asym_1_-0.5
1.0000,-0.5000,1.00,10.00,2.00,1.00000000,0.0000,-0.500000,false,NaN,failed,NaN,1.000000,0.053202,Failure,asym_1_-0.5
1.0000,-0.5000,1.00,10.00,2.00,0.50000000,0.0000,-1.000000,false,NaN,failed,NaN,0.500000,0.047017,Failure,asym_1_-0.5
1.0000,-0.5000,1.00,10.00,2.00,49.93115521,0.2500,-0.010000,true,NaN,moderate_ecc_elliptic,0.000000,49.931155,11.909848,Success,asym_1_-0.5
1.0000,-0.5000,1.00,10.00,2.00,9.93077073,0.2500,-0.050000,false,93.500000,unbound,60.354691,9.932310,0.316521,Success,asym_1_-0.5
1.0000,-0.5000,1.00,10.00,2.00,4.93027776,0.2500,-0.100000,false,81.750000,unbound,28.422353,4.930617,0.072448,Success,asym_1_-0.5
1.0000,-0.5000,1.00,10.00,2.00,1.92870878,0.2500,-0.250000,false,8.000000,unbound,10.058050,1.928721,0.072831,Success,asym_1_-0.5
1.0000,-0.5000,1.00,10.00,2.00,0.92573466,0.2500,-0.500000,false,NaN,unbound,3.911304,0.925735,0.089933,Success,asym_1_-0.5
1.0000,-0.5000,1.00,10.00,2.00,0.41770510,0.2500,-1.000000,false,NaN,unbound,1.063501,0.417705,0.082515,Success,asym_1_-0.5
1.0000,-0.5000,1.00,10.00,2.00,49.72347063,0.5000,-0.010000,true,NaN,moderate_ecc_elliptic,0.000000,49.723471,11.705008,Success,asym_1_-0.5
1.0000,-0.5000,1.00,10.00,2.00,9.71699057,0.5000,-0.050000,true,NaN,high_ecc_elliptic,0.150740,9.716991,0.415615,Success,asym_1_-0.5
1.0000,-0.5000,1.00,10.00,2.00,4.70794022,0.5000,-0.100000,true,NaN,high_ecc_elliptic,0.063985,4.707940,0.292074,Success,asym_1_-0.5
1.0000,-0.5000,1.00,10.00,2.00,1.67082039,0.5000,-0.250000,true,NaN,moderate_ecc_elliptic,0.013938,1.670820,0.329306,Success,asym_1_-0.5
1.0000,-0.5000,1.00,10.00,2.00,48.87467277,1.0000,-0.010000,true,NaN,moderate_ecc_elliptic,0.000000,48.874673,10.931810,Success,asym_1_-0.5
1.0000,-0.5000,1.00,10.00,2.00,8.74165739,1.0000,-0.050000,true,NaN,high_ecc_elliptic,0.000321,8.741657,1.258934,Success,asym_1_-0.5
1.0000,-0.5000,1.00,10.00,2.00,3.36602540,1.0000,-0.100000,true,NaN,moderate_ecc_elliptic,0.000045,3.366025,1.633987,Success,asym_1_-0.5
1.0000,-0.5000,1.00,10.00,2.00,45.12461180,2.0000,-0.010000,true,NaN,moderate_ecc_elliptic,0.000000,45.124612,9.165468,Success,asym_1_-0.5
1.0000,-0.5000,1.00,10.00,4.00,50.00000000,0.0000,-0.010000,true,NaN,moderate_ecc_elliptic,0.000000,50.000000,12.172026,Success,asym_1_-0.5
1.0000,-0.5000,1.00,10.00,4.00,10.00000000,0.0000,-0.050000,true,NaN,high_ecc_elliptic,0.499054,10.000000,0.242184,Success,asym_1_-0.5
1.0000,-0.5000,1.00,10.00,4.00,5.00000000,0.0000,-0.100000,false,66.500000,unbound,4.793611,5.000000,0.378186,Success,asym_1_-0.5
1.0000,-0.5000,1.00,10.00,4.00,2.00000000,0.0000,-0.250000,false,NaN,unbound,108.276726,2.000000,0.025569,Success,asym_1_-0.5
1.0000,-0.5000,1.00,10.00,4.00,1.00000000,0.0000,-0.500000,false,NaN,failed,NaN,1.000000,0.047041,Failure,asym_1_-0.5
1.0000,-0.5000,1.00,10.00,4.00,0.50000000,0.0000,-1.000000,false,NaN,failed,NaN,0.500000,0.021777,Failure,asym_1_-0.5
1.0000,-0.5000,1.00,10.00,4.00,49.93115521,0.2500,-0.010000,true,NaN,moderate_ecc_elliptic,0.000000,49.931155,12.103330,Success,asym_1_-0.5
1.0000,-0.5000,1.00,10.00,4.00,9.93077073,0.2500,-0.050000,false,NaN,unbound,43.301991,9.930771,0.083121,Success,asym_1_-0.5
1.0000,-0.5000,1.00,10.00,4.00,4.93027776,0.2500,-0.100000,false,NaN,unbound,20.866263,4.930278,0.075178,Success,asym_1_-0.5
1.0000,-0.5000,1.00,10.00,4.00,1.92870878,0.2500,-0.250000,false,NaN,unbound,7.402862,1.928709,0.072032,Success,asym_1_-0.5
1.0000,-0.5000,1.00,10.00,4.00,0.92573466,0.2500,-0.500000,false,NaN,unbound,3.000101,0.925735,0.074476,Success,asym_1_-0.5
1.0000,-0.5000,1.00,10.00,4.00,0.41770510,0.2500,-1.000000,true,NaN,moderate_ecc_elliptic,0.889622,0.417705,0.082476,Success,asym_1_-0.5
1.0000,-0.5000,1.00,10.00,4.00,49.72347063,0.5000,-0.010000,true,NaN,moderate_ecc_elliptic,0.000000,49.723471,11.899764,Success,asym_1_-0.5
1.0000,-0.5000,1.00,10.00,4.00,9.71699057,0.5000,-0.050000,true,NaN,high_ecc_elliptic,0.136256,9.716991,0.283093,Success,asym_1_-0.5
1.0000,-0.5000,1.00,10.00,4.00,4.70794022,0.5000,-0.100000,true,NaN,high_ecc_elliptic,0.058562,4.707940,0.292304,Success,asym_1_-0.5
1.0000,-0.5000,1.00,10.00,4.00,1.67082039,0.5000,-0.250000,true,NaN,moderate_ecc_elliptic,0.013250,1.670820,0.329206,Success,asym_1_-0.5
1.0000,-0.5000,1.00,10.00,4.00,48.87467277,1.0000,-0.010000,true,NaN,moderate_ecc_elliptic,0.000000,48.874673,11.130398,Success,asym_1_-0.5
1.0000,-0.5000,1.00,10.00,4.00,8.74165739,1.0000,-0.050000,true,NaN,high_ecc_elliptic,0.000316,8.741657,1.258344,Success,asym_1_-0.5
1.0000,-0.5000,1.00,10.00,4.00,3.36602540,1.0000,-0.100000,true,NaN,moderate_ecc_elliptic,0.000045,3.366025,1.633979,Success,asym_1_-0.5
1.0000,-0.5000,1.00,10.00,4.00,45.12461180,2.0000,-0.010000,true,NaN,moderate_ecc_elliptic,0.000000,45.124612,9.337799,Success,asym_1_-0.5
1.0000,-0.5000,1.00,10.00,10.00,50.00000000,0.0000,-0.010000,true,NaN,moderate_ecc_elliptic,0.000000,50.000000,12.225599,Success,asym_1_-0.5
1.0000,-0.5000,1.00,10.00,10.00,10.00000000,0.0000,-0.050000,true,NaN,high_ecc_elliptic,0.636014,10.000000,0.201057,Success,asym_1_-0.5
1.0000,-0.5000,1.00,10.00,10.00,5.00000000,0.0000,-0.100000,false,NaN,unbound,5.358637,5.000000,0.124858,Success,asym_1_-0.5
1.0000,-0.5000,1.00,10.00,10.00,2.00000000,0.0000,-0.250000,false,NaN,failed,NaN,2.000000,0.043020,Failure,asym_1_-0.5
1.0000,-0.5000,1.00,10.00,10.00,1.00000000,0.0000,-0.500000,false,NaN,failed,NaN,1.000000,0.042772,Failure,asym_1_-0.5
1.0000,-0.5000,1.00,10.00,10.00,0.50000000,0.0000,-1.000000,false,NaN,failed,NaN,0.500000,0.038372,Failure,asym_1_-0.5
1.0000,-0.5000,1.00,10.00,10.00,49.93115521,0.2500,-0.010000,true,NaN,moderate_ecc_elliptic,0.000000,49.931155,12.157026,Success,asym_1_-0.5
1.0000,-0.5000,1.00,10.00,10.00,9.93077073,0.2500,-0.050000,false,NaN,unbound,38.140537,9.930771,0.071554,Success,asym_1_-0.5
1.0000,-0.5000,1.00,10.00,10.00,4.93027776,0.2500,-0.100000,false,NaN,unbound,18.442270,4.930278,0.074942,Success,asym_1_-0.5
1.0000,-0.5000,1.00,10.00,10.00,1.92870878,0.2500,-0.250000,false,NaN,unbound,6.631079,1.928709,0.071733,Success,asym_1_-0.5
1.0000,-0.5000,1.00,10.00,10.00,0.92573466,0.2500,-0.500000,false,NaN,unbound,2.728444,0.925735,0.074453,Success,asym_1_-0.5
1.0000,-0.5000,1.00,10.00,10.00,0.41770510,0.2500,-1.000000,true,NaN,moderate_ecc_elliptic,0.839123,0.417705,0.082465,Success,asym_1_-0.5
1.0000,-0.5000,1.00,10.00,10.00,49.72347063,0.5000,-0.010000,true,NaN,moderate_ecc_elliptic,0.000000,49.723471,11.953808,Success,asym_1_-0.5
1.0000,-0.5000,1.00,10.00,10.00,9.71699057,0.5000,-0.050000,true,NaN,high_ecc_elliptic,0.132201,9.716991,0.283136,Success,asym_1_-0.5
1.0000,-0.5000,1.00,10.00,10.00,4.70794022,0.5000,-0.100000,true,NaN,high_ecc_elliptic,0.057043,4.707940,0.292347,Success,asym_1_-0.5
1.0000,-0.5000,1.00,10.00,10.00,1.67082039,0.5000,-0.250000,true,NaN,moderate_ecc_elliptic,0.013058,1.670820,0.329200,Success,asym_1_-0.5
1.0000,-0.5000,1.00,10.00,10.00,48.87467277,1.0000,-0.010000,true,NaN,moderate_ecc_elliptic,0.000000,48.874673,11.185492,Success,asym_1_-0.5
1.0000,-0.5000,1.00,10.00,10.00,8.74165739,1.0000,-0.050000,true,NaN,high_ecc_elliptic,0.000314,8.741657,1.258348,Success,asym_1_-0.5
1.0000,-0.5000,1.00,10.00,10.00,3.36602540,1.0000,-0.100000,true,NaN,moderate_ecc_elliptic,0.000045,3.366025,1.633979,Success,asym_1_-0.5
1.0000,-0.5000,1.00,10.00,10.00,45.12461180,2.0000,-0.010000,true,NaN,moderate_ecc_elliptic,0.000000,45.124612,9.385861,Success,asym_1_-0.5
0.5000,-1.0000,1.00,1.00,2.00,50.00000000,0.0000,-0.010000,true,NaN,high_ecc_elliptic,0.006125,50.000000,1.045398,Success,asym_0.5_-1
0.5000,-1.0000,1.00,1.00,2.00,10.00000000,0.0000,-0.050000,true,NaN,high_ecc_elliptic,0.445240,10.000000,0.279729,Success,asym_0.5_-1
0.5000,-1.0000,1.00,1.00,2.00,5.00000000,0.0000,-0.100000,false,NaN,unbound,7.496240,5.000000,0.145584,Success,asym_0.5_-1
0.5000,-1.0000,1.00,1.00,2.00,2.00000000,0.0000,-0.250000,false,NaN,failed,NaN,2.000000,0.043650,Failure,asym_0.5_-1
0.5000,-1.0000,1.00,1.00,2.00,1.00000000,0.0000,-0.500000,false,NaN,failed,NaN,1.000000,0.093456,Failure,asym_0.5_-1
0.5000,-1.0000,1.00,1.00,2.00,0.50000000,0.0000,-1.000000,false,NaN,failed,NaN,0.500000,0.049408,Failure,asym_0.5_-1
0.5000,-1.0000,1.00,1.00,2.00,49.87468593,0.2500,-0.010000,false,NaN,unbound,50.827006,49.874686,0.534847,Success,asym_0.5_-1
0.5000,-1.0000,1.00,1.00,2.00,9.87339717,0.2500,-0.050000,false,NaN,unbound,9.783905,9.873397,0.134239,Success,asym_0.5_-1
0.5000,-1.0000,1.00,1.00,2.00,4.87170825,0.2500,-0.100000,false,NaN,unbound,4.501921,4.871708,0.146370,Success,asym_0.5_-1
0.5000,-1.0000,1.00,1.00,2.00,1.86602540,0.2500,-0.250000,false,NaN,unbound,1.375009,1.866025,0.134162,Success,asym_0.5_-1
0.5000,-1.0000,1.00,1.00,2.00,0.85355339,0.2500,-0.500000,true,NaN,high_ecc_elliptic,0.402472,0.853553,0.146674,Success,asym_0.5_-1
0.5000,-1.0000,1.00,1.00,2.00,0.25000000,0.2500,-1.000000,true,NaN,circular,0.000014,0.250093,0.250000,Success,asym_0.5_-1
0.5000,-1.0000,1.00,1.00,2.00,49.49489743,0.5000,-0.010000,true,NaN,high_ecc_elliptic,0.138182,49.494897,0.606284,Success,asym_0.5_-1
0.5000,-1.0000,1.00,1.00,2.00,9.47213595,0.5000,-0.050000,true,NaN,high_ecc_elliptic,0.021958,9.472136,0.527872,Success,asym_0.5_-1
0.5000,-1.0000,1.00,1.00,2.00,4.43649167,0.5000,-0.100000,true,NaN,high_ecc_elliptic,0.007852,4.436492,0.563714,Success,asym_0.5_-1
0.5000,-1.0000,1.00,1.00,2.00,1.00000000,0.5000,-0.250000,true,NaN,circular,0.000000,1.000009,1.000000,Success,asym_0.5_-1
0.5000,-1.0000,1.00,1.00,2.00,47.91287847,1.0000,-0.010000,true,NaN,high_ecc_elliptic,0.000414,47.912878,2.093307,Success,asym_0.5_-1
0.5000,-1.0000,1.00,1.00,2.00,7.23606798,1.0000,-0.050000,true,NaN,moderate_ecc_elliptic,0.000022,7.236068,2.763959,Success,asym_0.5_-1
0.5000,-1.0000,1.00,1.00,2.00,40.00000000,2.0000,-0.010000,true,NaN,moderate_ecc_elliptic,0.000001,40.000000,10.000186,Success,asym_0.5_-1
0.5000,-1.0000,1.00,1.00,4.00,50.00000000,0.0000,-0.010000,true,NaN,high_ecc_elliptic,0.007359,50.000000,1.282808,Success,asym_0.5_-1
0.5000,-1.0000,1.00,1.00,4.00,10.00000000,0.0000,-0.050000,true,NaN,high_ecc_elliptic,0.954929,10.000000,0.221492,Success,asym_0.5_-1
0.5000,-1.0000,1.00,1.00,4.00,5.00000000,0.0000,-0.100000,false,NaN,unbound,8.016249,5.000000,0.179439,Success,asym_0.5_-1
0.5000,-1.0000,1.00,1.00,4.00,2.00000000,0.0000,-0.250000,false,NaN,unbound,1821.624291,2.000000,0.024058,Success,asym_0.5_-1
0.5000,-1.0000,1.00,1.00,4.00,1.00000000,0.0000,-0.500000,false,NaN,failed,NaN,1.000000,0.071949,Failure,asym_0.5_-1
0.5000,-1.0000,1.00,1.00,4.00,0.50000000,0.0000,-1.000000,false,NaN,failed,NaN,0.500000,0.060577,Failure,asym_0.5_-1
0.5000,-1.0000,1.00,1.00,4.00,49.87468593,0.2500,-0.010000,false,NaN,unbound,36.744093,49.874686,0.537396,Success,asym_0.5_-1
0.5000,-1.0000,1.00,1.00,4.00,9.87339717,0.2500,-0.050000,false,NaN,unbound,6.984367,9.873397,0.170277,Success,asym_0.5_-1
0.5000,-1.0000,1.00,1.00,4.00,4.87170825,0.2500,-0.100000,false,NaN,unbound,3.257474,4.871708,0.176665,Success,asym_0.5_-1
0.5000,-1.0000,1.00,1.00,4.00,1.86602540,0.2500,-0.250000,false,NaN,unbound,1.039679,1.866025,0.135405,Success,asym_0.5_-1
0.5000,-1.0000,1.00,1.00,4.00,0.85355339,0.2500,-0.500000,true,NaN,high_ecc_elliptic,0.330353,0.853553,0.146558,Success,asym_0.5_-1
0.5000,-1.0000,1.00,1.00,4.00,0.25000000,0.2500,-1.000000,true,NaN,circular,0.000014,0.250093,0.250000,Success,asym_0.5_-1
0.5000,-1.0000,1.00,1.00,4.00,49.49489743,0.5000,-0.010000,true,NaN,high_ecc_elliptic,0.123947,49.494897,0.591783,Success,asym_0.5_-1
0.5000,-1.0000,1.00,1.00,4.00,9.47213595,0.5000,-0.050000,true,NaN,high_ecc_elliptic,0.020052,9.472136,0.527876,Success,asym_0.5_-1
0.5000,-1.0000,1.00,1.00,4.00,4.43649167,0.5000,-0.100000,true,NaN,high_ecc_elliptic,0.007337,4.436492,0.563563,Success,asym_0.5_-1
0.5000,-1.0000,1.00,1.00,4.00,1.00000000,0.5000,-0.250000,true,NaN,circular,0.000000,1.000009,1.000000,Success,asym_0.5_-1
0.5000,-1.0000,1.00,1.00,4.00,47.91287847,1.0000,-0.010000,true,NaN,high_ecc_elliptic,0.000404,47.912878,2.091914,Success,asym_0.5_-1
0.5000,-1.0000,1.00,1.00,4.00,7.23606798,1.0000,-0.050000,true,NaN,moderate_ecc_elliptic,0.000022,7.236068,2.763951,Success,asym_0.5_-1
0.5000,-1.0000,1.00,1.00,4.00,40.00000000,2.0000,-0.010000,true,NaN,moderate_ecc_elliptic,0.000001,40.000000,10.000132,Success,asym_0.5_-1
0.5000,-1.0000,1.00,1.00,10.00,50.00000000,0.0000,-0.010000,true,NaN,high_ecc_elliptic,0.007597,50.000000,1.205335,Success,asym_0.5_-1
0.5000,-1.0000,1.00,1.00,10.00,10.00000000,0.0000,-0.050000,true,NaN,high_ecc_elliptic,0.915275,10.000000,0.336994,Success,asym_0.5_-1
0.5000,-1.0000,1.00,1.00,10.00,5.00000000,0.0000,-0.100000,false,NaN,unbound,16.823845,5.000000,0.103783,Success,asym_0.5_-1
0.5000,-1.0000,1.00,1.00,10.00,2.00000000,0.0000,-0.250000,false,NaN,unbound,194.369659,2.000000,0.065213,Success,asym_0.5_-1
0.5000,-1.0000,1.00,1.00,10.00,1.00000000,0.0000,-0.500000,false,NaN,failed,NaN,1.000000,0.057224,Failure,asym_0.5_-1
0.5000,-1.0000,1.00,1.00,10.00,0.50000000,0.0000,-1.000000,false,NaN,failed,NaN,0.500000,0.052218,Failure,asym_0.5_-1
0.5000,-1.0000,1.00,1.00,10.00,49.87468593,0.2500,-0.010000,false,NaN,unbound,32.421837,49.874686,0.329217,Success,asym_0.5_-1
0.5000,-1.0000,1.00,1.00,10.00,9.87339717,0.2500,-0.050000,false,NaN,unbound,6.175316,9.873397,0.138147,Success,asym_0.5_-1
0.5000,-1.0000,1.00,1.00,10.00,4.87170825,0.2500,-0.100000,false,NaN,unbound,2.900806,4.871708,0.365079,Success,asym_0.5_-1
0.5000,-1.0000,1.00,1.00,10.00,1.86602540,0.2500,-0.250000,true,NaN,high_ecc_elliptic,0.944042,1.866025,0.134122,Success,asym_0.5_-1
0.5000,-1.0000,1.00,1.00,10.00,0.85355339,0.2500,-0.500000,true,NaN,high_ecc_elliptic,0.309896,0.853553,0.146546,Success,asym_0.5_-1
0.5000,-1.0000,1.00,1.00,10.00,0.25000000,0.2500,-1.000000,true,NaN,circular,0.000014,0.250093,0.250000,Success,asym_0.5_-1
0.5000,-1.0000,1.00,1.00,10.00,49.49489743,0.5000,-0.010000,true,NaN,high_ecc_elliptic,0.119975,49.494897,0.532594,Success,asym_0.5_-1
0.5000,-1.0000,1.00,1.00,10.00,9.47213595,0.5000,-0.050000,true,NaN,high_ecc_elliptic,0.019518,9.472136,0.528544,Success,asym_0.5_-1
0.5000,-1.0000,1.00,1.00,10.00,4.43649167,0.5000,-0.100000,true,NaN,high_ecc_elliptic,0.007192,4.436492,0.587740,Success,asym_0.5_-1
0.5000,-1.0000,1.00,1.00,10.00,1.00000000,0.5000,-0.250000,true,NaN,circular,0.000000,1.000009,1.000000,Success,asym_0.5_-1
0.5000,-1.0000,1.00,1.00,10.00,47.91287847,1.0000,-0.010000,true,NaN,high_ecc_elliptic,0.000401,47.912878,2.088659,Success,asym_0.5_-1
0.5000,-1.0000,1.00,1.00,10.00,7.23606798,1.0000,-0.050000,true,NaN,moderate_ecc_elliptic,0.000022,7.236068,2.763945,Success,asym_0.5_-1
0.5000,-1.0000,1.00,1.00,10.00,40.00000000,2.0000,-0.010000,true,NaN,moderate_ecc_elliptic,0.000001,40.000000,10.000044,Success,asym_0.5_-1
0.5000,-1.0000,1.00,2.00,2.00,50.00000000,0.0000,-0.010000,true,NaN,high_ecc_elliptic,0.004923,50.000000,1.146601,Success,asym_0.5_-1
0.5000,-1.0000,1.00,2.00,2.00,10.00000000,0.0000,-0.050000,true,NaN,high_ecc_elliptic,0.503231,10.000000,0.254216,Success,asym_0.5_-1
0.5000,-1.0000,1.00,2.00,2.00,5.00000000,0.0000,-0.100000,false,NaN,unbound,7.464622,5.000000,0.156006,Success,asym_0.5_-1
0.5000,-1.0000,1.00,2.00,2.00,2.00000000,0.0000,-0.250000,false,NaN,failed,NaN,2.000000,0.056485,Failure,asym_0.5_-1
0.5000,-1.0000,1.00,2.00,2.00,1.00000000,0.0000,-0.500000,false,NaN,failed,NaN,1.000000,0.072531,Failure,asym_0.5_-1
0.5000,-1.0000,1.00,2.00,2.00,0.50000000,0.0000,-1.000000,false,NaN,failed,NaN,0.500000,0.056265,Failure,asym_0.5_-1
0.5000,-1.0000,1.00,2.00,2.00,49.90607356,0.2500,-0.010000,false,NaN,unbound,110.607964,49.906074,0.501706,Success,asym_0.5_-1
0.5000,-1.0000,1.00,2.00,2.00,9.90535422,0.2500,-0.050000,false,NaN,unbound,23.544905,9.905354,0.125270,Success,asym_0.5_-1
0.5000,-1.0000,1.00,2.00,2.00,4.90442301,0.2500,-0.100000,false,NaN,unbound,11.091985,4.904423,0.216746,Success,asym_0.5_-1
0.5000,-1.0000,1.00,2.00,2.00,1.90138782,0.2500,-0.250000,false,NaN,unbound,3.650163,1.901388,0.100537,Success,asym_0.5_-1
0.5000,-1.0000,1.00,2.00,2.00,0.89528471,0.2500,-0.500000,false,NaN,unbound,1.265458,0.895285,0.104940,Success,asym_0.5_-1
0.5000,-1.0000,1.00,2.00,2.00,0.37500000,0.2500,-1.000000,true,NaN,moderate_ecc_elliptic,0.187528,0.375000,0.125119,Success,asym_0.5_-1
0.5000,-1.0000,1.00,2.00,2.00,49.62214450,0.5000,-0.010000,true,NaN,high_ecc_elliptic,0.332093,49.622145,0.503952,Success,asym_0.5_-1
0.5000,-1.0000,1.00,2.00,2.00,9.60977223,0.5000,-0.050000,true,NaN,high_ecc_elliptic,0.056101,9.609772,0.393467,Success,asym_0.5_-1
0.5000,-1.0000,1.00,2.00,2.00,4.59165007,0.5000,-0.100000,true,NaN,high_ecc_elliptic,0.022183,4.591650,0.408602,Success,asym_0.5_-1
0.5000,-1.0000,1.00,2.00,2.00,1.50000000,0.5000,-0.250000,true,NaN,moderate_ecc_elliptic,0.003218,1.500000,0.500315,Success,asym_0.5_-1
0.5000,-1.0000,1.00,2.00,2.00,48.45207880,1.0000,-0.010000,true,NaN,high_ecc_elliptic,0.001036,48.452079,1.556173,Success,asym_0.5_-1
0.5000,-1.0000,1.00,2.00,2.00,8.16227766,1.0000,-0.050000,true,NaN,moderate_ecc_elliptic,0.000091,8.162278,1.837789,Success,asym_0.5_-1
0.5000,-1.0000,1.00,2.00,2.00,43.02775638,2.0000,-0.010000,true,NaN,high_ecc_elliptic,0.000002,43.027756,6.972564,Success,asym_0.5_-1
0.5000,-1.0000,1.00,2.00,4.00,50.00000000,0.0000,-0.010000,true,NaN,high_ecc_elliptic,0.005538,50.000000,1.020747,Success,asym_0.5_-1
0.5000,-1.0000,1.00,2.00,4.00,10.00000000,0.0000,-0.050000,true,NaN,high_ecc_elliptic,0.626000,10.000000,0.252258,Success,asym_0.5_-1
0.5000,-1.0000,1.00,2.00,4.00,5.00000000,0.0000,-0.100000,false,NaN,unbound,5.092573,5.000000,0.115462,Success,asym_0.5_-1
0.5000,-1.0000,1.00,2.00,4.00,2.00000000,0.0000,-0.250000,false,NaN,failed,NaN,2.000000,0.007763,Failure,asym_0.5_-1
0.5000,-1.0000,1.00,2.00,4.00,1.00000000,0.0000,-0.500000,false,17.290000,unbound,4207.736634,1.000000,0.013457,Success,asym_0.5_-1
0.5000,-1.0000,1.00,2.00,4.00,0.50000000,0.0000,-1.000000,false,NaN,failed,NaN,0.500000,0.054777,Failure,asym_0.5_-1
0.5000,-1.0000,1.00,2.00,4.00,49.90607356,0.2500,-0.010000,false,NaN,unbound,87.546823,49.906074,0.136637,Success,asym_0.5_-1
0.5000,-1.0000,1.00,2.00,4.00,9.90535422,0.2500,-0.050000,false,NaN,unbound,16.828352,9.905354,0.300209,Success,asym_0.5_-1
0.5000,-1.0000,1.00,2.00,4.00,4.90442301,0.2500,-0.100000,false,NaN,unbound,8.000276,4.904423,0.097209,Success,asym_0.5_-1
0.5000,-1.0000,1.00,2.00,4.00,1.90138782,0.2500,-0.250000,false,NaN,unbound,2.716722,1.901388,0.099152,Success,asym_0.5_-1
0.5000,-1.0000,1.00,2.00,4.00,0.89528471,0.2500,-0.500000,true,NaN,high_ecc_elliptic,0.996690,0.895285,0.104857,Success,asym_0.5_-1
0.5000,-1.0000,1.00,2.00,4.00,0.37500000,0.2500,-1.000000,true,NaN,moderate_ecc_elliptic,0.169072,0.375000,0.125106,Success,asym_0.5_-1
0.5000,-1.0000,1.00,2.00,4.00,49.62214450,0.5000,-0.010000,true,NaN,high_ecc_elliptic,0.297458,49.622145,0.380136,Success,asym_0.5_-1
0.5000,-1.0000,1.00,2.00,4.00,9.60977223,0.5000,-0.050000,true,NaN,high_ecc_elliptic,0.050942,9.609772,0.406239,Success,asym_0.5_-1
0.5000,-1.0000,1.00,2.00,4.00,4.59165007,0.5000,-0.100000,true,NaN,high_ecc_elliptic,0.020489,4.591650,0.408639,Success,asym_0.5_-1
0.5000,-1.0000,1.00,2.00,4.00,1.50000000,0.5000,-0.250000,true,NaN,moderate_ecc_elliptic,0.003131,1.500000,0.500009,Success,asym_0.5_-1
0.5000,-1.0000,1.00,2.00,4.00,48.45207880,1.0000,-0.010000,true,NaN,high_ecc_elliptic,0.001009,48.452079,1.548027,Success,asym_0.5_-1
0.5000,-1.0000,1.00,2.00,4.00,8.16227766,1.0000,-0.050000,true,NaN,moderate_ecc_elliptic,0.000090,8.162278,1.838010,Success,asym_0.5_-1
0.5000,-1.0000,1.00,2.00,4.00,43.02775638,2.0000,-0.010000,true,NaN,high_ecc_elliptic,0.000002,43.027756,6.972247,Success,asym_0.5_-1
0.5000,-1.0000,1.00,2.00,10.00,50.00000000,0.0000,-0.010000,true,NaN,high_ecc_elliptic,0.005791,50.000000,1.175304,Success,asym_0.5_-1
0.5000,-1.0000,1.00,2.00,10.00,10.00000000,0.0000,-0.050000,true,NaN,high_ecc_elliptic,0.853646,10.000000,0.229821,Success,asym_0.5_-1
0.5000,-1.0000,1.00,2.00,10.00,5.00000000,0.0000,-0.100000,false,NaN,unbound,7.951319,5.000000,0.109985,Success,asym_0.5_-1
0.5000,-1.0000,1.00,2.00,10.00,2.00000000,0.0000,-0.250000,false,NaN,failed,NaN,2.000000,0.046618,Failure,asym_0.5_-1
0.5000,-1.0000,1.00,2.00,10.00,1.00000000,0.0000,-0.500000,false,NaN,failed,NaN,1.000000,0.039817,Failure,asym_0.5_-1
0.5000,-1.0000,1.00,2.00,10.00,0.50000000,0.0000,-1.000000,false,NaN,failed,NaN,0.500000,0.035074,Failure,asym_0.5_-1
0.5000,-1.0000,1.00,2.00,10.00,49.90607356,0.2500,-0.010000,false,NaN,unbound,76.182438,49.906074,0.299737,Success,asym_0.5_-1
0.5000,-1.0000,1.00,2.00,10.00,9.90535422,0.2500,-0.050000,false,NaN,unbound,14.618048,9.905354,0.122401,Success,asym_0.5_-1
0.5000,-1.0000,1.00,2.00,10.00,4.90442301,0.2500,-0.100000,false,NaN,unbound,7.097092,4.904423,0.105126,Success,asym_0.5_-1
0.5000,-1.0000,1.00,2.00,10.00,1.90138782,0.2500,-0.250000,false,NaN,unbound,2.445417,1.901388,0.098814,Success,asym_0.5_-1
0.5000,-1.0000,1.00,2.00,10.00,0.89528471,0.2500,-0.500000,true,NaN,high_ecc_elliptic,0.919447,0.895285,0.105108,Success,asym_0.5_-1
0.5000,-1.0000,1.00,2.00,10.00,0.37500000,0.2500,-1.000000,true,NaN,moderate_ecc_elliptic,0.163854,0.375000,0.125105,Success,asym_0.5_-1
0.5000,-1.0000,1.00,2.00,10.00,49.62214450,0.5000,-0.010000,true,NaN,high_ecc_elliptic,0.287788,49.622145,0.412479,Success,asym_0.5_-1
0.5000,-1.0000,1.00,2.00,10.00,9.60977223,0.5000,-0.050000,true,NaN,high_ecc_elliptic,0.049489,9.609772,0.391974,Success,asym_0.5_-1
0.5000,-1.0000,1.00,2.00,10.00,4.59165007,0.5000,-0.100000,true,NaN,high_ecc_elliptic,0.020015,4.591650,0.408721,Success,asym_0.5_-1
0.5000,-1.0000,1.00,2.00,10.00,1.50000000,0.5000,-0.250000,true,NaN,moderate_ecc_elliptic,0.003106,1.500000,0.500012,Success,asym_0.5_-1
0.5000,-1.0000,1.00,2.00,10.00,48.45207880,1.0000,-0.010000,true,NaN,high_ecc_elliptic,0.001001,48.452079,1.549979,Success,asym_0.5_-1
0.5000,-1.0000,1.00,2.00,10.00,8.16227766,1.0000,-0.050000,true,NaN,moderate_ecc_elliptic,0.000090,8.162278,1.837776,Success,asym_0.5_-1
0.5000,-1.0000,1.00,2.00,10.00,43.02775638,2.0000,-0.010000,true,NaN,high_ecc_elliptic,0.000002,43.027756,6.972321,Success,asym_0.5_-1
0.5000,-1.0000,1.00,10.00,2.00,50.00000000,0.0000,-0.010000,true,NaN,moderate_ecc_elliptic,0.000000,50.000000,11.978991,Success,asym_0.5_-1
0.5000,-1.0000,1.00,10.00,2.00,10.00000000,0.0000,-0.050000,true,NaN,high_ecc_elliptic,0.366411,10.000000,0.520353,Success,asym_0.5_-1
0.5000,-1.0000,1.00,10.00,2.00,5.00000000,0.0000,-0.100000,false,NaN,unbound,2.755117,5.000000,0.087799,Success,asym_0.5_-1
0.5000,-1.0000,1.00,10.00,2.00,2.00000000,0.0000,-0.250000,false,NaN,unbound,923.263799,2.000000,0.022139,Success,asym_0.5_-1
0.5000,-1.0000,1.00,10.00,2.00,1.00000000,0.0000,-0.500000,false,NaN,failed,NaN,1.000000,0.053202,Failure,asym_0.5_-1
0.5000,-1.0000,1.00,10.00,2.00,0.50000000,0.0000,-1.000000,false,NaN,failed,NaN,0.500000,0.047017,Failure,asym_0.5_-1
0.5000,-1.0000,1.00,10.00,2.00,49.93115521,0.2500,-0.010000,true,NaN,moderate_ecc_elliptic,0.000000,49.931155,11.909848,Success,asym_0.5_-1
0.5000,-1.0000,1.00,10.00,2.00,9.93077073,0.2500,-0.050000,false,93.500000,unbound,60.354691,9.932310,0.316521,Success,asym_0.5_-1
0.5000,-1.0000,1.00,10.00,2.00,4.93027776,0.2500,-0.100000,false,81.750000,unbound,28.422353,4.930617,0.072448,Success,asym_0.5_-1
0.5000,-1.0000,1.00,10.00,2.00,1.92870878,0.2500,-0.250000,false,8.000000,unbound,10.058050,1.928721,0.072831,Success,asym_0.5_-1
0.5000,-1.0000,1.00,10.00,2.00,0.92573466,0.2500,-0.500000,false,NaN,unbound,3.911304,0.925735,0.089933,Success,asym_0.5_-1
0.5000,-1.0000,1.00,10.00,2.00,0.41770510,0.2500,-1.000000,false,NaN,unbound,1.063501,0.417705,0.082515,Success,asym_0.5_-1
0.5000,-1.0000,1.00,10.00,2.00,49.72347063,0.5000,-0.010000,true,NaN,moderate_ecc_elliptic,0.000000,49.723471,11.705008,Success,asym_0.5_-1
0.5000,-1.0000,1.00,10.00,2.00,9.71699057,0.5000,-0.050000,true,NaN,high_ecc_elliptic,0.150740,9.716991,0.415615,Success,asym_0.5_-1
0.5000,-1.0000,1.00,10.00,2.00,4.70794022,0.5000,-0.100000,true,NaN,high_ecc_elliptic,0.063985,4.707940,0.292074,Success,asym_0.5_-1
0.5000,-1.0000,1.00,10.00,2.00,1.67082039,0.5000,-0.250000,true,NaN,moderate_ecc_elliptic,0.013938,1.670820,0.329306,Success,asym_0.5_-1
0.5000,-1.0000,1.00,10.00,2.00,48.87467277,1.0000,-0.010000,true,NaN,moderate_ecc_elliptic,0.000000,48.874673,10.931810,Success,asym_0.5_-1
0.5000,-1.0000,1.00,10.00,2.00,8.74165739,1.0000,-0.050000,true,NaN,high_ecc_elliptic,0.000321,8.741657,1.258934,Success,asym_0.5_-1
0.5000,-1.0000,1.00,10.00,2.00,3.36602540,1.0000,-0.100000,true,NaN,moderate_ecc_elliptic,0.000045,3.366025,1.633987,Success,asym_0.5_-1
0.5000,-1.0000,1.00,10.00,2.00,45.12461180,2.0000,-0.010000,true,NaN,moderate_ecc_elliptic,0.000000,45.124612,9.165468,Success,asym_0.5_-1
0.5000,-1.0000,1.00,10.00,4.00,50.00000000,0.0000,-0.010000,true,NaN,moderate_ecc_elliptic,0.000000,50.000000,12.172026,Success,asym_0.5_-1
0.5000,-1.0000,1.00,10.00,4.00,10.00000000,0.0000,-0.050000,true,NaN,high_ecc_elliptic,0.499054,10.000000,0.242184,Success,asym_0.5_-1
0.5000,-1.0000,1.00,10.00,4.00,5.00000000,0.0000,-0.100000,false,66.500000,unbound,4.793611,5.000000,0.378186,Success,asym_0.5_-1
0.5000,-1.0000,1.00,10.00,4.00,2.00000000,0.0000,-0.250000,false,NaN,unbound,108.276726,2.000000,0.025569,Success,asym_0.5_-1
0.5000,-1.0000,1.00,10.00,4.00,1.00000000,0.0000,-0.500000,false,NaN,failed,NaN,1.000000,0.047041,Failure,asym_0.5_-1
0.5000,-1.0000,1.00,10.00,4.00,0.50000000,0.0000,-1.000000,false,NaN,failed,NaN,0.500000,0.021777,Failure,asym_0.5_-1
0.5000,-1.0000,1.00,10.00,4.00,49.93115521,0.2500,-0.010000,true,NaN,moderate_ecc_elliptic,0.000000,49.931155,12.103330,Success,asym_0.5_-1
0.5000,-1.0000,1.00,10.00,4.00,9.93077073,0.2500,-0.050000,false,NaN,unbound,43.301991,9.930771,0.083121,Success,asym_0.5_-1
0.5000,-1.0000,1.00,10.00,4.00,4.93027776,0.2500,-0.100000,false,NaN,unbound,20.866263,4.930278,0.075178,Success,asym_0.5_-1
0.5000,-1.0000,1.00,10.00,4.00,1.92870878,0.2500,-0.250000,false,NaN,unbound,7.402862,1.928709,0.072032,Success,asym_0.5_-1
0.5000,-1.0000,1.00,10.00,4.00,0.92573466,0.2500,-0.500000,false,NaN,unbound,3.000101,0.925735,0.074476,Success,asym_0.5_-1
0.5000,-1.0000,1.00,10.00,4.00,0.41770510,0.2500,-1.000000,true,NaN,moderate_ecc_elliptic,0.889622,0.417705,0.082476,Success,asym_0.5_-1
0.5000,-1.0000,1.00,10.00,4.00,49.72347063,0.5000,-0.010000,true,NaN,moderate_ecc_elliptic,0.000000,49.723471,11.899764,Success,asym_0.5_-1
0.5000,-1.0000,1.00,10.00,4.00,9.71699057,0.5000,-0.050000,true,NaN,high_ecc_elliptic,0.136256,9.716991,0.283093,Success,asym_0.5_-1
0.5000,-1.0000,1.00,10.00,4.00,4.70794022,0.5000,-0.100000,true,NaN,high_ecc_elliptic,0.058562,4.707940,0.292304,Success,asym_0.5_-1
0.5000,-1.0000,1.00,10.00,4.00,1.67082039,0.5000,-0.250000,true,NaN,moderate_ecc_elliptic,0.013250,1.670820,0.329206,Success,asym_0.5_-1
0.5000,-1.0000,1.00,10.00,4.00,48.87467277,1.0000,-0.010000,true,NaN,moderate_ecc_elliptic,0.000000,48.874673,11.130398,Success,asym_0.5_-1
0.5000,-1.0000,1.00,10.00,4.00,8.74165739,1.0000,-0.050000,true,NaN,high_ecc_elliptic,0.000316,8.741657,1.258344,Success,asym_0.5_-1
0.5000,-1.0000,1.00,10.00,4.00,3.36602540,1.0000,-0.100000,true,NaN,moderate_ecc_elliptic,0.000045,3.366025,1.633979,Success,asym_0.5_-1
0.5000,-1.0000,1.00,10.00,4.00,45.12461180,2.0000,-0.010000,true,NaN,moderate_ecc_elliptic,0.000000,45.124612,9.337799,Success,asym_0.5_-1
0.5000,-1.0000,1.00,10.00,10.00,50.00000000,0.0000,-0.010000,true,NaN,moderate_ecc_elliptic,0.000000,50.000000,12.225599,Success,asym_0.5_-1
0.5000,-1.0000,1.00,10.00,10.00,10.00000000,0.0000,-0.050000,true,NaN,high_ecc_elliptic,0.636014,10.000000,0.201057,Success,asym_0.5_-1
0.5000,-1.0000,1.00,10.00,10.00,5.00000000,0.0000,-0.100000,false,NaN,unbound,5.358637,5.000000,0.124858,Success,asym_0.5_-1
0.5000,-1.0000,1.00,10.00,10.00,2.00000000,0.0000,-0.250000,false,NaN,failed,NaN,2.000000,0.043020,Failure,asym_0.5_-1
0.5000,-1.0000,1.00,10.00,10.00,1.00000000,0.0000,-0.500000,false,NaN,failed,NaN,1.000000,0.042772,Failure,asym_0.5_-1
0.5000,-1.0000,1.00,10.00,10.00,0.50000000,0.0000,-1.000000,false,NaN,failed,NaN,0.500000,0.038372,Failure,asym_0.5_-1
0.5000,-1.0000,1.00,10.00,10.00,49.93115521,0.2500,-0.010000,true,NaN,moderate_ecc_elliptic,0.000000,49.931155,12.157026,Success,asym_0.5_-1
0.5000,-1.0000,1.00,10.00,10.00,9.93077073,0.2500,-0.050000,false,NaN,unbound,38.140537,9.930771,0.071554,Success,asym_0.5_-1
0.5000,-1.0000,1.00,10.00,10.00,4.93027776,0.2500,-0.100000,false,NaN,unbound,18.442270,4.930278,0.074942,Success,asym_0.5_-1
0.5000,-1.0000,1.00,10.00,10.00,1.92870878,0.2500,-0.250000,false,NaN,unbound,6.631079,1.928709,0.071733,Success,asym_0.5_-1
0.5000,-1.0000,1.00,10.00,10.00,0.92573466,0.2500,-0.500000,false,NaN,unbound,2.728444,0.925735,0.074453,Success,asym_0.5_-1
0.5000,-1.0000,1.00,10.00,10.00,0.41770510,0.2500,-1.000000,true,NaN,moderate_ecc_elliptic,0.839123,0.417705,0.082465,Success,asym_0.5_-1
0.5000,-1.0000,1.00,10.00,10.00,49.72347063,0.5000,-0.010000,true,NaN,moderate_ecc_elliptic,0.000000,49.723471,11.953808,Success,asym_0.5_-1
0.5000,-1.0000,1.00,10.00,10.00,9.71699057,0.5000,-0.050000,true,NaN,high_ecc_elliptic,0.132201,9.716991,0.283136,Success,asym_0.5_-1
0.5000,-1.0000,1.00,10.00,10.00,4.70794022,0.5000,-0.100000,true,NaN,high_ecc_elliptic,0.057043,4.707940,0.292347,Success,asym_0.5_-1
0.5000,-1.0000,1.00,10.00,10.00,1.67082039,0.5000,-0.250000,true,NaN,moderate_ecc_elliptic,0.013058,1.670820,0.329200,Success,asym_0.5_-1
0.5000,-1.0000,1.00,10.00,10.00,48.87467277,1.0000,-0.010000,true,NaN,moderate_ecc_elliptic,0.000000,48.874673,11.185492,Success,asym_0.5_-1
0.5000,-1.0000,1.00,10.00,10.00,8.74165739,1.0000,-0.050000,true,NaN,high_ecc_elliptic,0.000314,8.741657,1.258348,Success,asym_0.5_-1
0.5000,-1.0000,1.00,10.00,10.00,3.36602540,1.0000,-0.100000,true,NaN,moderate_ecc_elliptic,0.000045,3.366025,1.633979,Success,asym_0.5_-1
0.5000,-1.0000,1.00,10.00,10.00,45.12461180,2.0000,-0.010000,true,NaN,moderate_ecc_elliptic,0.000000,45.124612,9.385861,Success,asym_0.5_-1
